{"variants":{"distance=7,persistent=true":[{"model":"block/azalea_leaves"},{"model":"block/azalea_leaves1"}],"distance=1,persistent=true":[{"model":"custom/misc_blocks/leaves/frosted_spruce_leaves/frosted_spruce_leaves"},{"model":"custom/misc_blocks/leaves/frosted_spruce_leaves/frosted_spruce_leaves1"}],"distance=2,persistent=true":[{"model":"custom/misc_blocks/leaves/fir_leaves/fir_leaves_orange"},{"model":"custom/misc_blocks/leaves/fir_leaves/fir_leaves1_orange"}],"distance=3,persistent=true":[{"model":"custom/misc_blocks/leaves/fir_leaves/fir_leaves_green"},{"model":"custom/misc_blocks/leaves/fir_leaves/fir_leaves1_green"}],"distance=4,persistent=true":[{"model":"custom/misc_blocks/leaves/maple_leaves/maple_leaves_orange"},{"model":"custom/misc_blocks/leaves/maple_leaves/maple_leaves1_orange"}],"distance=5,persistent=true":[{"model":"custom/misc_blocks/leaves/maple_leaves/maple_leaves_red"},{"model":"custom/misc_blocks/leaves/maple_leaves/maple_leaves1_red"}],"distance=1,persistent=false":[{"model":"custom/misc_blocks/leaves/wisteria_leaves/wisteria_flowers_purple"},{"model":"custom/misc_blocks/leaves/wisteria_leaves/wisteria_flowers1_purple"}],"distance=2,persistent=false":[{"model":"custom/misc_blocks/leaves/wisteria_leaves/wisteria_flowers_blue"},{"model":"custom/misc_blocks/leaves/wisteria_leaves/wisteria_flowers1_blue"}],"distance=3,persistent=false":[{"model":"custom/misc_blocks/leaves/wisteria_leaves/wisteria_flowers_pink"},{"model":"custom/misc_blocks/leaves/wisteria_leaves/wisteria_flowers1_pink"}],"distance=4,persistent=false":[{"model":"custom/misc_blocks/leaves/wisteria_leaves/wisteria_flowers_white"},{"model":"custom/misc_blocks/leaves/wisteria_leaves/wisteria_flowers1_white"}],"distance=5,persistent=false":[{"model":"custom/misc_blocks/leaves/bleak_leaves/bleak_leaves"},{"model":"custom/misc_blocks/leaves/bleak_leaves/bleak_leaves1"}]}}