{"variants":{"facing=east,half=lower":{"model":"minecraft:custom/plants/tall_grimweed_bottom"},"facing=east,half=upper":{"model":"minecraft:custom/plants/tall_grimweed_top"},"facing=north,half=lower":[{"model":"minecraft:block/small_dripleaf_bottom"},{"model":"minecraft:block/small_dripleaf_bottom","y":90},{"model":"minecraft:block/small_dripleaf_bottom","y":180},{"model":"minecraft:block/small_dripleaf_bottom","y":270}],"facing=north,half=upper":[{"model":"minecraft:block/small_dripleaf_top"},{"model":"minecraft:block/small_dripleaf_top","y":90},{"model":"minecraft:block/small_dripleaf_top","y":180},{"model":"minecraft:block/small_dripleaf_top","y":270}],"facing=south,half=lower":{"model":"minecraft:custom/plants/grimweed"},"facing=south,half=upper":{"model":"minecraft:custom/plants/pale_grimweed"},"facing=west,half=lower":{"model":"minecraft:custom/plants/tall_pale_grimweed_bottom"},"facing=west,half=upper":{"model":"minecraft:custom/plants/tall_pale_grimweed_top"}}}