{"providers":[{"type":"bitmap","file":"custom/ui/pixel_split.png","ascent":0,"height":0,"chars":["‌"]},{"type":"space","advances":{" ":4,"":1,"":-202,"":-140,"":140,"":-51}},{"type":"bitmap","file":"item/diamond_helmet.png","ascent":8,"height":8,"chars":["ꈁ"]},{"type":"bitmap","file":"item/diamond_chestplate.png","ascent":8,"height":8,"chars":["ꈂ"]},{"type":"bitmap","file":"item/diamond_leggings.png","ascent":8,"height":8,"chars":["ꈃ"]},{"type":"bitmap","file":"item/diamond_boots.png","ascent":8,"height":8,"chars":["ꈄ"]},{"type":"bitmap","file":"item/diamond_sword.png","ascent":8,"height":8,"chars":["ꈅ"]},{"type":"bitmap","file":"item/diamond_pickaxe.png","ascent":8,"height":8,"chars":["ꈆ"]},{"type":"bitmap","file":"item/diamond_shovel.png","ascent":8,"height":8,"chars":["ꈇ"]},{"type":"bitmap","file":"item/diamond_axe.png","ascent":8,"height":8,"chars":["ꈈ"]},{"type":"bitmap","file":"item/diamond_hoe.png","ascent":8,"height":8,"chars":["ꈉ"]},{"type":"bitmap","file":"item/bow.png","ascent":8,"height":8,"chars":["ꈊ"]},{"type":"bitmap","file":"item/elytra.png","ascent":8,"height":8,"chars":["ꈋ"]},{"type":"bitmap","file":"item/crossbow_arrow.png","ascent":8,"height":8,"chars":["ꈌ"]},{"type":"bitmap","file":"item/fishing_rod.png","ascent":8,"height":8,"chars":["ꈍ"]},{"type":"bitmap","file":"item/trident.png","ascent":8,"height":8,"chars":["ꈎ"]},{"type":"bitmap","file":"item/shears.png","ascent":8,"height":8,"chars":["ꈏ"]},{"type":"bitmap","file":"custom/misc_items/spear.png","ascent":8,"height":8,"chars":["ꈐ"]},{"type":"bitmap","file":"item/iron_shovel.png","ascent":8,"height":8,"chars":["ꈑ"]},{"type":"bitmap","file":"item/golden_shovel.png","ascent":8,"height":8,"chars":["ꈒ"]},{"type":"bitmap","file":"custom/minerals/platinum/platinum_shovel.png","ascent":8,"height":8,"chars":["ꈓ"]},{"type":"bitmap","file":"custom/custom_gear/shadow_gear/shadow_shovel.png","ascent":8,"height":8,"chars":["ꈔ"]},{"type":"bitmap","file":"custom/custom_gear/legendary_gear/legendary_shovel.png","ascent":8,"height":8,"chars":["ꈕ"]},{"type":"bitmap","file":"item/wooden_axe.png","ascent":8,"height":8,"chars":["ꈖ"]},{"type":"bitmap","file":"item/stone_axe.png","ascent":8,"height":8,"chars":["ꈗ"]},{"type":"bitmap","file":"item/iron_axe.png","ascent":8,"height":8,"chars":["ꈘ"]},{"type":"bitmap","file":"item/golden_axe.png","ascent":8,"height":8,"chars":["ꈙ"]},{"type":"bitmap","file":"custom/minerals/platinum/platinum_axe.png","ascent":8,"height":8,"chars":["ꈚ"]},{"type":"bitmap","file":"custom/custom_gear/shadow_gear/shadow_axe.png","ascent":8,"height":8,"chars":["ꈛ"]},{"type":"bitmap","file":"custom/custom_gear/legendary_gear/legendary_axe.png","ascent":8,"height":8,"chars":["ꈜ"]},{"type":"bitmap","file":"item/wooden_hoe.png","ascent":8,"height":8,"chars":["ꈝ"]},{"type":"bitmap","file":"item/stone_hoe.png","ascent":8,"height":8,"chars":["ꈞ"]},{"type":"bitmap","file":"item/iron_hoe.png","ascent":8,"height":8,"chars":["ꈟ"]},{"type":"bitmap","file":"item/golden_hoe.png","ascent":8,"height":8,"chars":["ꈠ"]},{"type":"bitmap","file":"custom/minerals/platinum/platinum_hoe.png","ascent":8,"height":8,"chars":["ꈡ"]},{"type":"bitmap","file":"custom/custom_gear/shadow_gear/shadow_hoe.png","ascent":8,"height":8,"chars":["ꈢ"]},{"type":"bitmap","file":"custom/custom_gear/legendary_gear/legendary_hoe.png","ascent":8,"height":8,"chars":["ꈣ"]},{"type":"bitmap","file":"item/wooden_pickaxe.png","ascent":8,"height":8,"chars":["ꈤ"]},{"type":"bitmap","file":"item/stone_pickaxe.png","ascent":8,"height":8,"chars":["ꈥ"]},{"type":"bitmap","file":"item/iron_pickaxe.png","ascent":8,"height":8,"chars":["ꈦ"]},{"type":"bitmap","file":"item/golden_pickaxe.png","ascent":8,"height":8,"chars":["ꈧ"]},{"type":"bitmap","file":"custom/minerals/platinum/platinum_pickaxe.png","ascent":8,"height":8,"chars":["ꈨ"]},{"type":"bitmap","file":"custom/custom_gear/shadow_gear/shadow_pickaxe.png","ascent":8,"height":8,"chars":["ꈩ"]},{"type":"bitmap","file":"custom/custom_gear/legendary_gear/legendary_pickaxe.png","ascent":8,"height":8,"chars":["ꈪ"]},{"type":"bitmap","file":"item/wooden_sword.png","ascent":8,"height":8,"chars":["ꈫ"]},{"type":"bitmap","file":"item/stone_sword.png","ascent":8,"height":8,"chars":["ꈬ"]},{"type":"bitmap","file":"item/iron_sword.png","ascent":8,"height":8,"chars":["ꈭ"]},{"type":"bitmap","file":"item/golden_sword.png","ascent":8,"height":8,"chars":["ꈮ"]},{"type":"bitmap","file":"custom/minerals/platinum/platinum_sword.png","ascent":8,"height":8,"chars":["ꈯ"]},{"type":"bitmap","file":"custom/custom_gear/shadow_gear/shadow_sword.png","ascent":8,"height":8,"chars":["ꈰ"]},{"type":"bitmap","file":"custom/custom_gear/legendary_gear/legendary_sword.png","ascent":8,"height":8,"chars":["ꈱ"]},{"type":"bitmap","file":"custom/custom_gear/legendary_gear/legendary_bow.png","ascent":8,"height":8,"chars":["ꈲ"]},{"type":"bitmap","file":"custom/custom_gear/shield.png","ascent":8,"height":8,"chars":["ꈳ"]},{"type":"bitmap","file":"custom/custom_gear/legendary_gear/legendary_shield.png","ascent":8,"height":8,"chars":["ꈴ"]},{"type":"bitmap","file":"custom/custom_gear/ancient_pickaxe.png","ascent":8,"height":8,"chars":["ꈵ"]},{"type":"bitmap","file":"item/netherite_sword.png","ascent":8,"height":8,"chars":["ꈶ"]},{"type":"bitmap","file":"item/netherite_shovel.png","ascent":8,"height":8,"chars":["ꈷ"]},{"type":"bitmap","file":"item/netherite_hoe.png","ascent":8,"height":8,"chars":["ꈸ"]},{"type":"bitmap","file":"item/netherite_pickaxe.png","ascent":8,"height":8,"chars":["ꈹ"]},{"type":"bitmap","file":"item/netherite_axe.png","ascent":8,"height":8,"chars":["ꈺ"]},{"type":"bitmap","file":"custom/custom_gear/toxic_gear/toxic_pickaxe.png","ascent":8,"height":8,"chars":["ꈻ"]},{"type":"bitmap","file":"custom/custom_gear/toxic_gear/toxic_sword.png","ascent":8,"height":8,"chars":["ꈼ"]},{"type":"bitmap","file":"custom/custom_gear/toxic_gear/toxic_shovel.png","ascent":8,"height":8,"chars":["ꈽ"]},{"type":"bitmap","file":"custom/custom_gear/toxic_gear/toxic_hoe.png","ascent":8,"height":8,"chars":["ꈾ"]},{"type":"bitmap","file":"custom/custom_gear/toxic_gear/toxic_axe.png","ascent":8,"height":8,"chars":["ꈿ"]},{"type":"bitmap","file":"custom/minerals/platinum/platinum_bow.png","ascent":8,"height":8,"chars":["ꉀ"]},{"type":"bitmap","file":"custom/custom_gear/spirit_gear/spirit_pickaxe.png","ascent":8,"height":8,"chars":["ꉁ"]},{"type":"bitmap","file":"custom/custom_gear/spirit_gear/spirit_sword.png","ascent":8,"height":8,"chars":["ꉂ"]},{"type":"bitmap","file":"custom/custom_gear/spirit_gear/spirit_shovel.png","ascent":8,"height":8,"chars":["ꉃ"]},{"type":"bitmap","file":"custom/custom_gear/spirit_gear/spirit_hoe.png","ascent":8,"height":8,"chars":["ꉄ"]},{"type":"bitmap","file":"custom/custom_gear/spirit_gear/spirit_axe.png","ascent":8,"height":8,"chars":["ꉅ"]},{"type":"bitmap","file":"custom/custom_gear/spirit_gear/spirit_bow.png","ascent":8,"height":8,"chars":["ꉆ"]},{"type":"bitmap","file":"item/stone_shovel.png","ascent":8,"height":8,"chars":["ꉇ"]},{"type":"bitmap","file":"custom_ui/dialogue/dialogue_border_secret_intel.png","ascent":6,"height":68,"chars":["ꌀ"]},{"type":"bitmap","file":"custom_ui/dialogue/dialogue_border.png","ascent":6,"height":50,"chars":["ꌁ"]},{"type":"bitmap","file":"custom_ui/dialogue/dialogue_border_quest_offer.png","ascent":6,"height":68,"chars":["ꌂ"]},{"type":"bitmap","file":"custom_ui/dialogue/quest_started.png","ascent":6,"height":50,"chars":["ꌃ"]},{"type":"bitmap","file":"custom_ui/dialogue/quest_objective.png","ascent":6,"height":50,"chars":["ꌄ"]},{"type":"bitmap","file":"custom_ui/dialogue/quest_complete.png","ascent":6,"height":50,"chars":["ꌅ"]},{"type":"bitmap","file":"custom_ui/dialogue/arthur.png","ascent":2,"height":42,"chars":["ꌆ"]},{"type":"bitmap","file":"custom_ui/dialogue/peanut.png","ascent":2,"height":42,"chars":["ꌇ"]},{"type":"bitmap","file":"custom_ui/dialogue/boulder.png","ascent":2,"height":42,"chars":["ꌈ"]},{"type":"bitmap","file":"custom_ui/dialogue/conductor-carlo.png","ascent":2,"height":42,"chars":["ꌉ"]},{"type":"bitmap","file":"custom_ui/dialogue/jacko.png","ascent":2,"height":42,"chars":["ꌋ"]},{"type":"bitmap","file":"custom_ui/dialogue/phineas.png","ascent":2,"height":42,"chars":["ꌌ"]},{"type":"bitmap","file":"custom_ui/dialogue/robit.png","ascent":2,"height":42,"chars":["ꌍ"]},{"type":"bitmap","file":"custom_ui/dialogue/rusty.png","ascent":2,"height":42,"chars":["ꌎ"]},{"type":"bitmap","file":"custom_ui/dialogue/scientist.png","ascent":2,"height":42,"chars":["ꌏ"]},{"type":"bitmap","file":"custom_ui/dialogue/sporent.png","ascent":2,"height":42,"chars":["ꌐ"]},{"type":"bitmap","file":"custom_ui/dialogue/traveller.png","ascent":2,"height":42,"chars":["ꌑ"]},{"type":"bitmap","file":"custom_ui/dialogue/otis.png","ascent":2,"height":42,"chars":["ꌒ"]},{"type":"bitmap","file":"custom_ui/dialogue/razor.png","ascent":2,"height":42,"chars":["ꌓ"]},{"type":"bitmap","file":"custom_ui/dialogue/twiggy.png","ascent":2,"height":42,"chars":["ꌔ"]},{"type":"bitmap","file":"custom_ui/dialogue/betty.png","ascent":2,"height":42,"chars":["ꌕ"]},{"type":"bitmap","file":"custom_ui/dialogue/lupus.png","ascent":2,"height":42,"chars":["ꌖ"]},{"type":"bitmap","file":"custom_ui/dialogue/erik.png","ascent":2,"height":42,"chars":["ꌗ"]},{"type":"bitmap","file":"custom_ui/dialogue/banker.png","ascent":2,"height":42,"chars":["ꌘ"]},{"type":"bitmap","file":"custom_ui/dialogue/lily.png","ascent":2,"height":42,"chars":["ꌙ"]},{"type":"bitmap","file":"custom_ui/dialogue/dwight.png","ascent":2,"height":42,"chars":["ꌚ"]},{"type":"bitmap","file":"custom_ui/dialogue/mayor.png","ascent":2,"height":42,"chars":["ꌛ"]},{"type":"bitmap","file":"custom_ui/dialogue/rick.png","ascent":2,"height":42,"chars":["ꌜ"]},{"type":"bitmap","file":"custom_ui/dialogue/fab.png","ascent":2,"height":42,"chars":["ꌝ"]},{"type":"bitmap","file":"custom_ui/dialogue/pebble.png","ascent":2,"height":42,"chars":["ꌞ"]},{"type":"bitmap","file":"custom_ui/dialogue/jackson.png","ascent":2,"height":42,"chars":["ꌟ"]},{"type":"bitmap","file":"custom_ui/dialogue/bob.png","ascent":2,"height":42,"chars":["ꌠ"]},{"type":"bitmap","file":"custom_ui/dialogue/ruby.png","ascent":2,"height":42,"chars":["ꌡ"]},{"type":"bitmap","file":"custom_ui/dialogue/stanley.png","ascent":2,"height":42,"chars":["ꌢ"]},{"type":"bitmap","file":"custom_ui/dialogue/cosmo.png","ascent":2,"height":42,"chars":["ꌣ"]},{"type":"bitmap","file":"custom_ui/dialogue/guard-maximus.png","ascent":2,"height":42,"chars":["ꌤ"]},{"type":"bitmap","file":"custom_ui/dialogue/guard-octavius.png","ascent":2,"height":42,"chars":["ꌥ"]},{"type":"bitmap","file":"custom_ui/dialogue/auctioneer.png","ascent":2,"height":42,"chars":["ꌦ"]},{"type":"bitmap","file":"custom_ui/dialogue/alice.png","ascent":2,"height":42,"chars":["ꌧ"]},{"type":"bitmap","file":"custom_ui/dialogue/zari.png","ascent":2,"height":42,"chars":["ꌨ"]},{"type":"bitmap","file":"custom_ui/dialogue/mason.png","ascent":2,"height":42,"chars":["ꌩ"]},{"type":"bitmap","file":"custom_ui/dialogue/sabrine.png","ascent":2,"height":42,"chars":["ꌪ"]},{"type":"bitmap","file":"custom_ui/dialogue/bree.png","ascent":2,"height":42,"chars":["ꌫ"]},{"type":"bitmap","file":"custom_ui/dialogue/dawn.png","ascent":2,"height":42,"chars":["ꌬ"]},{"type":"bitmap","file":"custom_ui/dialogue/brad.png","ascent":2,"height":42,"chars":["ꌭ"]},{"type":"bitmap","file":"custom_ui/dialogue/pixie.png","ascent":2,"height":42,"chars":["ꌮ"]},{"type":"bitmap","file":"custom_ui/dialogue/durk.png","ascent":2,"height":42,"chars":["ꌯ"]},{"type":"bitmap","file":"custom_ui/dialogue/kristoff.png","ascent":2,"height":42,"chars":["ꌰ"]},{"type":"bitmap","file":"custom_ui/dialogue/jasmine.png","ascent":2,"height":42,"chars":["ꌱ"]},{"type":"bitmap","file":"custom_ui/dialogue/richard.png","ascent":2,"height":42,"chars":["ꌲ"]},{"type":"bitmap","file":"custom_ui/dialogue/ricardo.png","ascent":2,"height":42,"chars":["ꌳ"]},{"type":"bitmap","file":"custom_ui/dialogue/jemma.png","ascent":2,"height":42,"chars":["ꌴ"]},{"type":"bitmap","file":"custom_ui/dialogue/hedley.png","ascent":2,"height":42,"chars":["ꌵ"]},{"type":"bitmap","file":"custom_ui/dialogue/bill.png","ascent":2,"height":42,"chars":["ꌶ"]},{"type":"bitmap","file":"custom_ui/dialogue/ribston.png","ascent":2,"height":42,"chars":["ꌷ"]},{"type":"bitmap","file":"custom_ui/dialogue/martin.png","ascent":2,"height":42,"chars":["ꌸ"]},{"type":"bitmap","file":"custom_ui/dialogue/avery.png","ascent":2,"height":42,"chars":["ꌹ"]},{"type":"bitmap","file":"custom_ui/dialogue/tyler.png","ascent":2,"height":42,"chars":["ꌺ"]},{"type":"bitmap","file":"custom_ui/dialogue/vanessa.png","ascent":2,"height":42,"chars":["ꌻ"]},{"type":"bitmap","file":"custom_ui/dialogue/gardener-aster.png","ascent":2,"height":42,"chars":["ꌼ"]},{"type":"bitmap","file":"custom_ui/dialogue/paula.png","ascent":2,"height":42,"chars":["ꌽ"]},{"type":"bitmap","file":"custom_ui/dialogue/mrs-zamora.png","ascent":2,"height":42,"chars":["ꌾ"]},{"type":"bitmap","file":"custom_ui/dialogue/abram.png","ascent":2,"height":42,"chars":["ꌿ"]},{"type":"bitmap","file":"custom_ui/dialogue/leroy.png","ascent":2,"height":42,"chars":["ꍀ"]},{"type":"bitmap","file":"custom_ui/dialogue/pierre.png","ascent":2,"height":42,"chars":["ꍁ"]},{"type":"bitmap","file":"custom_ui/dialogue/scout-russel.png","ascent":2,"height":42,"chars":["ꍂ"]},{"type":"bitmap","file":"custom_ui/dialogue/scout-fern.png","ascent":2,"height":42,"chars":["ꍃ"]},{"type":"bitmap","file":"custom_ui/dialogue/valdon.png","ascent":2,"height":42,"chars":["ꍄ"]},{"type":"bitmap","file":"custom_ui/dialogue/jamal.png","ascent":2,"height":42,"chars":["ꍅ"]},{"type":"bitmap","file":"custom_ui/dialogue/trevor.png","ascent":2,"height":42,"chars":["ꍆ"]},{"type":"bitmap","file":"custom_ui/dialogue/knuckles.png","ascent":2,"height":42,"chars":["ꍇ"]},{"type":"bitmap","file":"custom_ui/dialogue/ginger.png","ascent":2,"height":42,"chars":["ꍈ"]},{"type":"bitmap","file":"custom_ui/dialogue/violetta.png","ascent":2,"height":42,"chars":["ꍉ"]},{"type":"bitmap","file":"custom_ui/dialogue/louis.png","ascent":2,"height":42,"chars":["ꍊ"]},{"type":"bitmap","file":"custom_ui/dialogue/bondi.png","ascent":2,"height":42,"chars":["ꍋ"]},{"type":"bitmap","file":"custom_ui/dialogue/chef-pedro.png","ascent":2,"height":42,"chars":["ꍌ"]},{"type":"bitmap","file":"custom_ui/dialogue/lulu.png","ascent":2,"height":42,"chars":["ꍍ"]},{"type":"bitmap","file":"custom_ui/dialogue/worker-marcel.png","ascent":2,"height":42,"chars":["ꍎ"]},{"type":"bitmap","file":"custom_ui/dialogue/conductor-gino.png","ascent":2,"height":42,"chars":["ꍏ"]},{"type":"bitmap","file":"custom_ui/dialogue/janitor-zain.png","ascent":2,"height":42,"chars":["ꍐ"]},{"type":"bitmap","file":"custom_ui/dialogue/james.png","ascent":2,"height":42,"chars":["ꍑ"]},{"type":"bitmap","file":"custom_ui/dialogue/scout-leah.png","ascent":2,"height":42,"chars":["ꍒ"]},{"type":"bitmap","file":"custom_ui/dialogue/conductor-marco.png","ascent":2,"height":42,"chars":["ꍓ"]},{"type":"bitmap","file":"custom_ui/dialogue/conductor-antonio.png","ascent":2,"height":42,"chars":["ꍔ"]},{"type":"bitmap","file":"custom_ui/dialogue/gorf.png","ascent":2,"height":42,"chars":["ꍕ"]},{"type":"bitmap","file":"custom_ui/dialogue/sarah.png","ascent":2,"height":42,"chars":["ꍖ"]},{"type":"bitmap","file":"custom_ui/dialogue/0r_bit_orange.png","ascent":2,"height":42,"chars":["ꍗ"]},{"type":"bitmap","file":"custom_ui/dialogue/jason.png","ascent":2,"height":42,"chars":["ꍘ"]},{"type":"bitmap","file":"custom_ui/dialogue/maxine.png","ascent":2,"height":42,"chars":["ꍙ"]},{"type":"bitmap","file":"custom_ui/dialogue/nelly.png","ascent":2,"height":42,"chars":["ꍚ"]},{"type":"bitmap","file":"custom_ui/dialogue/bruce.png","ascent":2,"height":42,"chars":["ꍛ"]},{"type":"bitmap","file":"custom_ui/dialogue/dizzy.png","ascent":2,"height":42,"chars":["ꍜ"]},{"type":"bitmap","file":"custom_ui/dialogue/ingus.png","ascent":2,"height":42,"chars":["ꍝ"]},{"type":"bitmap","file":"custom_ui/dialogue/bartender-ronnie.png","ascent":2,"height":42,"chars":["ꍞ"]},{"type":"bitmap","file":"custom_ui/dialogue/clay.png","ascent":2,"height":42,"chars":["ꍟ"]},{"type":"bitmap","file":"custom_ui/dialogue/bolt.png","ascent":2,"height":42,"chars":["ꍠ"]},{"type":"bitmap","file":"custom_ui/dialogue/witch-hazel.png","ascent":2,"height":42,"chars":["ꍡ"]},{"type":"bitmap","file":"custom_ui/dialogue/captain-walrus.png","ascent":2,"height":42,"chars":["ꍢ"]},{"type":"bitmap","file":"custom_ui/dialogue/doris.png","ascent":2,"height":42,"chars":["ꍣ"]},{"type":"bitmap","file":"custom_ui/dialogue/augustus.png","ascent":2,"height":42,"chars":["ꍤ"]},{"type":"bitmap","file":"custom_ui/dialogue/jeckyl.png","ascent":2,"height":42,"chars":["ꍥ"]},{"type":"bitmap","file":"custom_ui/dialogue/worker-shane.png","ascent":2,"height":42,"chars":["ꍦ"]},{"type":"bitmap","file":"custom_ui/dialogue/ernie.png","ascent":2,"height":42,"chars":["ꍧ"]},{"type":"bitmap","file":"custom_ui/dialogue/nulla.png","ascent":2,"height":42,"chars":["ꍨ"]},{"type":"bitmap","file":"custom_ui/dialogue/orbit-love.png","ascent":2,"height":42,"chars":["ꍩ"]},{"type":"bitmap","file":"custom_ui/dialogue/manager_crane.png","ascent":2,"height":42,"chars":["ꍰ"]},{"type":"bitmap","file":"custom_ui/dialogue/worker_emily.png","ascent":2,"height":42,"chars":["ꍱ"]},{"type":"bitmap","file":"custom_ui/dialogue/jaden.png","ascent":2,"height":42,"chars":["ꍲ"]},{"type":"bitmap","file":"custom_ui/dialogue/peanut_angry.png","ascent":2,"height":42,"chars":["ꍳ"]},{"type":"bitmap","file":"custom_ui/dialogue/captain_baron.png","ascent":2,"height":42,"chars":["ꍴ"]},{"type":"bitmap","file":"custom_ui/dialogue/hoppers.png","ascent":2,"height":42,"chars":["ꍵ"]},{"type":"bitmap","file":"custom_ui/dialogue/wumpus.png","ascent":2,"height":42,"chars":["ꍶ"]},{"type":"bitmap","file":"custom_ui/dialogue/the-doctor.png","ascent":2,"height":42,"chars":["ꍷ"]},{"type":"bitmap","file":"custom_ui/dialogue/bartender-otto.png","ascent":2,"height":42,"chars":["ꍸ"]},{"type":"bitmap","file":"custom_ui/dialogue/bartender-liam.png","ascent":2,"height":42,"chars":["ꍹ"]},{"type":"bitmap","file":"custom_ui/dialogue/bouncer-tuff.png","ascent":2,"height":42,"chars":["ꍺ"]},{"type":"bitmap","file":"custom_ui/dialogue/bartender-zoey.png","ascent":2,"height":42,"chars":["ꍻ"]},{"type":"bitmap","file":"custom_ui/dialogue/dealer-sam.png","ascent":2,"height":42,"chars":["ꍼ"]},{"type":"bitmap","file":"custom_ui/dialogue/scarn.png","ascent":2,"height":42,"chars":["ꍽ"]},{"type":"bitmap","file":"custom_ui/dialogue/greg.png","ascent":2,"height":42,"chars":["ꍾ"]},{"type":"bitmap","file":"custom_ui/dialogue/joe.png","ascent":2,"height":42,"chars":["ꍿ"]},{"type":"bitmap","file":"custom_ui/dialogue/cody.png","ascent":2,"height":42,"chars":["ꎀ"]},{"type":"bitmap","file":"custom_ui/dialogue/craig.png","ascent":2,"height":42,"chars":["ꎁ"]},{"type":"bitmap","file":"custom_ui/dialogue/isaac.png","ascent":2,"height":42,"chars":["ꎂ"]},{"type":"bitmap","file":"custom_ui/dialogue/grant.png","ascent":2,"height":42,"chars":["ꎃ"]},{"type":"bitmap","file":"custom_ui/dialogue/harvester.png","ascent":2,"height":42,"chars":["ꎄ"]},{"type":"bitmap","file":"custom_ui/dialogue/cadence.png","ascent":2,"height":42,"chars":["ꎅ"]},{"type":"bitmap","file":"custom_ui/dialogue/tucker.png","ascent":2,"height":42,"chars":["ꎆ"]},{"type":"bitmap","file":"custom_ui/dialogue/worker-hazel.png","ascent":2,"height":42,"chars":["ꎇ"]},{"type":"bitmap","file":"custom_ui/dialogue/mia.png","ascent":2,"height":42,"chars":["ꎈ"]},{"type":"bitmap","file":"custom_ui/dialogue/carmen.png","ascent":2,"height":42,"chars":["ꎉ"]},{"type":"bitmap","file":"custom_ui/dialogue/delphine.png","ascent":2,"height":42,"chars":["ꎊ"]},{"type":"bitmap","file":"custom_ui/dialogue/sasha.png","ascent":2,"height":42,"chars":["ꎋ"]},{"type":"bitmap","file":"custom_ui/dialogue/brock.png","ascent":2,"height":42,"chars":["ꎌ"]},{"type":"bitmap","file":"custom_ui/dialogue/shey.png","ascent":2,"height":42,"chars":["ꎍ"]},{"type":"bitmap","file":"custom_ui/dialogue/rosie.png","ascent":2,"height":42,"chars":["ꎎ"]},{"type":"bitmap","file":"custom_ui/dialogue/ramon.png","ascent":2,"height":42,"chars":["ꎏ"]},{"type":"bitmap","file":"custom_ui/dialogue/billy.png","ascent":2,"height":42,"chars":["ꎐ"]},{"type":"bitmap","file":"custom_ui/dialogue/tristian.png","ascent":2,"height":42,"chars":["ꎑ"]},{"type":"bitmap","file":"custom_ui/dialogue/salvador.png","ascent":2,"height":42,"chars":["ꎒ"]},{"type":"bitmap","file":"custom_ui/dialogue/samantha.png","ascent":2,"height":42,"chars":["ꎓ"]},{"type":"bitmap","file":"custom_ui/dialogue/spencer.png","ascent":2,"height":42,"chars":["ꎔ"]},{"type":"bitmap","file":"custom_ui/dialogue/trey.png","ascent":2,"height":42,"chars":["ꎖ"]},{"type":"bitmap","file":"custom_ui/dialogue/bowen.png","ascent":2,"height":42,"chars":["ꎗ"]},{"type":"bitmap","file":"custom_ui/dialogue/elijah.png","ascent":2,"height":42,"chars":["ꎘ"]},{"type":"bitmap","file":"custom_ui/dialogue/jasper.png","ascent":2,"height":42,"chars":["ꎙ"]},{"type":"bitmap","file":"custom_ui/dialogue/harriet.png","ascent":2,"height":42,"chars":["ꎚ"]},{"type":"bitmap","file":"custom_ui/dialogue/kaven.png","ascent":2,"height":42,"chars":["ꎛ"]},{"type":"bitmap","file":"custom_ui/dialogue/anton.png","ascent":2,"height":42,"chars":["ꎜ"]},{"type":"bitmap","file":"custom_ui/dialogue/amelia.png","ascent":2,"height":42,"chars":["ꎝ"]},{"type":"bitmap","file":"custom_ui/dialogue/mickey.png","ascent":2,"height":42,"chars":["ꎞ"]},{"type":"bitmap","file":"custom_ui/dialogue/copper.png","ascent":2,"height":42,"chars":["ꎟ"]},{"type":"bitmap","file":"custom_ui/dialogue/stefon.png","ascent":2,"height":42,"chars":["ꎠ"]},{"type":"bitmap","file":"custom_ui/dialogue/evelyn.png","ascent":2,"height":42,"chars":["ꎡ"]},{"type":"bitmap","file":"custom_ui/dialogue/finian.png","ascent":2,"height":42,"chars":["ꎢ"]},{"type":"bitmap","file":"custom_ui/dialogue/miner-urgo.png","ascent":2,"height":42,"chars":["ꎣ"]},{"type":"bitmap","file":"custom_ui/dialogue/scout-harper.png","ascent":2,"height":42,"chars":["ꎤ"]},{"type":"bitmap","file":"custom_ui/dialogue/jaive.png","ascent":2,"height":42,"chars":["ꎥ"]},{"type":"bitmap","file":"custom_ui/dialogue/mary.png","ascent":2,"height":42,"chars":["ꎦ"]},{"type":"bitmap","file":"custom_ui/dialogue/tove.png","ascent":2,"height":42,"chars":["ꎧ"]},{"type":"bitmap","file":"custom_ui/dialogue/conrad.png","ascent":2,"height":42,"chars":["ꎨ"]},{"type":"bitmap","file":"custom_ui/dialogue/juan.png","ascent":2,"height":42,"chars":["ꎩ"]},{"type":"bitmap","file":"custom_ui/dialogue/mavis.png","ascent":2,"height":42,"chars":["ꎪ"]},{"type":"bitmap","file":"custom_ui/dialogue/aidan.png","ascent":2,"height":42,"chars":["ꎬ"]},{"type":"bitmap","file":"custom_ui/dialogue/kayla.png","ascent":2,"height":42,"chars":["ꎭ"]},{"type":"bitmap","file":"custom_ui/dialogue/gabriel.png","ascent":2,"height":42,"chars":["ꎮ"]},{"type":"bitmap","file":"custom_ui/dialogue/naomi.png","ascent":2,"height":42,"chars":["ꎯ"]},{"type":"bitmap","file":"custom_ui/dialogue/scout-roscoe.png","ascent":2,"height":42,"chars":["ꎰ"]},{"type":"bitmap","file":"custom_ui/dialogue/dylan.png","ascent":2,"height":42,"chars":["ꎱ"]},{"type":"bitmap","file":"custom_ui/dialogue/bartender-sheila.png","ascent":2,"height":42,"chars":["ꎳ"]},{"type":"bitmap","file":"custom_ui/dialogue/gardener-nardos.png","ascent":2,"height":42,"chars":["ꎴ"]},{"type":"bitmap","file":"custom_ui/dialogue/gardener-sereli.png","ascent":2,"height":42,"chars":["ꎵ"]},{"type":"bitmap","file":"custom_ui/dialogue/gardener-kamal.png","ascent":2,"height":42,"chars":["ꎶ"]},{"type":"bitmap","file":"custom_ui/dialogue/gardener-bettany.png","ascent":2,"height":42,"chars":["ꎷ"]},{"type":"bitmap","file":"custom_ui/dialogue/barry.png","ascent":2,"height":42,"chars":["ꎸ"]},{"type":"bitmap","file":"custom_ui/dialogue/mr_gobbleston.png","ascent":2,"height":42,"chars":["ꎺ"]},{"type":"bitmap","file":"custom_ui/dialogue/dialogue_border_confirm.png","ascent":6,"height":68,"chars":["ꎻ"]},{"type":"bitmap","file":"custom_ui/dialogue/caroler_martina.png","ascent":2,"height":42,"chars":["ꎼ"]},{"type":"bitmap","file":"custom_ui/dialogue/grave_digger.png","ascent":2,"height":42,"chars":["ꎽ"]},{"type":"bitmap","file":"custom_ui/dialogue/dialogue_border_newyears.png","ascent":6,"height":68,"chars":["ꎾ"]},{"type":"bitmap","file":"custom_ui/dialogue/derev.png","ascent":2,"height":42,"chars":["ꎿ"]},{"type":"bitmap","file":"custom_ui/dialogue/badger.png","ascent":2,"height":42,"chars":["ꏀ"]},{"type":"bitmap","file":"custom_ui/dialogue/yogi.png","ascent":2,"height":42,"chars":["ꏁ"]},{"type":"bitmap","file":"custom_ui/dialogue/gon-bow.png","ascent":2,"height":42,"chars":["ꏂ"]},{"type":"bitmap","file":"custom_ui/dialogue/sketchy.png","ascent":2,"height":42,"chars":["ꏃ"]},{"type":"bitmap","file":"custom_ui/dialogue/jester.png","ascent":2,"height":42,"chars":["ꏄ"]},{"type":"bitmap","file":"custom_ui/dialogue/dialogue_border_task_offer.png","ascent":6,"height":68,"chars":["ꏅ"]},{"type":"bitmap","file":"custom_ui/dialogue/badge_complete_farming.png","ascent":2,"height":42,"chars":["ꏆ"]},{"type":"bitmap","file":"custom_ui/dialogue/badge_complete_combat.png","ascent":2,"height":42,"chars":["ꏇ"]},{"type":"bitmap","file":"custom_ui/dialogue/badge_complete_magic.png","ascent":2,"height":42,"chars":["ꏈ"]},{"type":"bitmap","file":"custom_ui/dialogue/badge_complete_exploration.png","ascent":2,"height":42,"chars":["ꏉ"]},{"type":"bitmap","file":"custom_ui/dialogue/badge_start_farming.png","ascent":2,"height":42,"chars":["ꏊ"]},{"type":"bitmap","file":"custom_ui/dialogue/badge_start_combat.png","ascent":2,"height":42,"chars":["ꏋ"]},{"type":"bitmap","file":"custom_ui/dialogue/badge_start_magic.png","ascent":2,"height":42,"chars":["ꏌ"]},{"type":"bitmap","file":"custom_ui/dialogue/badge_start_exploration.png","ascent":2,"height":42,"chars":["ꏍ"]},{"type":"bitmap","file":"custom_ui/dialogue/badge_expired.png","ascent":2,"height":42,"chars":["ꏎ"]},{"type":"bitmap","file":"custom_ui/dialogue/oscar.png","ascent":2,"height":42,"chars":["ꏏ"]},{"type":"bitmap","file":"custom_ui/dialogue/thomas.png","ascent":2,"height":42,"chars":["ꏐ"]},{"type":"bitmap","file":"custom_ui/dialogue/jingle.png","ascent":2,"height":42,"chars":["ꏑ"]},{"type":"bitmap","file":"custom_ui/dialogue/randolph-porter.png","ascent":2,"height":42,"chars":["ꏒ"]},{"type":"bitmap","file":"custom_ui/dialogue/mayor-may.png","ascent":2,"height":42,"chars":["ꏓ"]},{"type":"bitmap","file":"custom_ui/dialogue/jade_emperor.png","ascent":2,"height":42,"chars":["ꏔ"]},{"type":"bitmap","file":"custom_ui/dialogue/taro.png","ascent":2,"height":42,"chars":["ꏕ"]},{"type":"bitmap","file":"custom_ui/dialogue/task_complete.png","ascent":2,"height":42,"chars":["ꏖ"]},{"type":"bitmap","file":"custom_ui/dialogue/task_complete_gold.png","ascent":2,"height":42,"chars":["ꏗ"]},{"type":"bitmap","file":"custom_ui/dialogue/chelsea.png","ascent":2,"height":42,"chars":["ꏘ"]},{"type":"bitmap","file":"custom_ui/rank_admin.png","ascent":7,"height":7,"chars":["ꐁ"]},{"type":"bitmap","file":"custom_ui/rank_mod_old.png","ascent":7,"height":7,"chars":["ꐂ"]},{"type":"bitmap","file":"custom_ui/rank_creator.png","ascent":7,"height":7,"chars":["ꐃ"]},{"type":"bitmap","file":"custom_ui/rank_elite.png","ascent":7,"height":7,"chars":["ꐄ"]},{"type":"bitmap","file":"custom_ui/rank_mvp.png","ascent":7,"height":7,"chars":["ꐅ"]},{"type":"bitmap","file":"custom_ui/rank_pro.png","ascent":7,"height":7,"chars":["ꐆ"]},{"type":"bitmap","file":"custom_ui/rank_vip.png","ascent":7,"height":7,"chars":["ꐇ"]},{"type":"bitmap","file":"custom_ui/tag_afk.png","ascent":6,"height":7,"chars":["ꑐ"]},{"type":"bitmap","file":"custom_ui/tag_chatroom.png","ascent":7,"height":7,"chars":["ꑑ"]},{"type":"bitmap","file":"custom_ui/title_chatroom.png","ascent":1,"height":4,"chars":["ꑒ"]},{"type":"bitmap","file":"custom_ui/role_visitor.png","ascent":7,"height":7,"chars":["ꑓ"]},{"type":"bitmap","file":"custom_ui/role_resident.png","ascent":7,"height":7,"chars":["ꑔ"]},{"type":"bitmap","file":"custom_ui/role_trusted.png","ascent":7,"height":7,"chars":["ꑕ"]},{"type":"bitmap","file":"custom_ui/role_owner.png","ascent":7,"height":7,"chars":["ꑖ"]},{"type":"bitmap","file":"custom_ui/role_visitor.png","ascent":4,"height":7,"chars":["ꑗ"]},{"type":"bitmap","file":"custom_ui/role_resident.png","ascent":4,"height":7,"chars":["ꑘ"]},{"type":"bitmap","file":"custom_ui/role_trusted.png","ascent":4,"height":7,"chars":["ꑙ"]},{"type":"bitmap","file":"custom_ui/role_owner.png","ascent":4,"height":7,"chars":["ꑚ"]},{"type":"bitmap","file":"custom_ui/rank_team.png","ascent":7,"height":7,"chars":["ꑛ"]},{"type":"bitmap","file":"custom_ui/error_red.png","ascent":7,"height":7,"chars":["ꑜ"]},{"type":"bitmap","file":"custom_ui/lore_relic.png","ascent":7,"height":7,"chars":["ꑝ"]},{"type":"bitmap","file":"custom_ui/lore_paintable.png","ascent":7,"height":7,"chars":["ꑞ"]},{"type":"bitmap","file":"custom_ui/error_yellow.png","ascent":7,"height":7,"chars":["ꑟ"]},{"type":"bitmap","file":"custom_ui/error_green.png","ascent":7,"height":7,"chars":["ꑠ"]},{"type":"bitmap","file":"custom_ui/rank_player.png","ascent":7,"height":7,"chars":["ꑡ"]},{"type":"bitmap","file":"custom_ui/tag_staff.png","ascent":7,"height":7,"chars":["ꑢ"]},{"type":"bitmap","file":"custom_ui/eye_icon.png","ascent":7,"height":7,"chars":["ꑣ"]},{"type":"bitmap","file":"custom_ui/rank_mod.png","ascent":7,"height":7,"chars":["ꑥ"]},{"type":"bitmap","file":"custom_ui/error_discord.png","ascent":7,"height":7,"chars":["ꑦ"]},{"type":"bitmap","file":"custom_ui/type_discord.png","ascent":7,"height":8,"chars":["ꑧ"]},{"type":"bitmap","file":"custom_ui/chat_tags/voice-lounge-1.png","ascent":7,"height":7,"chars":["ꑩ"]},{"type":"bitmap","file":"custom_ui/chat_tags/voice-lounge-2.png","ascent":7,"height":7,"chars":["ꑪ"]},{"type":"bitmap","file":"custom_ui/chat_tags/voice-lounge-3.png","ascent":7,"height":7,"chars":["ꑫ"]},{"type":"bitmap","file":"custom_ui/chat_tags/staff-lounge-1.png","ascent":7,"height":7,"chars":["ꑬ"]},{"type":"bitmap","file":"custom_ui/chat_tags/staff-lounge-2.png","ascent":7,"height":7,"chars":["ꑭ"]},{"type":"bitmap","file":"custom_ui/chat_tags/staff-lounge-3.png","ascent":7,"height":7,"chars":["ꑮ"]},{"type":"bitmap","file":"custom_ui/chat_tags/meeting-lounge.png","ascent":7,"height":7,"chars":["ꑯ"]},{"type":"bitmap","file":"custom_ui/chat_tags/closed-meeting.png","ascent":7,"height":7,"chars":["ꑰ"]},{"type":"bitmap","file":"custom_ui/chat_tags/supporter-lounge.png","ascent":7,"height":7,"chars":["ꑱ"]},{"type":"bitmap","file":"custom_ui/chat_tags/common.png","ascent":7,"height":7,"chars":["ꑲ"]},{"type":"bitmap","file":"custom_ui/chat_tags/rare.png","ascent":7,"height":7,"chars":["ꑳ"]},{"type":"bitmap","file":"custom_ui/chat_tags/epic.png","ascent":7,"height":7,"chars":["ꑴ"]},{"type":"bitmap","file":"custom_ui/chat_tags/legendary.png","ascent":7,"height":7,"chars":["ꑵ"]},{"type":"bitmap","file":"custom_ui/chat_tags/limited.png","ascent":7,"height":7,"chars":["ꑶ"]},{"type":"bitmap","file":"custom_ui/chat_tags/exclusive.png","ascent":7,"height":7,"chars":["ꑷ"]},{"type":"bitmap","file":"custom_ui/chat_tags/default.png","ascent":7,"height":7,"chars":["ꑸ"]},{"type":"bitmap","file":"custom_ui/error_party.png","ascent":7,"height":7,"chars":["ꑹ"]},{"type":"bitmap","file":"custom_ui/tag_party.png","ascent":7,"height":7,"chars":["ꑺ"]},{"type":"bitmap","file":"custom_ui/black_box.png","ascent":250,"height":1500,"chars":[""]},{"type":"bitmap","file":"custom_ui/black_box.png","ascent":10,"height":300,"chars":[""]},{"type":"bitmap","file":"custom_ui/black_box_30.png","ascent":250,"height":1200,"chars":[""]},{"type":"bitmap","file":"custom_ui/black_box_70.png","ascent":250,"height":1200,"chars":[""]},{"type":"bitmap","file":"custom_ui/beetles.png","ascent":128,"height":1200,"chars":[""]},{"type":"bitmap","file":"custom_ui/earth.png","ascent":8,"height":9,"chars":["ꠃ"]},{"type":"bitmap","file":"custom/ui/realm_logo.png","ascent":-2,"height":32,"chars":["ꡑꡒ","ꡓꡔ"]},{"type":"bitmap","file":"custom/ui/realm_logo.png","ascent":-2,"height":64,"chars":["ꡡꡢ","ꡣꡤ"]},{"type":"bitmap","file":"custom/ui/realm_logo.png","ascent":32,"height":64,"chars":["ꡥꡦ","ꡧꡨ"]},{"type":"bitmap","file":"custom_ui/heart_full.png","ascent":8,"height":9,"chars":["ꢑ"]},{"type":"bitmap","file":"custom_ui/heart_half.png","ascent":8,"height":9,"chars":["ꢒ"]},{"type":"bitmap","file":"custom_ui/heart_empty.png","ascent":8,"height":9,"chars":["ꢓ"]},{"type":"bitmap","file":"custom_ui/speech.png","ascent":7,"height":10,"chars":["ꢔ"]},{"type":"bitmap","file":"custom_ui/shift-button.png","ascent":9,"height":12,"chars":["ꢕ"]},{"type":"bitmap","file":"custom_ui/need_help_portrait.png","ascent":-12,"height":50,"chars":["ꢘ","ꢻ","ꢼ","ꢽ"]},{"type":"bitmap","file":"custom_ui/book-desc-icon.png","ascent":8,"height":28,"chars":["ꢙ"]},{"type":"bitmap","file":"custom_ui/ruby_hud_numbers.png","ascent":-16,"height":8,"chars":["ꢚꢛꢜꢝꢞꢟꢠꢡꢢꢣ"]},{"type":"bitmap","file":"custom_ui/ruby_icon.png","ascent":-15,"height":9,"chars":["ꢤ"]},{"type":"bitmap","file":"custom_ui/ruby_hud_comma.png","ascent":-17,"height":8,"chars":["ꢥ"]},{"type":"bitmap","file":"custom_ui/ruby_icon.png","ascent":8,"height":9,"chars":["ꢦ"]},{"type":"bitmap","file":"custom_ui/exp_icon.png","ascent":7,"height":9,"chars":["ꢧ"]},{"type":"bitmap","file":"custom_ui/quest_marker.png","ascent":1,"height":11,"chars":["ꢨ"]},{"type":"bitmap","file":"custom_ui/speech_indicator.png","ascent":0,"height":10,"chars":["ꢩ"]},{"type":"bitmap","file":"custom_ui/empty_water_drop.png","ascent":7,"height":8,"chars":["ꢪ"]},{"type":"bitmap","file":"custom_ui/water_drop.png","ascent":7,"height":8,"chars":["ꢫ"]},{"type":"bitmap","file":"custom_ui/empty_crop_star.png","ascent":7,"height":9,"chars":["ꢬ"]},{"type":"bitmap","file":"custom_ui/crop_star.png","ascent":7,"height":9,"chars":["ꢭ"]},{"type":"bitmap","file":"custom_ui/market_indicator.png","ascent":0,"height":10,"chars":["ꢯ"]},{"type":"bitmap","file":"custom_ui/salvage_indicator.png","ascent":0,"height":10,"chars":["ꢰ"]},{"type":"bitmap","file":"custom_ui/crop_stars.png","ascent":7,"height":9,"chars":["ꢲ","ꢳ","ꢴ"]},{"type":"bitmap","file":"custom_ui/egg_icon.png","ascent":0,"height":10,"chars":["ꢵ"]},{"type":"bitmap","file":"custom_ui/egg_icon.png","ascent":7,"height":9,"chars":["ꢶ"]},{"type":"bitmap","file":"custom_ui/tooltip/3_line_tooltip_right.png","ascent":7,"height":19,"chars":["ꢷ"]},{"type":"bitmap","file":"custom_ui/tooltip/3_line_tooltip_left.png","ascent":7,"height":19,"chars":["ꢸ"]},{"type":"bitmap","file":"custom_ui/tooltip/3_line_tooltip_center.png","ascent":7,"height":19,"chars":["ꢹ"]},{"type":"bitmap","file":"custom_ui/tooltip/3_line_tooltip_right_offset.png","ascent":7,"height":19,"chars":["ꢺ"]},{"type":"bitmap","file":"custom_ui/spirit_icon.png","ascent":7,"height":9,"chars":["ꢾ"]},{"type":"bitmap","file":"custom_ui/spirit_icon.png","ascent":0,"height":10,"chars":["ꢿ"]},{"type":"bitmap","file":"custom_ui/elder_spirit_icon.png","ascent":7,"height":9,"chars":["ꣀ"]},{"type":"bitmap","file":"custom_ui/cosmo_coin_icon.png","ascent":7,"height":9,"chars":["ꣁ"]},{"type":"bitmap","file":"item/trident.png","ascent":-46,"height":16,"chars":["ꣂ"]},{"type":"bitmap","file":"custom_ui/task_indicator_farming.png","ascent":0,"height":10,"chars":["ꣃ"]},{"type":"bitmap","file":"custom_ui/task_indicator_combat.png","ascent":0,"height":10,"chars":["꣄"]},{"type":"bitmap","file":"custom_ui/task_indicator_magic.png","ascent":0,"height":10,"chars":["ꣅ"]},{"type":"bitmap","file":"custom_ui/task_indicator_exploration.png","ascent":0,"height":10,"chars":["꣆"]},{"type":"bitmap","file":"custom/misc_items/lasso_use.png","ascent":-46,"height":16,"chars":["꣇"]},{"type":"bitmap","file":"custom/misc_items/mistral_staff.png","ascent":-46,"height":16,"chars":["꣈"]},{"type":"bitmap","file":"custom_ui/trash_icon.png","ascent":7,"height":9,"chars":["꣉"]},{"type":"bitmap","file":"custom_ui/trash_icon.png","ascent":0,"height":10,"chars":["꣊"]},{"type":"bitmap","file":"custom_ui/shell_icon.png","ascent":7,"height":9,"chars":["꣋"]},{"type":"bitmap","file":"custom_ui/shell_icon.png","ascent":0,"height":10,"chars":["꣌"]},{"type":"bitmap","file":"custom_ui/gift_icon.png","ascent":7,"height":9,"chars":["꣍"]},{"type":"bitmap","file":"custom_ui/gift_icon.png","ascent":0,"height":10,"chars":["꣎"]},{"type":"bitmap","file":"custom_ui/red_envelope_icon.png","ascent":7,"height":9,"chars":["꣏"]},{"type":"bitmap","file":"custom_ui/red_envelope_icon.png","ascent":0,"height":10,"chars":["꣐"]},{"type":"bitmap","file":"custom_ui/badger_coin_icon.png","ascent":7,"height":9,"chars":["꣑"]},{"type":"bitmap","file":"custom_ui/badger_coin_icon.png","ascent":0,"height":10,"chars":["꣒"]},{"type":"bitmap","file":"custom_ui/transport_menu/open_world_menu.png","ascent":19,"height":256,"chars":["꣓"]},{"type":"bitmap","file":"custom_ui/transport_menu/disabled_world_red.png","ascent":19,"height":256,"chars":["꣔"]},{"type":"bitmap","file":"custom_ui/transport_menu/disabled_world_orange.png","ascent":19,"height":256,"chars":["꣕"]},{"type":"bitmap","file":"custom_ui/transport_menu/disabled_world_yellow.png","ascent":19,"height":256,"chars":["꣖"]},{"type":"bitmap","file":"custom_ui/transport_menu/disabled_world_green.png","ascent":19,"height":256,"chars":["꣗"]},{"type":"bitmap","file":"custom_ui/transport_menu/disabled_world_blue.png","ascent":19,"height":256,"chars":["꣘"]},{"type":"bitmap","file":"custom_ui/transport_menu/disabled_world_purple.png","ascent":19,"height":256,"chars":["꣙"]},{"type":"bitmap","file":"custom_ui/transport_menu/grave_world_red.png","ascent":19,"height":256,"chars":["꣚"]},{"type":"bitmap","file":"custom_ui/transport_menu/grave_world_orange.png","ascent":19,"height":256,"chars":["꣛"]},{"type":"bitmap","file":"custom_ui/transport_menu/grave_world_yellow.png","ascent":19,"height":256,"chars":["꣜"]},{"type":"bitmap","file":"custom_ui/transport_menu/grave_world_green.png","ascent":19,"height":256,"chars":["꣝"]},{"type":"bitmap","file":"custom_ui/transport_menu/grave_world_blue.png","ascent":19,"height":256,"chars":["꣞"]},{"type":"bitmap","file":"custom_ui/transport_menu/grave_world_purple.png","ascent":19,"height":256,"chars":["꣟"]},{"type":"bitmap","file":"custom_ui/transport_menu/open_world_back.png","ascent":19,"height":256,"chars":["꣡"]},{"type":"bitmap","file":"custom_ui/shop_icon.png","ascent":1,"height":11,"chars":["꣢"]},{"type":"bitmap","file":"custom_ui/pixel.png","ascent":-2,"height":2,"chars":["꤁"]},{"type":"bitmap","file":"custom_ui/pixel.png","ascent":-4,"height":2,"chars":["꤂"]},{"type":"bitmap","file":"custom_ui/pixel.png","ascent":-6,"height":2,"chars":["꤃"]},{"type":"bitmap","file":"custom_ui/pixel.png","ascent":-8,"height":2,"chars":["꤄"]},{"type":"bitmap","file":"custom_ui/pixel.png","ascent":-10,"height":2,"chars":["꤅"]},{"type":"bitmap","file":"custom_ui/pixel.png","ascent":-12,"height":2,"chars":["꤆"]},{"type":"bitmap","file":"custom_ui/pixel.png","ascent":-14,"height":2,"chars":["꤇"]},{"type":"bitmap","file":"custom_ui/pixel.png","ascent":-16,"height":2,"chars":["꤈"]},{"type":"bitmap","file":"custom_ui/pixel.png","ascent":-18,"height":1,"chars":["꤉"]},{"type":"bitmap","file":"custom_ui/loading_spinner.png","ascent":15,"height":15,"chars":["ꦡ","ꦢ","ꦣ","ꦤ","ꦥ","ꦦ","ꦧ","ꦨ"]},{"type":"bitmap","file":"custom_ui/emojis/emojis.png","ascent":8,"height":10,"chars":["뜀뜁뜂뜃뜄","뜅뜆뜇뜈뜉","뜊뜋뜌뜍뜎","뜏뜐뜑뜒뜓","뜔뜕뜖뜗뜘","뜙뜚뜛뜜뜝","뜞뜟뜠뜡뜢","뜣뜤뜥뜦뜧","뜨뜩뜪뜫뜬","뜭뜮뜯뜰뜱","뜲뜳뜴뜵뜶","뜷뜸뜹뜺뜻","뜼뜽뜾뜿띐","띑띒띓띔띕","띖띗띘띙띚","띛띜띝띞띟","띠띡띢띣띤","띥띦띧띨띩","띪띫띬띭띮","띯띰띱띲띳","띴띵띶띷띸"]},{"type":"bitmap","file":"custom_ui/emojis/emojis2.png","ascent":8,"height":10,"chars":["렀렁렂렃렄","렅렆렇레렉","렊렋렌렍렎","렏렐렑렒렓","렔렕렖렗렘","렙렚렛렜렝","렞렟렠렡렢","렣려력렦렧","련렩렪렫렬","렭렮렯렰렱","렲렳렴렵렶","렷렸령렺렻","렼렽렾롏롐","롑롒롓롔롕","롖롗롘롙롚","롛로록롞롟","론롡롢롣롤","롥롦롧롨롩","롪롫롬롭롮","롯롰롱롲롳","롴롵롶롷롸"]},{"type":"bitmap","file":"custom_ui/emojis/kekw.png","ascent":8,"height":10,"chars":["띀"]},{"type":"bitmap","file":"custom_ui/emojis/kekwhyper.png","ascent":8,"height":10,"chars":["띁"]},{"type":"bitmap","file":"custom_ui/emojis/pog.png","ascent":8,"height":10,"chars":["띂"]},{"type":"bitmap","file":"custom_ui/emojis/wut.png","ascent":8,"height":10,"chars":["띃"]},{"type":"bitmap","file":"custom_ui/menu_content_medium.png","ascent":19,"height":256,"chars":["섃"]},{"type":"bitmap","file":"custom_ui/menu_realms_roles.png","ascent":19,"height":256,"chars":["섄"]},{"type":"bitmap","file":"custom_ui/menu_realms_presets.png","ascent":19,"height":256,"chars":["섆"]},{"type":"bitmap","file":"custom_ui/painting_table/carpentry_table.png","ascent":19,"height":256,"chars":["섈"]},{"type":"bitmap","file":"custom_ui/enchanting_table_gui.png","ascent":19,"height":256,"chars":["섉"]},{"type":"bitmap","file":"custom_ui/enchanting_table_gui_on.png","ascent":-4,"height":256,"chars":["섊"]},{"type":"bitmap","file":"custom_ui/enchanting_table_gui_on.png","ascent":-22,"height":256,"chars":["섋"]},{"type":"bitmap","file":"custom_ui/enchanting_table_gui_on.png","ascent":-40,"height":256,"chars":["섌"]},{"type":"bitmap","file":"custom_ui/ruby_deposit_menu.png","ascent":19,"height":256,"chars":["섍"]},{"type":"bitmap","file":"custom_ui/ruby_gui_numbers.png","ascent":-63,"height":8,"chars":["섎섏섐섑섒섓섔섕섖섗"]},{"type":"bitmap","file":"custom_ui/ruby_gui_comma.png","ascent":-63,"height":8,"chars":["섘"]},{"type":"bitmap","file":"custom_ui/sidebar_enchant_gui.png","ascent":13,"height":256,"chars":["섙"]},{"type":"bitmap","file":"custom_ui/enchant_tier_0.png","ascent":-41,"height":16,"chars":["섚"]},{"type":"bitmap","file":"custom_ui/salvage/salvaging_menu_base.png","ascent":6,"height":256,"chars":["섢"]},{"type":"bitmap","file":"custom_ui/salvage/salvaging_menu_buttons_on.png","ascent":6,"height":256,"chars":["섣"]},{"type":"bitmap","file":"custom_ui/salvage/salvaging_menu_tool_outline.png","ascent":6,"height":256,"chars":["설"]},{"type":"bitmap","file":"custom_ui/transport_menu/menu_container.png","ascent":19,"height":256,"chars":["섥"]},{"type":"bitmap","file":"custom_ui/transport_menu/button_origin_isles.png","ascent":-1,"height":64,"chars":["섦"]},{"type":"bitmap","file":"custom_ui/transport_menu/button_realms.png","ascent":-1,"height":64,"chars":["섧"]},{"type":"bitmap","file":"custom_ui/transport_menu/button_resource.png","ascent":-1,"height":64,"chars":["섨"]},{"type":"bitmap","file":"custom_ui/transport_realms_menu/menu_container.png","ascent":19,"height":256,"chars":["섩"]},{"type":"bitmap","file":"custom_ui/transport_realms_menu/button_featured.png","ascent":-2,"height":64,"chars":["섪"]},{"type":"bitmap","file":"custom_ui/transport_realms_menu/button_home.png","ascent":-2,"height":64,"chars":["섫"]},{"type":"bitmap","file":"custom_ui/transport_realms_menu/button_settings.png","ascent":-2,"height":64,"chars":["섬"]},{"type":"bitmap","file":"custom_ui/planters_box/menu_container.png","ascent":19,"height":256,"chars":["섭"]},{"type":"bitmap","file":"custom_ui/planters_box/pineapple/1.png","ascent":23,"height":64,"chars":["셐"]},{"type":"bitmap","file":"custom_ui/planters_box/pineapple/3.png","ascent":23,"height":64,"chars":["셑"]},{"type":"bitmap","file":"custom_ui/planters_box/pineapple/5.png","ascent":23,"height":64,"chars":["셒"]},{"type":"bitmap","file":"custom_ui/planters_box/pineapple/gold.png","ascent":23,"height":64,"chars":["셓"]},{"type":"bitmap","file":"custom_ui/furniture_purchase/menu_container.png","ascent":19,"height":256,"chars":["셔"]},{"type":"bitmap","file":"custom_ui/auction_house/main_menu_container.png","ascent":19,"height":256,"chars":["셕"]},{"type":"bitmap","file":"custom_ui/boulder_menus/relic_merge_menu.png","ascent":19,"height":256,"chars":["셖"]},{"type":"bitmap","file":"custom_ui/boulder_menus/relic_separate_menu.png","ascent":19,"height":256,"chars":["셗"]},{"type":"bitmap","file":"custom_ui/boulder_menus/main.png","ascent":19,"height":256,"chars":["션"]},{"type":"bitmap","file":"custom_ui/planters_box/apple/2.png","ascent":23,"height":64,"chars":["셙"]},{"type":"bitmap","file":"custom_ui/planters_box/apple/4.png","ascent":23,"height":64,"chars":["셚"]},{"type":"bitmap","file":"custom_ui/planters_box/apple/6.png","ascent":23,"height":64,"chars":["셛"]},{"type":"bitmap","file":"custom_ui/planters_box/apple/gold.png","ascent":23,"height":64,"chars":["셜"]},{"type":"bitmap","file":"custom_ui/planters_box/banana/2.png","ascent":23,"height":64,"chars":["셝"]},{"type":"bitmap","file":"custom_ui/planters_box/banana/4.png","ascent":23,"height":64,"chars":["셞"]},{"type":"bitmap","file":"custom_ui/planters_box/banana/6.png","ascent":23,"height":64,"chars":["셟"]},{"type":"bitmap","file":"custom_ui/planters_box/banana/gold.png","ascent":23,"height":64,"chars":["셠"]},{"type":"bitmap","file":"custom_ui/planters_box/beetroot/1.png","ascent":23,"height":64,"chars":["셡"]},{"type":"bitmap","file":"custom_ui/planters_box/beetroot/2.png","ascent":23,"height":64,"chars":["셢"]},{"type":"bitmap","file":"custom_ui/planters_box/beetroot/3.png","ascent":23,"height":64,"chars":["셣"]},{"type":"bitmap","file":"custom_ui/planters_box/beetroot/gold.png","ascent":23,"height":64,"chars":["셤"]},{"type":"bitmap","file":"custom_ui/planters_box/carrot/1.png","ascent":23,"height":64,"chars":["셥"]},{"type":"bitmap","file":"custom_ui/planters_box/carrot/2.png","ascent":23,"height":64,"chars":["셦"]},{"type":"bitmap","file":"custom_ui/planters_box/carrot/3.png","ascent":23,"height":64,"chars":["셧"]},{"type":"bitmap","file":"custom_ui/planters_box/carrot/gold.png","ascent":23,"height":64,"chars":["셨"]},{"type":"bitmap","file":"custom_ui/planters_box/chilli/1.png","ascent":23,"height":64,"chars":["셩"]},{"type":"bitmap","file":"custom_ui/planters_box/chilli/2.png","ascent":23,"height":64,"chars":["셪"]},{"type":"bitmap","file":"custom_ui/planters_box/chilli/3.png","ascent":23,"height":64,"chars":["셫"]},{"type":"bitmap","file":"custom_ui/planters_box/chilli/gold.png","ascent":23,"height":64,"chars":["셬"]},{"type":"bitmap","file":"custom_ui/planters_box/corn/1.png","ascent":23,"height":64,"chars":["셭"]},{"type":"bitmap","file":"custom_ui/planters_box/corn/3.png","ascent":23,"height":64,"chars":["셮"]},{"type":"bitmap","file":"custom_ui/planters_box/corn/5.png","ascent":23,"height":64,"chars":["셯"]},{"type":"bitmap","file":"custom_ui/planters_box/corn/gold.png","ascent":23,"height":64,"chars":["셰"]},{"type":"bitmap","file":"custom_ui/planters_box/egg_plant/1.png","ascent":23,"height":64,"chars":["셱"]},{"type":"bitmap","file":"custom_ui/planters_box/egg_plant/2.png","ascent":23,"height":64,"chars":["셲"]},{"type":"bitmap","file":"custom_ui/planters_box/egg_plant/4.png","ascent":23,"height":64,"chars":["셳"]},{"type":"bitmap","file":"custom_ui/planters_box/egg_plant/gold.png","ascent":23,"height":64,"chars":["셴"]},{"type":"bitmap","file":"custom_ui/planters_box/lettuce/1.png","ascent":23,"height":64,"chars":["셵"]},{"type":"bitmap","file":"custom_ui/planters_box/lettuce/2.png","ascent":23,"height":64,"chars":["셶"]},{"type":"bitmap","file":"custom_ui/planters_box/lettuce/3.png","ascent":23,"height":64,"chars":["셷"]},{"type":"bitmap","file":"custom_ui/planters_box/lettuce/gold.png","ascent":23,"height":64,"chars":["셸"]},{"type":"bitmap","file":"custom_ui/planters_box/mango/2.png","ascent":23,"height":64,"chars":["셹"]},{"type":"bitmap","file":"custom_ui/planters_box/mango/4.png","ascent":23,"height":64,"chars":["셺"]},{"type":"bitmap","file":"custom_ui/planters_box/mango/6.png","ascent":23,"height":64,"chars":["셻"]},{"type":"bitmap","file":"custom_ui/planters_box/mango/gold.png","ascent":23,"height":64,"chars":["셼"]},{"type":"bitmap","file":"custom_ui/planters_box/potato/1.png","ascent":23,"height":64,"chars":["셽"]},{"type":"bitmap","file":"custom_ui/planters_box/potato/2.png","ascent":23,"height":64,"chars":["셾"]},{"type":"bitmap","file":"custom_ui/planters_box/potato/3.png","ascent":23,"height":64,"chars":["셿"]},{"type":"bitmap","file":"custom_ui/planters_box/potato/gold.png","ascent":23,"height":64,"chars":["솀"]},{"type":"bitmap","file":"custom_ui/planters_box/wheat/1.png","ascent":23,"height":64,"chars":["솁"]},{"type":"bitmap","file":"custom_ui/planters_box/wheat/2.png","ascent":23,"height":64,"chars":["솂"]},{"type":"bitmap","file":"custom_ui/planters_box/wheat/3.png","ascent":23,"height":64,"chars":["솃"]},{"type":"bitmap","file":"custom_ui/planters_box/wheat/gold.png","ascent":23,"height":64,"chars":["솄"]},{"type":"bitmap","file":"custom_ui/promo_screen0.png","ascent":40,"height":256,"chars":["솅"]},{"type":"bitmap","file":"custom_ui/transport_menu/button_homes.png","ascent":-55,"height":64,"chars":["솆"]},{"type":"bitmap","file":"custom_ui/transport_menu/button_towns.png","ascent":-55,"height":64,"chars":["솇"]},{"type":"bitmap","file":"custom_ui/transport_menu/button_adventure.png","ascent":-55,"height":64,"chars":["솈"]},{"type":"bitmap","file":"custom_ui/transport_menu/button_locked.png","ascent":-1,"height":64,"chars":["솉"]},{"type":"bitmap","file":"custom_ui/transport_menu/button_locked.png","ascent":-55,"height":64,"chars":["솊"]},{"type":"bitmap","file":"custom_ui/markets/menu_base.png","ascent":19,"height":256,"chars":["솋"]},{"type":"bitmap","file":"custom_ui/markets/lily_portrait.png","ascent":19,"height":256,"chars":["소"]},{"type":"bitmap","file":"custom_ui/markets/trade_allow.png","ascent":-4,"height":64,"chars":["속"]},{"type":"bitmap","file":"custom_ui/markets/trade_deny.png","ascent":-4,"height":64,"chars":["솎"]},{"type":"bitmap","file":"custom_ui/markets/trade_exhausted.png","ascent":-4,"height":64,"chars":["쇑"]},{"type":"bitmap","file":"custom_ui/markets/trade_allow.png","ascent":-22,"height":64,"chars":["솏"]},{"type":"bitmap","file":"custom_ui/markets/trade_deny.png","ascent":-22,"height":64,"chars":["손"]},{"type":"bitmap","file":"custom_ui/markets/trade_exhausted.png","ascent":-22,"height":64,"chars":["쇒"]},{"type":"bitmap","file":"custom_ui/markets/trade_allow.png","ascent":-40,"height":64,"chars":["솑"]},{"type":"bitmap","file":"custom_ui/markets/trade_deny.png","ascent":-40,"height":64,"chars":["솒"]},{"type":"bitmap","file":"custom_ui/markets/trade_exhausted.png","ascent":-40,"height":64,"chars":["쇓"]},{"type":"bitmap","file":"custom_ui/markets/trade_allow.png","ascent":-58,"height":64,"chars":["솓"]},{"type":"bitmap","file":"custom_ui/markets/trade_deny.png","ascent":-58,"height":64,"chars":["솔"]},{"type":"bitmap","file":"custom_ui/markets/trade_exhausted.png","ascent":-58,"height":64,"chars":["쇔"]},{"type":"bitmap","file":"custom_ui/markets/trade_allow.png","ascent":-76,"height":64,"chars":["솕"]},{"type":"bitmap","file":"custom_ui/markets/trade_deny.png","ascent":-76,"height":64,"chars":["솖"]},{"type":"bitmap","file":"custom_ui/markets/trade_exhausted.png","ascent":-76,"height":64,"chars":["쇕"]},{"type":"bitmap","file":"custom_ui/markets/trade_allow.png","ascent":-94,"height":64,"chars":["솗"]},{"type":"bitmap","file":"custom_ui/markets/trade_deny.png","ascent":-94,"height":64,"chars":["솘"]},{"type":"bitmap","file":"custom_ui/markets/trade_exhausted.png","ascent":-94,"height":64,"chars":["쇖"]},{"type":"bitmap","file":"custom_ui/markets/jacko_portrait.png","ascent":19,"height":256,"chars":["솙"]},{"type":"bitmap","file":"custom_ui/markets/ribston_portrait.png","ascent":19,"height":256,"chars":["솚"]},{"type":"bitmap","file":"custom_ui/markets/paula_portrait.png","ascent":19,"height":256,"chars":["솛"]},{"type":"bitmap","file":"custom_ui/markets/clay_portrait.png","ascent":19,"height":256,"chars":["솜"]},{"type":"bitmap","file":"custom_ui/transport_menu/button_balloon_red.png","ascent":-1,"height":128,"chars":["솝"]},{"type":"bitmap","file":"custom_ui/transport_menu/button_balloon_yellow.png","ascent":-1,"height":128,"chars":["솞"]},{"type":"bitmap","file":"custom_ui/transport_menu/button_balloon_blue.png","ascent":-55,"height":128,"chars":["솟"]},{"type":"bitmap","file":"custom_ui/transport_menu/button_balloon_green.png","ascent":-55,"height":128,"chars":["솠"]},{"type":"bitmap","file":"custom_ui/transport_menu/button_balloon_locked.png","ascent":-55,"height":128,"chars":["송"]},{"type":"bitmap","file":"custom_ui/transport_menu/button_balloon_locked.png","ascent":-1,"height":128,"chars":["솢"]},{"type":"bitmap","file":"custom_ui/markets/valdon_portrait.png","ascent":19,"height":256,"chars":["솣"]},{"type":"bitmap","file":"custom_ui/markets/bolt_portrait.png","ascent":19,"height":256,"chars":["솤"]},{"type":"bitmap","file":"custom_ui/markets/captain_walrus_portrait.png","ascent":19,"height":256,"chars":["솥"]},{"type":"bitmap","file":"custom_ui/markets/witch_hazel_portrait.png","ascent":19,"height":256,"chars":["솦"]},{"type":"bitmap","file":"custom_ui/markets/jeckyl_portrait.png","ascent":19,"height":256,"chars":["솧"]},{"type":"bitmap","file":"custom_ui/markets/shane_portrait.png","ascent":19,"height":256,"chars":["솨"]},{"type":"bitmap","file":"custom_ui/planters_box/banana/1.png","ascent":23,"height":64,"chars":["솩"]},{"type":"bitmap","file":"custom_ui/planters_box/banana/2.png","ascent":23,"height":64,"chars":["솪"]},{"type":"bitmap","file":"custom_ui/planters_box/banana/3.png","ascent":23,"height":64,"chars":["솫"]},{"type":"bitmap","file":"custom_ui/planters_box/banana/gold.png","ascent":23,"height":64,"chars":["솬"]},{"type":"bitmap","file":"custom_ui/transport_realms_menu/settings_menu_container.png","ascent":19,"height":256,"chars":["솭"]},{"type":"bitmap","file":"custom_ui/transport_realms_menu/role_select.png","ascent":19,"height":256,"chars":["솮"]},{"type":"bitmap","file":"custom_ui/wardrobe_menu/menu_container.png","ascent":19,"height":256,"chars":["솯"]},{"type":"bitmap","file":"custom_ui/quest_book/menu_container.png","ascent":19,"height":256,"chars":["솰"]},{"type":"bitmap","file":"custom_ui/markets/hedley_portrait.png","ascent":19,"height":256,"chars":["솱"]},{"type":"bitmap","file":"custom_ui/purchase_collect_menu.png","ascent":26,"height":256,"chars":["솲"]},{"type":"bitmap","file":"custom_ui/crates/legendary_collect.png","ascent":28,"height":256,"chars":["솳"]},{"type":"bitmap","file":"custom_ui/crates/rare_collect.png","ascent":28,"height":256,"chars":["솴"]},{"type":"bitmap","file":"custom_ui/crates/valentines_collect.png","ascent":28,"height":256,"chars":["솵"]},{"type":"bitmap","file":"custom_ui/badges/main_menu.png","ascent":26,"height":256,"chars":["솷"]},{"type":"bitmap","file":"custom_ui/crates/st_patricks_collect.png","ascent":28,"height":256,"chars":["솸"]},{"type":"bitmap","file":"custom_ui/crates/easter_collect.png","ascent":43,"height":256,"chars":["솹"]},{"type":"bitmap","file":"custom_ui/markets/hoppers_portrait.png","ascent":19,"height":256,"chars":["솺"]},{"type":"bitmap","file":"custom_ui/transit_block/menu_address.png","ascent":19,"height":256,"chars":["솻"]},{"type":"bitmap","file":"custom_ui/transit_block/menu_input.png","ascent":19,"height":256,"chars":["솼"]},{"type":"bitmap","file":"custom_ui/transit_block/energy.png","ascent":-66,"height":11,"chars":["솽"]},{"type":"bitmap","file":"custom_ui/crates/cosmetic_collect.png","ascent":43,"height":256,"chars":["솾"]},{"type":"bitmap","file":"custom_ui/wardrobe_menu/redeem_menu.png","ascent":19,"height":256,"chars":["솿"]},{"type":"bitmap","file":"custom_ui/markets/liam_portrait.png","ascent":19,"height":256,"chars":["쇀"]},{"type":"bitmap","file":"custom_ui/crates/summer_collect.png","ascent":43,"height":256,"chars":["쇁"]},{"type":"bitmap","file":"custom_ui/paged_menus/paged.png","ascent":19,"height":256,"chars":["쇂"]},{"type":"bitmap","file":"custom_ui/paged_menus/paged_filter.png","ascent":19,"height":256,"chars":["쇃"]},{"type":"bitmap","file":"custom_ui/paged_menus/paged_exit.png","ascent":19,"height":256,"chars":["쇄"]},{"type":"bitmap","file":"custom_ui/paged_menus/paged_filter_exit.png","ascent":19,"height":256,"chars":["쇅"]},{"type":"bitmap","file":"custom_ui/paged_menus/slider_front.png","ascent":-10,"height":14,"chars":["쇆"]},{"type":"bitmap","file":"custom_ui/paged_menus/slider_middle.png","ascent":-10,"height":14,"chars":["쇇"]},{"type":"bitmap","file":"custom_ui/paged_menus/slider_end.png","ascent":-10,"height":14,"chars":["쇈"]},{"type":"bitmap","file":"custom_ui/profile/menu.png","ascent":19,"height":256,"chars":["쇉"]},{"type":"bitmap","file":"custom_ui/invsee/invsee.png","ascent":19,"height":256,"chars":["쇊"]},{"type":"bitmap","file":"custom_ui/invsee/enderchest.png","ascent":19,"height":256,"chars":["쇋"]},{"type":"bitmap","file":"custom_ui/single_chest.png","ascent":19,"height":256,"chars":["쇌"]},{"type":"bitmap","file":"custom_ui/double_chest.png","ascent":19,"height":256,"chars":["쇍"]},{"type":"bitmap","file":"custom_ui/navigation/button_menu_main.png","ascent":19,"height":256,"chars":["쇎"]},{"type":"bitmap","file":"custom_ui/crates/halloween_collect.png","ascent":43,"height":256,"chars":["쇏"]},{"type":"bitmap","file":"custom_ui/markets/harvester_portrait.png","ascent":19,"height":256,"chars":["쇐"]},{"type":"bitmap","file":"custom/misc_items/banana.png","ascent":6,"height":16,"chars":["쇗"]},{"type":"bitmap","file":"custom/misc_items/chilli.png","ascent":6,"height":16,"chars":["쇘"]},{"type":"bitmap","file":"custom/misc_items/corn.png","ascent":6,"height":16,"chars":["쇙"]},{"type":"bitmap","file":"custom/misc_items/egg_plant.png","ascent":6,"height":16,"chars":["쇚"]},{"type":"bitmap","file":"custom/misc_items/lettuce.png","ascent":6,"height":16,"chars":["쇛"]},{"type":"bitmap","file":"custom/misc_items/mango.png","ascent":6,"height":16,"chars":["쇜"]},{"type":"bitmap","file":"custom/misc_items/pineapple.png","ascent":6,"height":16,"chars":["쇝"]},{"type":"bitmap","file":"item/apple.png","ascent":6,"height":16,"chars":["쇞"]},{"type":"bitmap","file":"custom_ui/planters_box/egg_plant/3.png","ascent":23,"height":64,"chars":["쇟"]},{"type":"bitmap","file":"custom_ui/planters_box/banana/1.png","ascent":23,"height":64,"chars":["쇠"]},{"type":"bitmap","file":"custom_ui/planters_box/banana/3.png","ascent":23,"height":64,"chars":["쇡"]},{"type":"bitmap","file":"custom_ui/planters_box/banana/5.png","ascent":23,"height":64,"chars":["쇢"]},{"type":"bitmap","file":"custom_ui/planters_box/apple/1.png","ascent":23,"height":64,"chars":["쇣"]},{"type":"bitmap","file":"custom_ui/planters_box/apple/3.png","ascent":23,"height":64,"chars":["쇤"]},{"type":"bitmap","file":"custom_ui/planters_box/apple/5.png","ascent":23,"height":64,"chars":["쇥"]},{"type":"bitmap","file":"custom_ui/planters_box/mango/1.png","ascent":23,"height":64,"chars":["쇦"]},{"type":"bitmap","file":"custom_ui/planters_box/mango/3.png","ascent":23,"height":64,"chars":["쇧"]},{"type":"bitmap","file":"custom_ui/planters_box/mango/5.png","ascent":23,"height":64,"chars":["쇨"]},{"type":"bitmap","file":"custom_ui/planters_box/corn/2.png","ascent":23,"height":64,"chars":["쇩"]},{"type":"bitmap","file":"custom_ui/planters_box/corn/4.png","ascent":23,"height":64,"chars":["쇪"]},{"type":"bitmap","file":"custom_ui/planters_box/pineapple/2.png","ascent":23,"height":64,"chars":["쇫"]},{"type":"bitmap","file":"custom_ui/planters_box/pineapple/4.png","ascent":23,"height":64,"chars":["쇬"]},{"type":"bitmap","file":"custom_ui/planters_box/menu_soiled.png","ascent":19,"height":256,"chars":["쇭"]},{"type":"bitmap","file":"custom_ui/planters_box/menu_watered.png","ascent":19,"height":256,"chars":["쇮"]},{"type":"bitmap","file":"custom_ui/planters_box/menu_fert_gold.png","ascent":19,"height":256,"chars":["쇯"]},{"type":"bitmap","file":"custom_ui/planters_box/menu_fert_star.png","ascent":19,"height":256,"chars":["쇰"]},{"type":"bitmap","file":"custom_ui/planters_box/menu_fert_speed.png","ascent":19,"height":256,"chars":["쇱"]},{"type":"bitmap","file":"custom_ui/planters_box/menu_fert_multiplier.png","ascent":19,"height":256,"chars":["쇲"]},{"type":"bitmap","file":"custom_ui/crates/christmas_collect.png","ascent":43,"height":256,"chars":["쇳"]},{"type":"bitmap","file":"custom_ui/gravestones/gravestones_0.png","ascent":19,"height":256,"chars":["쇴"]},{"type":"bitmap","file":"custom_ui/gravestones/gravestones_1.png","ascent":19,"height":256,"chars":["쇵"]},{"type":"bitmap","file":"custom_ui/gravestones/gravestones_2.png","ascent":19,"height":256,"chars":["쇶"]},{"type":"bitmap","file":"custom_ui/gravestones/gravestones_3.png","ascent":19,"height":256,"chars":["쇷"]},{"type":"bitmap","file":"custom_ui/gravestones/double_chest.png","ascent":19,"height":256,"chars":["쇸"]},{"type":"bitmap","file":"item/firework_rocket.png","ascent":12,"height":16,"chars":["쇹"]},{"type":"bitmap","file":"custom_ui/wardrobe_menu/menu_container_balloon.png","ascent":19,"height":256,"chars":["쇺"]},{"type":"bitmap","file":"custom_ui/crates/lunar_collect.png","ascent":45,"height":256,"chars":["쇻"]},{"type":"bitmap","file":"custom_ui/painting_table/carpentry_table_finishes_on.png","ascent":19,"height":256,"chars":["쇼"]},{"type":"bitmap","file":"custom_ui/painting_table/carpentry_table_finishes_off.png","ascent":19,"height":256,"chars":["쇽"]},{"type":"bitmap","file":"custom_ui/markets/mavis_portrait.png","ascent":19,"height":256,"chars":["쇾"]},{"type":"bitmap","file":"custom_ui/wardrobe_menu/scrap_menu.png","ascent":19,"height":256,"chars":["쇿"]},{"type":"bitmap","file":"custom_ui/wardrobe_menu/main_cosmos.png","ascent":19,"height":256,"chars":["숀"]},{"type":"bitmap","file":"custom_ui/markets/sketchy_portrait.png","ascent":19,"height":256,"chars":["숁"]},{"type":"bitmap","file":"custom_ui/auction_house/auctions_all_tab.png","ascent":19,"height":256,"chars":["숂"]},{"type":"bitmap","file":"custom_ui/auction_house/auctions_self_tab.png","ascent":19,"height":256,"chars":["숃"]},{"type":"bitmap","file":"custom_ui/auction_house/auctions_details.png","ascent":19,"height":256,"chars":["숅"]},{"type":"bitmap","file":"custom_ui/auction_house/auctions_first_page.png","ascent":19,"height":256,"chars":["숆"]},{"type":"bitmap","file":"custom_ui/auction_house/auctions_last_page.png","ascent":19,"height":256,"chars":["숇"]},{"type":"bitmap","file":"custom_ui/auction_house/auctions_refresh.png","ascent":19,"height":256,"chars":["숈"]},{"type":"bitmap","file":"custom_ui/auction_house/auctions_back.png","ascent":19,"height":256,"chars":["숉"]},{"type":"bitmap","file":"custom_ui/auction_house/auctions_group_blocks.png","ascent":19,"height":256,"chars":["숊"]},{"type":"bitmap","file":"custom_ui/auction_house/auctions_group_enchanting.png","ascent":19,"height":256,"chars":["숋"]},{"type":"bitmap","file":"custom_ui/auction_house/auctions_group_farming.png","ascent":19,"height":256,"chars":["숌"]},{"type":"bitmap","file":"custom_ui/auction_house/auctions_group_furniture.png","ascent":19,"height":256,"chars":["숍"]},{"type":"bitmap","file":"custom_ui/auction_house/auctions_group_gear.png","ascent":19,"height":256,"chars":["숎"]},{"type":"bitmap","file":"custom_ui/auction_house/auctions_group_minerals.png","ascent":19,"height":256,"chars":["숏"]},{"type":"bitmap","file":"custom_ui/auction_house/auctions_group_other.png","ascent":19,"height":256,"chars":["숐"]},{"type":"bitmap","file":"custom_ui/auction_house/auctions_group_seasonal.png","ascent":19,"height":256,"chars":["숑"]},{"type":"bitmap","file":"custom_ui/auction_house/auctions_group_tokens.png","ascent":19,"height":256,"chars":["숒"]},{"type":"bitmap","file":"custom_ui/auction_house/auctions_sort_ending.png","ascent":19,"height":256,"chars":["숓"]},{"type":"bitmap","file":"custom_ui/auction_house/auctions_sort_highest.png","ascent":19,"height":256,"chars":["숔"]},{"type":"bitmap","file":"custom_ui/auction_house/auctions_sort_item.png","ascent":19,"height":256,"chars":["숕"]},{"type":"bitmap","file":"custom_ui/auction_house/auctions_sort_lowest.png","ascent":19,"height":256,"chars":["숖"]},{"type":"bitmap","file":"custom_ui/auction_house/auctions_sort_recent.png","ascent":19,"height":256,"chars":["숗"]},{"type":"bitmap","file":"custom_ui/auction_house/auctions_confirm.png","ascent":19,"height":256,"chars":["수"]},{"type":"bitmap","file":"custom_ui/auction_house/auctions_confirm_off.png","ascent":19,"height":256,"chars":["숙"]},{"type":"bitmap","file":"custom_ui/auction_house/auctions_search.png","ascent":19,"height":256,"chars":["숚"]},{"type":"bitmap","file":"custom_ui/auction_house/auctions_group_current.png","ascent":19,"height":256,"chars":["숛"]},{"type":"bitmap","file":"custom_ui/auction_house/auctions_group_sold.png","ascent":19,"height":256,"chars":["순"]},{"type":"bitmap","file":"custom_ui/profile/tag_alpha.png","ascent":19,"height":256,"chars":["숝"]},{"type":"bitmap","file":"custom_ui/profile/tag_beta.png","ascent":19,"height":256,"chars":["숞"]},{"type":"bitmap","file":"custom_ui/profile/indicator_helmet.png","ascent":19,"height":256,"chars":["숟"]},{"type":"bitmap","file":"custom_ui/profile/indicator_chestplate.png","ascent":19,"height":256,"chars":["술"]},{"type":"bitmap","file":"custom_ui/profile/indicator_leggings.png","ascent":19,"height":256,"chars":["숡"]},{"type":"bitmap","file":"custom_ui/profile/indicator_boots.png","ascent":19,"height":256,"chars":["숢"]},{"type":"bitmap","file":"custom_ui/profile/indicator_hat.png","ascent":19,"height":256,"chars":["숣"]},{"type":"bitmap","file":"custom_ui/profile/indicator_back_swag.png","ascent":19,"height":256,"chars":["숤"]},{"type":"bitmap","file":"custom_ui/profile/indicator_prop_item.png","ascent":19,"height":256,"chars":["숥"]},{"type":"bitmap","file":"custom_ui/profile/indicator_balloon.png","ascent":19,"height":256,"chars":["숦"]},{"type":"bitmap","file":"custom_ui/profile/rank_tags.png","ascent":-14,"height":7,"chars":["숧","숨","숩","숪","숫","숬","숭","숮","숯"]},{"type":"bitmap","file":"custom_ui/orbit_menu.png","ascent":19,"height":256,"chars":["숰"]},{"type":"bitmap","file":"custom_ui/settings/settings_1.png","ascent":19,"height":256,"chars":["숱"]},{"type":"bitmap","file":"custom_ui/settings/toggles.png","ascent":-5,"height":16,"chars":["숲","숳"]},{"type":"bitmap","file":"custom_ui/settings/toggles.png","ascent":-23,"height":16,"chars":["숴","숵"]},{"type":"bitmap","file":"custom_ui/settings/toggles.png","ascent":-41,"height":16,"chars":["숶","숷"]},{"type":"bitmap","file":"custom_ui/settings/toggles.png","ascent":-59,"height":16,"chars":["숸","숹"]},{"type":"bitmap","file":"custom_ui/settings/toggles.png","ascent":-77,"height":16,"chars":["숺","숻"]},{"type":"bitmap","file":"custom_ui/settings/toggles.png","ascent":-95,"height":16,"chars":["숼","숽"]},{"type":"bitmap","file":"custom_ui/badges/task_board.png","ascent":19,"height":256,"chars":["숾"]},{"type":"bitmap","file":"custom_ui/badges/exp_bar.png","ascent":4,"height":5,"chars":["숿"]},{"type":"bitmap","file":"custom_ui/crates/badger_collect.png","ascent":45,"height":256,"chars":["쉀"]},{"type":"bitmap","file":"custom_ui/crates/gesture_collect.png","ascent":45,"height":256,"chars":["쉁"]},{"type":"bitmap","file":"custom_ui/gesture/favorites.png","ascent":19,"height":256,"chars":["쉂"]},{"type":"bitmap","file":"custom_ui/gesture/all.png","ascent":19,"height":256,"chars":["쉃"]},{"type":"bitmap","file":"custom_ui/gesture/back.png","ascent":19,"height":256,"chars":["쉄"]},{"type":"bitmap","file":"custom_ui/gesture/first_page.png","ascent":19,"height":256,"chars":["쉅"]},{"type":"bitmap","file":"custom_ui/gesture/last_page.png","ascent":19,"height":256,"chars":["쉆"]},{"type":"bitmap","file":"custom_ui/badges/icons.png","ascent":12,"height":16,"chars":["쉇쉈쉉쉊"]},{"type":"bitmap","file":"custom_ui/profile/menu_staff.png","ascent":19,"height":256,"chars":["쉋"]},{"type":"bitmap","file":"custom_ui/ashes_menu.png","ascent":30,"height":256,"chars":["쉌"]},{"type":"bitmap","file":"custom_ui/profile/punish_tab_chat.png","ascent":19,"height":256,"chars":["쉎"]},{"type":"bitmap","file":"custom_ui/profile/punish_tab_behavior.png","ascent":19,"height":256,"chars":["쉏"]},{"type":"bitmap","file":"custom_ui/profile/punish_tab_mods.png","ascent":19,"height":256,"chars":["쉐"]},{"type":"bitmap","file":"custom_ui/chat_tags/background.png","ascent":7,"height":7,"chars":["쉑"]},{"type":"bitmap","file":"custom_ui/chat_tags/numbers.png","ascent":7,"height":7,"chars":["쉒쉓쉔쉕쉖쉗쉘쉙쉚쉛"]},{"type":"bitmap","file":"custom_ui/markets/oscar_portrait.png","ascent":19,"height":256,"chars":["쉜"]},{"type":"bitmap","file":"custom_ui/friends/menu.png","ascent":19,"height":256,"chars":["쉝"]},{"type":"bitmap","file":"custom_ui/friends/tab_list_select.png","ascent":19,"height":256,"chars":["쉞"]},{"type":"bitmap","file":"custom_ui/friends/tab_receive_select.png","ascent":19,"height":256,"chars":["쉟"]},{"type":"bitmap","file":"custom_ui/friends/tab_sent_select.png","ascent":19,"height":256,"chars":["쉠"]},{"type":"bitmap","file":"custom_ui/cutscenes_menu.png","ascent":19,"height":256,"chars":["쉡"]},{"type":"bitmap","file":"custom_ui/profile/friend_add.png","ascent":19,"height":256,"chars":["쉢"]},{"type":"bitmap","file":"custom_ui/profile/friend_list.png","ascent":19,"height":256,"chars":["쉣"]},{"type":"bitmap","file":"custom_ui/profile/friend_remove.png","ascent":19,"height":256,"chars":["쉤"]},{"type":"bitmap","file":"custom_ui/settings/settings_2.png","ascent":19,"height":256,"chars":["쉥"]},{"type":"bitmap","file":"custom_ui/settings/settings_page_up.png","ascent":19,"height":256,"chars":["쉦"]},{"type":"bitmap","file":"custom_ui/settings/settings_page_down.png","ascent":19,"height":256,"chars":["쉧"]},{"type":"bitmap","file":"custom_ui/dungeons/dungeon_party_create.png","ascent":29,"height":256,"chars":["쉨"]},{"type":"bitmap","file":"custom_ui/dungeons/dungeon_party_confirm.png","ascent":29,"height":256,"chars":["쉩"]},{"type":"bitmap","file":"custom_ui/dungeons/dungeon_party_leave.png","ascent":29,"height":256,"chars":["쉪"]},{"type":"bitmap","file":"custom_ui/dungeons/dungeon_party_disband.png","ascent":29,"height":256,"chars":["쉫"]},{"type":"bitmap","file":"custom_ui/dialogue/mermaid.png","ascent":2,"height":42,"chars":["쉬"]},{"type":"bitmap","file":"custom_ui/markets/mermaid_portrait.png","ascent":19,"height":256,"chars":["쉭"]},{"type":"bitmap","file":"custom_ui/dungeons/dungeon_reward_collection.png","ascent":29,"height":256,"chars":["쉮"]},{"type":"bitmap","file":"custom_ui/markets/jingle_portrait.png","ascent":19,"height":256,"chars":["쉯"]},{"type":"bitmap","file":"custom_ui/trading/trading_main.png","ascent":19,"height":256,"chars":["쉰"]},{"type":"bitmap","file":"custom_ui/trading/trading_cancel.png","ascent":19,"height":256,"chars":["쉱"]},{"type":"bitmap","file":"custom_ui/trading/trading_cancel_1.png","ascent":19,"height":256,"chars":["쉲"]},{"type":"bitmap","file":"custom_ui/trading/trading_cancel_2.png","ascent":19,"height":256,"chars":["쉳"]},{"type":"bitmap","file":"custom_ui/trading/trading_cancel_3.png","ascent":19,"height":256,"chars":["쉴"]},{"type":"bitmap","file":"custom_ui/trading/trading_cancel_4.png","ascent":19,"height":256,"chars":["쉵"]},{"type":"bitmap","file":"custom_ui/trading/trading_cancel_5.png","ascent":19,"height":256,"chars":["쉶"]},{"type":"bitmap","file":"custom_ui/trading/trading_cancel_6.png","ascent":19,"height":256,"chars":["쉷"]},{"type":"bitmap","file":"custom_ui/trading/trading_cancel_7.png","ascent":19,"height":256,"chars":["쉸"]},{"type":"bitmap","file":"custom_ui/trading/trading_other_ready.png","ascent":19,"height":256,"chars":["쉹"]},{"type":"bitmap","file":"custom_ui/trading/trading_other_unready.png","ascent":19,"height":256,"chars":["쉺"]},{"type":"bitmap","file":"custom_ui/trading/trading_you_ready.png","ascent":19,"height":256,"chars":["쉻"]},{"type":"bitmap","file":"custom_ui/trading/trading_you_unready.png","ascent":19,"height":256,"chars":["쉼"]},{"type":"bitmap","file":"custom_ui/markets/jade_emperor_portrait.png","ascent":19,"height":256,"chars":["쉽"]},{"type":"bitmap","file":"custom_ui/markets/taro_portrait.png","ascent":19,"height":256,"chars":["쉾"]},{"type":"bitmap","file":"custom_ui/trading/trading_confirm.png","ascent":19,"height":256,"chars":["쉿"]},{"type":"bitmap","file":"custom_ui/trading/trading_ruby_base.png","ascent":19,"height":256,"chars":["슀"]},{"type":"bitmap","file":"custom_ui/trading/trading_ruby_1.png","ascent":19,"height":256,"chars":["슁"]},{"type":"bitmap","file":"custom_ui/trading/trading_ruby_10.png","ascent":19,"height":256,"chars":["슂"]},{"type":"bitmap","file":"custom_ui/trading/trading_ruby_100.png","ascent":19,"height":256,"chars":["슃"]},{"type":"bitmap","file":"custom_ui/trading/trading_ruby_1k.png","ascent":19,"height":256,"chars":["슄"]},{"type":"bitmap","file":"custom_ui/trading/trading_ruby_10k.png","ascent":19,"height":256,"chars":["슅"]},{"type":"bitmap","file":"custom_ui/trading/trading_ruby_100k.png","ascent":19,"height":256,"chars":["슆"]},{"type":"bitmap","file":"custom_ui/boulder_menus/forge_menu.png","ascent":5,"height":256,"chars":["슇"]},{"type":"bitmap","file":"custom_ui/boulder_menus/forge_menu_tool_outline.png","ascent":5,"height":256,"chars":["슈"]},{"type":"bitmap","file":"custom_ui/boulder_menus/forge_menu_relic_outline.png","ascent":5,"height":256,"chars":["슉"]},{"type":"bitmap","file":"custom_ui/boulder_menus/separate_menu.png","ascent":5,"height":256,"chars":["슊"]},{"type":"bitmap","file":"custom_ui/boulder_menus/separate_menu_tool_outline.png","ascent":5,"height":256,"chars":["슋"]},{"type":"bitmap","file":"custom_ui/boulder_menus/separate_menu_button_swap1.png","ascent":5,"height":256,"chars":["슌"]},{"type":"bitmap","file":"custom_ui/boulder_menus/separate_menu_button_swap2.png","ascent":5,"height":256,"chars":["슍"]},{"type":"bitmap","file":"custom_ui/trading/trading_ruby_confirm.png","ascent":19,"height":256,"chars":["슎"]},{"type":"bitmap","file":"custom_ui/badges/streaks_main.png","ascent":5,"height":256,"chars":["슏"]},{"type":"bitmap","file":"custom_ui/badges/streaks_button_accept_off.png","ascent":5,"height":256,"chars":["슐"]},{"type":"bitmap","file":"custom_ui/badges/streaks_button_accept_on.png","ascent":5,"height":256,"chars":["슑"]},{"type":"bitmap","file":"custom_ui/badges/streaks_status_icon4.png","ascent":5,"height":256,"chars":["슒"]},{"type":"bitmap","file":"custom_ui/badges/streaks_status_icon5.png","ascent":5,"height":256,"chars":["슓"]},{"type":"bitmap","file":"custom_ui/badges/streaks_status_icon6.png","ascent":5,"height":256,"chars":["슔"]},{"type":"bitmap","file":"custom_ui/badges/streaks_status_icon7.png","ascent":5,"height":256,"chars":["슕"]},{"type":"bitmap","file":"custom_ui/markets/russel_portrait.png","ascent":19,"height":256,"chars":["슖"]},{"type":"bitmap","file":"custom_ui/party/menu.png","ascent":18,"height":256,"chars":["슗"]},{"type":"bitmap","file":"custom_ui/party/party_chat_on.png","ascent":18,"height":256,"chars":["슘"]},{"type":"bitmap","file":"custom_ui/profile/party_invite.png","ascent":19,"height":256,"chars":["슙"]},{"type":"bitmap","file":"custom_ui/party/party_member_row.png","ascent":-39,"height":32,"chars":["슚"]},{"type":"bitmap","file":"custom_ui/party/party_leader_options.png","ascent":19,"height":256,"chars":["슛"]},{"type":"bitmap","file":"custom_ui/party/party_leader_selected.png","ascent":19,"height":256,"chars":["슜"]},{"type":"bitmap","file":"custom_ui/party/party_member_row.png","ascent":-57,"height":32,"chars":["슝"]},{"type":"bitmap","file":"custom_ui/party/party_leader.png","ascent":19,"height":256,"chars":["슞"]},{"type":"bitmap","file":"custom_ui/badges/streaks_status_icon8.png","ascent":5,"height":256,"chars":["슟"]},{"type":"bitmap","file":"custom_ui/badges/streaks_check_0.png","ascent":5,"height":256,"chars":["슠"]},{"type":"bitmap","file":"custom_ui/badges/streaks_check_1.png","ascent":5,"height":256,"chars":["슡"]},{"type":"bitmap","file":"custom_ui/badges/streaks_check_2.png","ascent":5,"height":256,"chars":["슢"]},{"type":"bitmap","file":"custom_ui/navigation/menu.png","ascent":19,"height":256,"chars":["슣"]},{"type":"bitmap","file":"custom_ui/navigation/menu_no_realm.png","ascent":19,"height":256,"chars":["스"]},{"type":"bitmap","file":"custom_ui/navigation/balloon_menu.png","ascent":19,"height":256,"chars":["슥"]},{"type":"bitmap","file":"custom_ui/navigation/balloon_green_disabled.png","ascent":19,"height":256,"chars":["슦"]},{"type":"bitmap","file":"custom_ui/navigation/balloon_yellow_disabled.png","ascent":19,"height":256,"chars":["슧"]},{"type":"bitmap","file":"custom_ui/navigation/balloon_blue_disabled.png","ascent":19,"height":256,"chars":["슨"]},{"type":"bitmap","file":"custom_ui/blight_titles/blighted_badlands_arena.png","ascent":12,"height":24,"chars":["슩","슪","슫","슬","슭","슮","슯","슰","슱","슲","슳","슴","습","슶","슷","슸","승","슺","슼","슽","슾","슿"]},{"type":"bitmap","file":"custom_ui/blight_titles/blighted_badlands_title.png","ascent":12,"height":26,"chars":["싉","싊","싋","싌","싍","싎","싏","싐","싑","싒","싓","싔","싕","싖","싗","싘","싙","싚","시","식","싞","싟"]},{"type":"bitmap","file":"custom_ui/blight_titles/blighted_boss_lose.png","ascent":12,"height":16,"chars":["신","싡","싢","싣","실","싥","싦","싧","싨","싩","싪","싫","심","십","싮","싯","싰","싱"]},{"type":"bitmap","file":"custom_ui/blight_titles/blighted_boss_win.png","ascent":12,"height":16,"chars":["싲","싳","싴","싵","싶","싷","싸","싹","싺","싻","싼","싽","싾","싿","쌀","쌁","쌂"]},{"type":"bitmap","file":"custom_ui/inventory_slot_selected.png","ascent":-3,"height":32,"chars":["쌃"]},{"type":"bitmap","file":"custom_ui/inventory_slot_selected.png","ascent":-21,"height":32,"chars":["쌄"]},{"type":"bitmap","file":"custom_ui/inventory_slot_selected.png","ascent":-39,"height":32,"chars":["쌅"]},{"type":"bitmap","file":"custom_ui/inventory_slot_selected.png","ascent":-57,"height":32,"chars":["쌆"]},{"type":"bitmap","file":"custom_ui/inventory_slot_selected.png","ascent":-75,"height":32,"chars":["쌇"]},{"type":"bitmap","file":"custom_ui/inventory_slot_selected.png","ascent":-93,"height":32,"chars":["쌈"]},{"type":"bitmap","file":"custom_ui/inventory_slot_carpentry.png","ascent":-3,"height":32,"chars":["쌉"]},{"type":"bitmap","file":"custom_ui/inventory_slot_carpentry.png","ascent":-21,"height":32,"chars":["쌊"]},{"type":"bitmap","file":"custom_ui/inventory_slot_carpentry.png","ascent":-39,"height":32,"chars":["쌋"]},{"type":"bitmap","file":"custom_ui/inventory_slot_carpentry.png","ascent":-57,"height":32,"chars":["쌌"]},{"type":"bitmap","file":"custom_ui/inventory_slot_carpentry.png","ascent":-75,"height":32,"chars":["쌍"]},{"type":"bitmap","file":"custom_ui/inventory_slot_carpentry.png","ascent":-93,"height":32,"chars":["쌎"]},{"type":"bitmap","file":"custom_ui/inventory_slot_opaque.png","ascent":-3,"height":32,"chars":["쌣"]},{"type":"bitmap","file":"custom_ui/inventory_slot_opaque.png","ascent":-21,"height":32,"chars":["쌤"]},{"type":"bitmap","file":"custom_ui/inventory_slot_opaque.png","ascent":-39,"height":32,"chars":["쌥"]},{"type":"bitmap","file":"custom_ui/inventory_slot_opaque.png","ascent":-57,"height":32,"chars":["쌦"]},{"type":"bitmap","file":"custom_ui/inventory_slot_opaque.png","ascent":-75,"height":32,"chars":["쌧"]},{"type":"bitmap","file":"custom_ui/inventory_slot_opaque.png","ascent":-93,"height":32,"chars":["쌨"]},{"type":"bitmap","file":"custom_ui/inventory_slot_locked.png","ascent":-3,"height":32,"chars":["쌳"]},{"type":"bitmap","file":"custom_ui/inventory_slot_locked.png","ascent":-21,"height":32,"chars":["쌴"]},{"type":"bitmap","file":"custom_ui/inventory_slot_locked.png","ascent":-39,"height":32,"chars":["쌵"]},{"type":"bitmap","file":"custom_ui/inventory_slot_locked.png","ascent":-57,"height":32,"chars":["쌶"]},{"type":"bitmap","file":"custom_ui/inventory_slot_locked.png","ascent":-75,"height":32,"chars":["쌷"]},{"type":"bitmap","file":"custom_ui/inventory_slot_locked.png","ascent":-93,"height":32,"chars":["쌸"]},{"type":"bitmap","file":"custom_ui/wardrobe_menu/slot_selected.png","ascent":-1,"height":32,"chars":["썀"]},{"type":"bitmap","file":"custom_ui/inventory_slot_unlocked.png","ascent":-3,"height":32,"chars":["썓"]},{"type":"bitmap","file":"custom_ui/inventory_slot_unlocked.png","ascent":-21,"height":32,"chars":["썔"]},{"type":"bitmap","file":"custom_ui/inventory_slot_unlocked.png","ascent":-39,"height":32,"chars":["썕"]},{"type":"bitmap","file":"custom_ui/inventory_slot_unlocked.png","ascent":-57,"height":32,"chars":["썖"]},{"type":"bitmap","file":"custom_ui/inventory_slot_unlocked.png","ascent":-75,"height":32,"chars":["썗"]},{"type":"bitmap","file":"custom_ui/inventory_slot_unlocked.png","ascent":-93,"height":32,"chars":["썘"]},{"type":"bitmap","file":"custom_ui/inventory_slot_unlocked.png","ascent":-93,"height":32,"chars":["썙"]},{"type":"bitmap","file":"custom_ui/promo_screen1.png","ascent":40,"height":256,"chars":["썚"]},{"type":"bitmap","file":"custom_ui/dungeons/dungeon_rewards/base.png","ascent":19,"height":256,"chars":["썛"]},{"type":"bitmap","file":"custom_ui/dungeons/dungeon_rewards/highlight_0.png","ascent":19,"height":256,"chars":["썜"]},{"type":"bitmap","file":"custom_ui/dungeons/dungeon_rewards/highlight_1.png","ascent":19,"height":256,"chars":["썝"]},{"type":"bitmap","file":"custom_ui/dungeons/dungeon_rewards/highlight_2.png","ascent":19,"height":256,"chars":["썞"]},{"type":"bitmap","file":"custom_ui/dungeons/dungeon_rewards/highlight_3.png","ascent":19,"height":256,"chars":["썟"]},{"type":"bitmap","file":"custom_ui/dungeons/dungeon_rewards/highlight_4.png","ascent":19,"height":256,"chars":["썠"]},{"type":"bitmap","file":"custom_ui/dungeons/dungeon_rewards/highlight_5.png","ascent":19,"height":256,"chars":["썡"]},{"type":"bitmap","file":"custom_ui/dungeons/dungeon_rewards/highlight_6.png","ascent":19,"height":256,"chars":["썢"]},{"type":"bitmap","file":"custom_ui/dungeons/dungeon_rewards/players_1.png","ascent":19,"height":256,"chars":["썣"]},{"type":"bitmap","file":"custom_ui/dungeons/dungeon_rewards/players_2.png","ascent":19,"height":256,"chars":["썤"]},{"type":"bitmap","file":"custom_ui/dungeons/dungeon_rewards/players_3.png","ascent":19,"height":256,"chars":["썥"]},{"type":"bitmap","file":"custom_ui/dungeons/dungeon_rewards/players_4.png","ascent":19,"height":256,"chars":["썦"]},{"type":"bitmap","file":"custom_ui/dungeons/dungeon_rewards/skip.png","ascent":19,"height":256,"chars":["썧"]},{"type":"bitmap","file":"custom_ui/dungeons/dungeon_rewards/skip_1.png","ascent":19,"height":256,"chars":["써"]},{"type":"bitmap","file":"custom_ui/dungeons/dungeon_rewards/skip_2.png","ascent":19,"height":256,"chars":["썩"]},{"type":"bitmap","file":"custom_ui/dungeons/dungeon_rewards/skip_3.png","ascent":19,"height":256,"chars":["썪"]},{"type":"bitmap","file":"custom_ui/dungeons/dungeon_rewards/skip_4.png","ascent":19,"height":256,"chars":["썫"]},{"type":"bitmap","file":"custom_ui/dungeons/dungeon_rewards/skip_5.png","ascent":19,"height":256,"chars":["썬"]},{"type":"bitmap","file":"custom_ui/dungeons/dungeon_rewards/skip_6.png","ascent":19,"height":256,"chars":["썭"]},{"type":"bitmap","file":"custom_ui/dungeons/dungeon_rewards/skip_7.png","ascent":19,"height":256,"chars":["썮"]},{"type":"bitmap","file":"custom_ui/dungeons/dungeon_rewards/skip_8.png","ascent":19,"height":256,"chars":["썯"]},{"type":"bitmap","file":"custom_ui/dungeons/dungeon_rewards/skip_9.png","ascent":19,"height":256,"chars":["썰"]},{"type":"bitmap","file":"custom_ui/dungeons/dungeon_rewards/skip_10.png","ascent":19,"height":256,"chars":["썱"]},{"type":"bitmap","file":"custom_ui/dungeons/dungeon_rewards/skip_11.png","ascent":19,"height":256,"chars":["썲"]},{"type":"bitmap","file":"custom_ui/dungeons/dungeon_rewards/skip_12.png","ascent":19,"height":256,"chars":["썳"]},{"type":"bitmap","file":"custom_ui/dungeons/dungeon_rewards/skip_13.png","ascent":19,"height":256,"chars":["썴"]},{"type":"bitmap","file":"custom_ui/dungeons/dungeon_rewards/skip_14.png","ascent":19,"height":256,"chars":["썵"]},{"type":"bitmap","file":"custom_ui/dungeons/dungeon_rewards/locked.png","ascent":19,"height":256,"chars":["썶"]},{"type":"bitmap","file":"custom_ui/realms_plains.png","ascent":-8,"height":46,"chars":["쐁"]},{"type":"bitmap","file":"custom_ui/realms_jungle.png","ascent":-8,"height":46,"chars":["쐂"]},{"type":"bitmap","file":"custom_ui/realms_desert.png","ascent":-8,"height":46,"chars":["쐃"]},{"type":"bitmap","file":"custom_ui/realms_swamp.png","ascent":-8,"height":46,"chars":["쐄"]},{"type":"bitmap","file":"custom_ui/realms_savanna.png","ascent":-8,"height":46,"chars":["쐅"]},{"type":"bitmap","file":"custom_ui/realms_snow.png","ascent":-8,"height":46,"chars":["쐆"]},{"type":"bitmap","file":"custom_ui/realms_taiga.png","ascent":-8,"height":46,"chars":["쐇"]},{"type":"bitmap","file":"custom_ui/dungeons/player_clock.png","ascent":-3,"height":20,"chars":["쐈"]},{"type":"bitmap","file":"custom_ui/staging_screen.png","ascent":40,"height":256,"chars":["쐉"]},{"type":"bitmap","file":"custom_ui/menu_titles.png","ascent":20,"height":20,"chars":["씁","씂","씃","씄","씅","씆","씇","씈","씉","씊","씋","씌","씍","씎","씏","씐","씑","씒","씓","씔","씕","씖","씗","씘","씙","씚","씛"]},{"type":"bitmap","file":"custom_ui/menu_titles.png","ascent":18,"height":20,"chars":["앑","앒","앓","암","압","앖","앗","았","앙","앚","앛","앜","앝","앞","앟","애","액","앢","앣","앤","앥","앦","앧","앨","앩","앪","앫"]},{"type":"bitmap","file":"custom_ui/quest_descriptions/damage_control.png","ascent":-32,"height":128,"chars":["였"]},{"type":"bitmap","file":"custom_ui/quest_descriptions/economy_101.png","ascent":-32,"height":128,"chars":["영"]},{"type":"bitmap","file":"custom_ui/quest_descriptions/enchanting_101.png","ascent":-32,"height":128,"chars":["옂"]},{"type":"bitmap","file":"custom_ui/quest_descriptions/farming_101.png","ascent":-32,"height":128,"chars":["옃"]},{"type":"bitmap","file":"custom_ui/quest_descriptions/painting_101.png","ascent":-32,"height":128,"chars":["옄"]},{"type":"bitmap","file":"custom_ui/quest_descriptions/pickaxe_problems.png","ascent":-32,"height":128,"chars":["옅"]},{"type":"bitmap","file":"custom_ui/quest_descriptions/profitable_produce.png","ascent":-32,"height":128,"chars":["옆"]},{"type":"bitmap","file":"custom_ui/quest_descriptions/realms_101.png","ascent":-32,"height":128,"chars":["옇"]},{"type":"bitmap","file":"custom_ui/quest_descriptions/room_for_enchantment.png","ascent":-32,"height":128,"chars":["예"]},{"type":"bitmap","file":"custom_ui/quest_descriptions/take_out_the_trash.png","ascent":-32,"height":128,"chars":["옉"]},{"type":"bitmap","file":"custom_ui/painting_table/carpentry_table_arrow_left_off.png","ascent":19,"height":256,"chars":["옊"]},{"type":"bitmap","file":"custom_ui/painting_table/carpentry_table_arrow_left_on.png","ascent":19,"height":256,"chars":["옋"]},{"type":"bitmap","file":"custom_ui/painting_table/carpentry_table_arrow_right_off.png","ascent":19,"height":256,"chars":["옌"]},{"type":"bitmap","file":"custom_ui/painting_table/carpentry_table_arrow_right_on.png","ascent":19,"height":256,"chars":["옍"]},{"type":"bitmap","file":"custom_ui/need_help_text.png","ascent":-12,"height":50,"chars":[""]},{"type":"bitmap","file":"font/ascii.png","ascent":4,"height":8,"chars":["","","","","","","","","","","","","","","",""]},{"type":"bitmap","file":"custom_ui/text_black_background.png","ascent":7,"height":12,"chars":[""]},{"type":"bitmap","file":"custom_ui/numbers.png","ascent":-52,"height":45,"chars":[""]},{"type":"bitmap","file":"custom/ui/pixel_split.png","ascent":-32768,"height":-3,"chars":[""]},{"type":"bitmap","file":"custom/ui/pixel_split.png","ascent":-32768,"height":-4,"chars":[""]},{"type":"bitmap","file":"custom/ui/pixel_split.png","ascent":-32768,"height":-5,"chars":[""]},{"type":"bitmap","file":"custom/ui/pixel_split.png","ascent":-32768,"height":-6,"chars":[""]},{"type":"bitmap","file":"custom/ui/pixel_split.png","ascent":-32768,"height":-7,"chars":[""]},{"type":"bitmap","file":"custom/ui/pixel_split.png","ascent":-32768,"height":-8,"chars":[""]},{"type":"bitmap","file":"custom/ui/pixel_split.png","ascent":-32768,"height":-9,"chars":[""]},{"type":"bitmap","file":"custom/ui/pixel_split.png","ascent":-32768,"height":-10,"chars":[""]},{"type":"bitmap","file":"custom/ui/pixel_split.png","ascent":-32768,"height":-18,"chars":[""]},{"type":"bitmap","file":"custom/ui/pixel_split.png","ascent":-32768,"height":-34,"chars":[""]},{"type":"bitmap","file":"custom/ui/pixel_split.png","ascent":-32768,"height":-66,"chars":[""]},{"type":"bitmap","file":"custom/ui/pixel_split.png","ascent":-32768,"height":-130,"chars":[""]},{"type":"bitmap","file":"custom/ui/pixel_split.png","ascent":-32768,"height":-258,"chars":[""]},{"type":"bitmap","file":"custom/ui/pixel_split.png","ascent":-32768,"height":-514,"chars":[""]},{"type":"bitmap","file":"custom/ui/pixel_split.png","ascent":-32768,"height":-1026,"chars":[""]},{"type":"bitmap","file":"custom/ui/pixel_split.png","ascent":-32770,"height":-32770,"chars":[""]},{"type":"bitmap","file":"custom/ui/pixel_split.png","ascent":-32768,"height":0,"chars":[""]},{"type":"bitmap","file":"custom/ui/pixel_split.png","ascent":-32768,"height":1,"chars":[""]},{"type":"bitmap","file":"custom/ui/pixel_split.png","ascent":-32768,"height":2,"chars":[""]},{"type":"bitmap","file":"custom/ui/pixel_split.png","ascent":-32768,"height":3,"chars":[""]},{"type":"bitmap","file":"custom/ui/pixel_split.png","ascent":-32768,"height":4,"chars":[""]},{"type":"bitmap","file":"custom/ui/pixel_split.png","ascent":-32768,"height":5,"chars":[""]},{"type":"bitmap","file":"custom/ui/pixel_split.png","ascent":-32768,"height":6,"chars":[""]},{"type":"bitmap","file":"custom/ui/pixel_split.png","ascent":-32768,"height":7,"chars":[""]},{"type":"bitmap","file":"custom/ui/pixel_split.png","ascent":-32768,"height":15,"chars":[""]},{"type":"bitmap","file":"custom/ui/pixel_split.png","ascent":-32768,"height":31,"chars":[""]},{"type":"bitmap","file":"custom/ui/pixel_split.png","ascent":-32768,"height":63,"chars":[""]},{"type":"bitmap","file":"custom/ui/pixel_split.png","ascent":-32768,"height":127,"chars":[""]},{"type":"bitmap","file":"custom/ui/pixel_split.png","ascent":-32768,"height":255,"chars":[""]},{"type":"bitmap","file":"custom/ui/pixel_split.png","ascent":-32768,"height":511,"chars":[""]},{"type":"bitmap","file":"custom/ui/pixel_split.png","ascent":-32768,"height":1023,"chars":[""]},{"type":"bitmap","file":"custom/ui/pixel_split.png","ascent":-32768,"height":32767,"chars":[""]},{"type":"bitmap","file":"custom_ui/pixel_nosplit.png","ascent":-32768,"height":-3,"chars":[""]},{"type":"bitmap","file":"custom_ui/pixel_nosplit.png","ascent":-32768,"height":-4,"chars":[""]},{"type":"bitmap","file":"custom_ui/pixel_nosplit.png","ascent":-32768,"height":-5,"chars":[""]},{"type":"bitmap","file":"custom_ui/pixel_nosplit.png","ascent":-32768,"height":-6,"chars":[""]},{"type":"bitmap","file":"custom_ui/pixel_nosplit.png","ascent":-32768,"height":-7,"chars":[""]},{"type":"bitmap","file":"custom_ui/pixel_nosplit.png","ascent":-32768,"height":-8,"chars":[""]},{"type":"bitmap","file":"custom_ui/pixel_nosplit.png","ascent":-32768,"height":-9,"chars":[""]},{"type":"bitmap","file":"custom_ui/pixel_nosplit.png","ascent":-32768,"height":-10,"chars":[""]},{"type":"bitmap","file":"custom_ui/pixel_nosplit.png","ascent":-32768,"height":-18,"chars":[""]},{"type":"bitmap","file":"custom_ui/pixel_nosplit.png","ascent":-32768,"height":-34,"chars":[""]},{"type":"bitmap","file":"custom_ui/pixel_nosplit.png","ascent":-32768,"height":-66,"chars":[""]},{"type":"bitmap","file":"custom_ui/pixel_nosplit.png","ascent":-32768,"height":-130,"chars":[""]},{"type":"bitmap","file":"custom_ui/pixel_nosplit.png","ascent":-32768,"height":-258,"chars":[""]},{"type":"bitmap","file":"custom_ui/pixel_nosplit.png","ascent":-32768,"height":-514,"chars":[""]},{"type":"bitmap","file":"custom_ui/pixel_nosplit.png","ascent":-32768,"height":-1026,"chars":[""]},{"type":"bitmap","file":"custom_ui/pixel_nosplit.png","ascent":-32768,"height":0,"chars":[""]},{"type":"bitmap","file":"custom_ui/pixel_nosplit.png","ascent":-32768,"height":1,"chars":[""]},{"type":"bitmap","file":"custom_ui/pixel_nosplit.png","ascent":-32768,"height":2,"chars":[""]},{"type":"bitmap","file":"custom_ui/pixel_nosplit.png","ascent":-32768,"height":3,"chars":[""]},{"type":"bitmap","file":"custom_ui/pixel_nosplit.png","ascent":-32768,"height":4,"chars":[""]},{"type":"bitmap","file":"custom_ui/pixel_nosplit.png","ascent":-32768,"height":5,"chars":[""]},{"type":"bitmap","file":"custom_ui/pixel_nosplit.png","ascent":-32768,"height":6,"chars":[""]},{"type":"bitmap","file":"custom_ui/pixel_nosplit.png","ascent":-32768,"height":7,"chars":[""]},{"type":"bitmap","file":"custom_ui/pixel_nosplit.png","ascent":-32768,"height":15,"chars":[""]},{"type":"bitmap","file":"custom_ui/pixel_nosplit.png","ascent":-32768,"height":31,"chars":[""]},{"type":"bitmap","file":"custom_ui/pixel_nosplit.png","ascent":-32768,"height":63,"chars":[""]},{"type":"bitmap","file":"custom_ui/pixel_nosplit.png","ascent":-32768,"height":127,"chars":[""]},{"type":"bitmap","file":"custom_ui/pixel_nosplit.png","ascent":-32768,"height":255,"chars":[""]},{"type":"bitmap","file":"custom_ui/pixel_nosplit.png","ascent":-32768,"height":511,"chars":[""]},{"type":"bitmap","file":"custom_ui/pixel_nosplit.png","ascent":-32768,"height":1023,"chars":[""]},{"type":"bitmap","file":"custom_ui/pixel_nosplit.png","ascent":-32768,"height":32767,"chars":[""]}]}