{"providers":[{"type":"space","advances":{" ":4,"‌":0}},{"type":"bitmap","file":"custom_ui/pixel.png","ascent":-62,"height":2,"chars":["꤁"]},{"type":"bitmap","file":"custom_ui/pixel.png","ascent":-64,"height":2,"chars":["꤂"]},{"type":"bitmap","file":"custom_ui/pixel.png","ascent":-66,"height":2,"chars":["꤃"]},{"type":"bitmap","file":"custom_ui/pixel.png","ascent":-68,"height":2,"chars":["꤄"]},{"type":"bitmap","file":"custom_ui/pixel.png","ascent":-70,"height":2,"chars":["꤅"]},{"type":"bitmap","file":"custom_ui/pixel.png","ascent":-72,"height":2,"chars":["꤆"]},{"type":"bitmap","file":"custom_ui/pixel.png","ascent":-74,"height":2,"chars":["꤇"]},{"type":"bitmap","file":"custom_ui/pixel.png","ascent":-76,"height":2,"chars":["꤈"]},{"type":"bitmap","file":"custom_ui/dungeons/party_ui_case_noline.png","ascent":-60,"height":21,"chars":["꤉"]},{"type":"bitmap","file":"custom_ui/heart_full.png","ascent":-66,"height":9,"chars":["ꤊ"]},{"type":"bitmap","file":"custom_ui/heart_flash.png","ascent":-66,"height":9,"chars":["ꤋ"]},{"type":"bitmap","file":"custom_ui/death_skull.png","ascent":-66,"height":9,"chars":["ꤌ"]},{"type":"bitmap","file":"custom_ui/ruby_hud_numbers.png","ascent":-67,"height":8,"chars":["0123456789"]}]}