{
  "parent": "minecraft:block/carved_pumpkin",
  "overrides": [
    {
      "predicate": {
        "custom_model_data": 1
      },
      "model": "magmanetwork:item/players/daniel99j/ticket_please"
    },
    {
      "predicate": {
        "custom_model_data": 2
      },
      "model": "magmanetwork:item/players/daniel99j/security"
    },
    {
      "predicate": {
        "custom_model_data": 3
      },
      "model": "magmanetwork:item/players/daniel99j/tree"
    },
    {
      "predicate": {
        "custom_model_data": 4
      },
      "model": "magmanetwork:item/players/daniel99j/pirate_hat"
    }
  ]
}