{
  "parent": "minecraft:item/generated",
  "textures": {
    "layer0": "minecraft:item/paper"
  },
  "overrides": [
	{
		"predicate": {
			"custom_model_data": 1
		},
		"model": "magmanetwork:item/players/daniel99j/ticket"
	},
	{
		"predicate": {
			"custom_model_data": 2
		},
		"model": "magmanetwork:item/players/daniel99j/ticket_vip"
	},
	{
		"predicate": {
			"custom_model_data": 3
		},
		"model": "magmanetwork:item/players/daniel99j/ticket_week"
	},
	{
		"predicate": {
			"custom_model_data": 4
		},
		"model": "magmanetwork:item/players/daniel99j/balloon"
	},
	{
		"predicate": {
			"custom_model_data": 5
		},
		"model": "magmanetwork:item/players/daniel99j/fire"
	},
	{
		
		"predicate": {
			"custom_model_data": 1001
		},
		"model": "minecraft:item/paper"
	},
	{
		
		"predicate": {
			"custom_model_data": 1002
		},
		"model": "magmanetwork:item/server/wildfire/wildfirehead"
	},
	{
		
		"predicate": {
			"custom_model_data": 1003
		},
		"model": "magmanetwork:item/server/wildfire/wildfirebody"
	},
	{
		
		"predicate": {
			"custom_model_data": 1004
		},
		"model": "magmanetwork:item/server/wildfire/wildfireshields"
	},
	{
		
		"predicate": {
			"custom_model_data": 1005
		},
		"model": "magmanetwork:item/server/invisible"
	},
	{
		
		"predicate": {
			"custom_model_data": 1006
		},
		"model": "magmanetwork:item/server/grave"
	},
	{
		
		"predicate": {
			"custom_model_data": 1007
		},
		"model": "magmanetwork:item/server/hideanviltext"
	},
	{
		
		"predicate": {
			"custom_model_data": 1008
		},
		"model": "magmanetwork:item/server/grave_1"
	},
	{
		
		"predicate": {
			"custom_model_data": 1010
		},
		"model": "magmanetwork:item/server/toggle_no"
	},
	{
		
		"predicate": {
			"custom_model_data": 1011
		},
		"model": "magmanetwork:item/server/toggle_yes"
	},
	{
		
		"predicate": {
			"custom_model_data": 1012
		},
		"model": "invalid_model:item/invalid_model"
	},
	{
		
		"predicate": {
			"custom_model_data": 1013
		},
		"model": "magmanetwork:item/server/invalid_texture"
	},
	{
		
		"predicate": {
			"custom_model_data": 1014
		},
		"model": "magmanetwork:item/server/portal_survival"
	},
	{
		
		"predicate": {
			"custom_model_data": 1015
		},
		"model": "magmanetwork:item/server/features_portal"
	},
	{
		
		"predicate": {
			"custom_model_data": 1016
		},
		"model": "magmanetwork:item/server/empty_slot"
	},
	{
		
		"predicate": {
			"custom_model_data": 1017
		},
		"model": "magmanetwork:item/server/full_slot"
	},
	{
		
		"predicate": {
			"custom_model_data": 1018
		},
		"model": "magmanetwork:item/server/firefly"
	},
	{
		
		"predicate": {
			"custom_model_data": 1019
		},
		"model": "magmanetwork:item/server/firefly_in_a_bottle"
	}
  ]
}