{
  "parent": "minecraft:item/generated",
  "textures": {
    "layer0": "minecraft:item/paper"
  },
  "overrides": [
	{
		"predicate": {
			"custom_model_data": 1
		},
		"model": "magmanetwork:item/players/daniel99j/ticket"
	},
	{
		"predicate": {
			"custom_model_data": 2
		},
		"model": "magmanetwork:item/players/daniel99j/ticket_vip"
	},
	{
		"predicate": {
			"custom_model_data": 3
		},
		"model": "magmanetwork:item/players/daniel99j/ticket_week"
	},
	{
		"predicate": {
			"custom_model_data": 4
		},
		"model": "magmanetwork:item/players/daniel99j/balloon"
	},
	{
		
		"predicate": {
			"custom_model_data": 1001
		},
		"model": "minecraft:item/paper"
	},
	{
		
		"predicate": {
			"custom_model_data": 1002
		},
		"model": "magmanetwork:item/server/wildfire/wildfirehead"
	},
	{
		
		"predicate": {
			"custom_model_data": 1003
		},
		"model": "magmanetwork:item/server/wildfire/wildfirebody"
	},
	{
		
		"predicate": {
			"custom_model_data": 1004
		},
		"model": "magmanetwork:item/server/wildfire/wildfireshields"
	},
	{
		
		"predicate": {
			"custom_model_data": 1005
		},
		"model": "magmanetwork:item/server/invisible"
	},
	{
		
		"predicate": {
			"custom_model_data": 1006
		},
		"model": "magmanetwork:item/server/grave"
	},
	{
		
		"predicate": {
			"custom_model_data": 1007
		},
		"model": "magmanetwork:item/server/hideanviltext"
	},
	{
		
		"predicate": {
			"custom_model_data": 1010
		},
		"model": "magmanetwork:item/server/toggle_no"
	},
	{
		
		"predicate": {
			"custom_model_data": 1011
		},
		"model": "magmanetwork:item/server/toggle_yes"
	}
  ]
}