{
  "parent": "minecraft:item/generated",
  "textures": {
    "layer0": "minecraft:item/paper"
  },
  "overrides": [
	{
		
		"predicate": {
			"custom_model_data": 1001
		},
		"model": "minecraft:item/paper"
	},
	{
		
		"predicate": {
			"custom_model_data": 1002
		},
		"model": "magmanetwork:item/wildfirehead"
	},
	{
		
		"predicate": {
			"custom_model_data": 1003
		},
		"model": "magmanetwork:item/wildfirebody"
	},
	{
		
		"predicate": {
			"custom_model_data": 1004
		},
		"model": "magmanetwork:item/wildfireshields"
	},
	{
		
		"predicate": {
			"custom_model_data": 1005
		},
		"model": "magmanetwork:item/invisible"
	},
	{
		
		"predicate": {
			"custom_model_data": 1006
		},
		"model": "magmanetwork:item/grave"
	}
  ]
}