{"credit":"Made with Blockbench","textures":{"0":"custom/cosmetics/pirate/pirate_hat","particle":"custom/cosmetics/pirate/pirate_hat"},"elements":[{"from":[0.5,2,4],"to":[15.5,10,12],"rotation":{"angle":0,"axis":"y","origin":[8,10,9]},"faces":{"north":{"uv":[0,0,7.5,4],"texture":"#0"},"east":{"uv":[7.5,0,11.5,4],"texture":"#0"},"south":{"uv":[0,4,7.5,8],"texture":"#0"},"west":{"uv":[7.5,0,11.5,4],"texture":"#0"},"down":{"uv":[0,8,7.5,12],"texture":"#0"}}},{"from":[15.5,10,12],"to":[0.5,2,4],"rotation":{"angle":0,"axis":"y","origin":[8,10,9]},"faces":{"north":{"uv":[0,4,7.5,8],"rotation":180,"texture":"#0"},"east":{"uv":[7.5,0,11.5,4],"rotation":180,"texture":"#0"},"south":{"uv":[7.5,0,0,4],"rotation":180,"texture":"#0"},"west":{"uv":[7.5,0,11.5,4],"rotation":180,"texture":"#0"},"up":{"uv":[0,8,7.5,12],"texture":"#0"}}},{"from":[4,2,4],"to":[12,5,12],"rotation":{"angle":0,"axis":"y","origin":[8,10,8]},"faces":{"east":{"uv":[12,6.5,16,8],"texture":"#0"},"west":{"uv":[12,6.5,16,8],"texture":"#0"},"up":{"uv":[12,2.5,16,6.5],"texture":"#0"}}},{"from":[4,0,4],"to":[12,2,12],"rotation":{"angle":0,"axis":"y","origin":[8,10,8]},"faces":{"north":{"uv":[8,7,12,8],"texture":"#0","tintindex":0},"east":{"uv":[8,7,12,8],"texture":"#0","tintindex":0},"south":{"uv":[8,7,12,8],"texture":"#0","tintindex":0},"west":{"uv":[8,7,12,8],"texture":"#0","tintindex":0}}},{"from":[12,2,12],"to":[4,0,4],"rotation":{"angle":0,"axis":"y","origin":[8,10,8]},"faces":{"north":{"uv":[8,7,12,8],"rotation":180,"texture":"#0","tintindex":0},"east":{"uv":[8,7,12,8],"rotation":180,"texture":"#0","tintindex":0},"south":{"uv":[8,7,12,8],"rotation":180,"texture":"#0","tintindex":0},"west":{"uv":[8,7,12,8],"rotation":180,"texture":"#0","tintindex":0}}},{"from":[0,2,4],"to":[4,14,4],"rotation":{"angle":22.5,"axis":"x","origin":[4,2,4]},"faces":{"north":{"uv":[14,8,16,14],"texture":"#0","tintindex":0},"south":{"uv":[16,8,14,14],"texture":"#0","tintindex":0}}}],"display":{"thirdperson_righthand":{"rotation":[90.0,0.0,0.0],"translation":[-1.0,-2.0,24.15039],"scale":[1.0605469,1.0605469,1.0605469]},"thirdperson_lefthand":{"rotation":[48,33,0],"translation":[0,2.25,2],"scale":[0.4,0.4,0.4]},"firstperson_righthand":{"rotation":[0,127,0],"translation":[11.25,0,-8.5]},"firstperson_lefthand":{"rotation":[0,127,0],"translation":[11.25,0,-8.5]},"ground":{"translation":[0,2.75,0],"scale":[0.4,0.4,0.4]},"gui":{"rotation":[30,135,0],"translation":[0,3.75,0]},"head":{"translation":[0,17.75,0],"scale":[1.81,1.81,1.81]},"fixed":{"rotation":[-90,0,0],"translation":[0,0,-16],"scale":[2,2,2]}},"groups":[{"name":"group","origin":[8,8,8],"children":[0,1,2,3,4,5]}]}