{"credit":"Made with Blockbench","textures":{"0":"custom/cosmetics/pirate/pirate_hook","particle":"custom/cosmetics/pirate/pirate_hook"},"elements":[{"from":[6,0,6],"to":[10,4,10],"faces":{"north":{"uv":[0,4,4,8],"texture":"#0"},"east":{"uv":[0,4,4,8],"texture":"#0"},"south":{"uv":[0,4,4,8],"texture":"#0"},"west":{"uv":[0,4,4,8],"texture":"#0"},"up":{"uv":[0,0,4,4],"texture":"#0"},"down":{"uv":[0,8,0,8],"texture":"#0"}}},{"from":[5.5,4,8],"to":[10.5,12,8],"rotation":{"angle":-45,"axis":"y","origin":[8,8,8]},"faces":{"north":{"uv":[4,0,9,8],"texture":"#0"},"south":{"uv":[9,0,4,8],"texture":"#0"}}}],"display":{"thirdperson_righthand":{"rotation":[-90.0,-90.0,-0.0],"translation":[-1.9375,-2.0,-4.53125],"scale":[1.125,1.125,1.125]},"thirdperson_lefthand":{"rotation":[-90,90,0],"translation":[0,-2,-5.5],"scale":[1.2,1.2,1.2]},"firstperson_righthand":{"rotation":[-43,0,0],"translation":[0.25,4.5,0]},"firstperson_lefthand":{"rotation":[-43,87,0],"translation":[0.25,4.5,0],"scale":[0,0,0]},"ground":{"translation":[0,3.75,0],"scale":[0.4,0.4,0.4]},"gui":{"rotation":[30,45,0],"translation":[0,5,0],"scale":[1.5,1.5,1.5]},"head":{"translation":[0,21.75,0],"scale":[2,2,2]},"fixed":{"rotation":[-90,0,0],"translation":[0,0,-16],"scale":[2,2,2]}}}