{"credit":"Made with Blockbench","texture_size":[32,32],"textures":{"0":"custom/cosmetics/spring/carrot_cane","particle":"custom/cosmetics/spring/carrot_cane"},"elements":[{"from":[5.5,0,5.5],"to":[10.5,11,10.5],"faces":{"north":{"uv":[0,0,2.5,5.5],"texture":"#0"},"east":{"uv":[0,0,2.5,5.5],"texture":"#0"},"south":{"uv":[0,0,2.5,5.5],"texture":"#0"},"west":{"uv":[0,0,2.5,5.5],"texture":"#0"},"up":{"uv":[0,5.5,2.5,8],"texture":"#0"},"down":{"uv":[0,5,0.5,5.5],"texture":"#0"}}},{"from":[5.3,-0.2,5.3],"to":[10.7,11.2,10.7],"faces":{"north":{"uv":[12.5,0,15,5.5],"texture":"#0","tintindex":0},"east":{"uv":[12.5,0,15,5.5],"texture":"#0","tintindex":0},"south":{"uv":[12.5,0,15,5.5],"texture":"#0","tintindex":0},"west":{"uv":[12.5,0,15,5.5],"texture":"#0","tintindex":0}}},{"from":[6.5,-10,6.5],"to":[9.5,0,9.5],"faces":{"north":{"uv":[2.5,0,4,5],"texture":"#0"},"east":{"uv":[2.5,0,4,5],"texture":"#0"},"south":{"uv":[2.5,0,4,5],"texture":"#0"},"west":{"uv":[2.5,0,4,5],"texture":"#0"},"up":{"uv":[0,5,0.5,5.5],"texture":"#0"},"down":{"uv":[0,5,0.5,5.5],"texture":"#0"}}},{"name":"cube inverted","from":[10.7,11.2,10.7],"to":[5.3,-0.2,5.3],"faces":{"north":{"uv":[12.5,5.5,15,0],"texture":"#0","tintindex":0},"east":{"uv":[12.5,5.5,15,0],"texture":"#0","tintindex":0},"south":{"uv":[12.5,5.5,15,0],"texture":"#0","tintindex":0},"west":{"uv":[12.5,5.5,15,0],"texture":"#0","tintindex":0}}},{"from":[2.5,-0.5,5],"to":[13.5,8.5,5],"faces":{"north":{"uv":[7,0,12.5,4.5],"texture":"#0","tintindex":0},"south":{"uv":[7,0,12.5,4.5],"texture":"#0","tintindex":0}}},{"from":[5.5,8,7],"to":[10.5,21,7],"rotation":{"angle":-22.5,"axis":"x","origin":[8,11,7.5]},"faces":{"north":{"uv":[4,0,6.5,6.5],"texture":"#0"},"south":{"uv":[4,0,6.5,6.5],"texture":"#0"}}},{"from":[5.5,8,9],"to":[10.5,21,9],"rotation":{"angle":22.5,"axis":"x","origin":[8,11,8]},"faces":{"north":{"uv":[4,0,6.5,6.5],"texture":"#0"},"south":{"uv":[4,0,6.5,6.5],"texture":"#0"}}},{"from":[7,8,5.5],"to":[7,21,10.5],"rotation":{"angle":22.5,"axis":"z","origin":[8,11,8]},"faces":{"east":{"uv":[4,0,6.5,6.5],"texture":"#0"},"west":{"uv":[4,0,6.5,6.5],"texture":"#0"}}},{"from":[9,8,5.5],"to":[9,21,10.5],"rotation":{"angle":-22.5,"axis":"z","origin":[8,11,8]},"faces":{"east":{"uv":[4,0,6.5,6.5],"texture":"#0"},"west":{"uv":[4,0,6.5,6.5],"texture":"#0"}}},{"from":[5.5,11,8],"to":[10.5,24,8],"rotation":{"angle":-45,"axis":"y","origin":[8,17.5,8]},"faces":{"north":{"uv":[4,0,6.5,6.5],"texture":"#0"},"south":{"uv":[4,0,6.5,6.5],"texture":"#0"}}},{"from":[5.5,11,8],"to":[10.5,24,8],"rotation":{"angle":45,"axis":"y","origin":[8,17.5,8]},"faces":{"north":{"uv":[4,0,6.5,6.5],"texture":"#0"},"south":{"uv":[4,0,6.5,6.5],"texture":"#0"}}}],"display":{"thirdperson_righthand":{"rotation":[57.0,14.0,13.0],"translation":[-3.578125,2.921875,3.671875],"scale":[0.9375,0.9375,0.9375]},"thirdperson_lefthand":{"rotation":[57,-14,-13],"translation":[1.75,3.25,3.25]},"firstperson_righthand":{"scale":[0,0,0]},"firstperson_lefthand":{"scale":[0,0,0]},"gui":{"rotation":[0,137,50],"translation":[0.25,0.5,0],"scale":[0.62,0.62,0.62]}}}