{"credit":"Made with Blockbench","texture_size":[64,64],"textures":{"0":"custom/cosmetics/spring/chick_hat","particle":"custom/cosmetics/spring/chick_hat"},"elements":[{"from":[3,-2,2],"to":[13,2,12],"faces":{"north":{"uv":[0,6.5,2.5,7.5],"texture":"#0"},"east":{"uv":[0,6.5,2.5,7.5],"texture":"#0"},"south":{"uv":[0,6.5,2.5,7.5],"texture":"#0"},"west":{"uv":[0,6.5,2.5,7.5],"texture":"#0"},"up":{"uv":[0,7.75,2.5,10.25],"texture":"#0"},"down":{"uv":[5.25,7.75,2.75,10.25],"rotation":90,"texture":"#0"}}},{"from":[12.25,0,12.75],"to":[20.25,8,12.75],"rotation":{"angle":-45,"axis":"y","origin":[14,4,12]},"faces":{"north":{"uv":[2.75,5.75,4.75,7.75],"texture":"#0"},"south":{"uv":[4.75,5.75,2.75,7.75],"texture":"#0"}}},{"from":[-1.75,0.75,11],"to":[5.25,3.75,11],"rotation":{"angle":-22.5,"axis":"z","origin":[2.5,1.5,11]},"faces":{"north":{"uv":[5.25,7,7,7.75],"texture":"#0"},"south":{"uv":[7,7,5.25,7.75],"texture":"#0"}}},{"from":[8.5,0.5,9.25],"to":[8.5,3.5,16.25],"rotation":{"angle":22.5,"axis":"x","origin":[2.5,1.5,11]},"faces":{"east":{"uv":[7,7,5.25,7.75],"texture":"#0"},"west":{"uv":[5.25,7,7,7.75],"texture":"#0"}}},{"from":[11.5,-2.25,-2.25],"to":[11.5,0.75,4.75],"rotation":{"angle":22.5,"axis":"x","origin":[2.5,1.5,5]},"faces":{"east":{"uv":[5.25,7,7,7.75],"texture":"#0"},"west":{"uv":[7,7,5.25,7.75],"texture":"#0"}}},{"from":[10,-1,7.25],"to":[17,2,7.25],"rotation":{"angle":-22.5,"axis":"z","origin":[13.5,1.5,8]},"faces":{"north":{"uv":[7,7,5.25,7.75],"texture":"#0"},"south":{"uv":[5.25,7,7,7.75],"texture":"#0"}}},{"from":[-1.75,-1.25,6],"to":[5.25,1.75,6],"rotation":{"angle":22.5,"axis":"z","origin":[2.5,1.5,11]},"faces":{"north":{"uv":[5.25,6,7,6.75],"texture":"#0"},"south":{"uv":[7,6,5.25,6.75],"texture":"#0"}}}],"display":{"thirdperson_righthand":{"rotation":[94.0,0,0],"translation":[-1.0,-3.5625,24.882812],"scale":[0.9375,0.9375,0.9375]},"thirdperson_lefthand":{"rotation":[89,34,-15],"translation":[0,1.75,2.5],"scale":[0.47,0.47,0.47]},"firstperson_righthand":{"rotation":[9,117,0],"translation":[2.25,2.75,-3.5]},"firstperson_lefthand":{"rotation":[9,117,0],"translation":[2.25,2.75,-3.5]},"ground":{"rotation":[31,0,0],"translation":[0,2,0],"scale":[0.47,0.47,0.47]},"gui":{"rotation":[7,138,12],"translation":[0.75,3.25,0],"scale":[0.89,0.89,0.89]},"head":{"rotation":[4,0,0],"translation":[0,19,2.5],"scale":[1.6,1.6,1.6]},"fixed":{"rotation":[-61,0,0],"translation":[0,-0.75,-13.5],"scale":[2,2,2]}}}