{"credit":"Made with Blockbench","texture_size":[64,64],"textures":{"0":"custom/cosmetics/spring/chick_hat","3":"custom/cosmetics/spring/chick_hat_wings_constant","particle":"custom/cosmetics/spring/chick_hat"},"elements":[{"from":[5.5,7.03163,1.21885],"to":[10.5,12.03163,6.21885],"rotation":{"angle":0,"axis":"x","origin":[8,4.95202,5.94576]},"faces":{"north":{"uv":[5,0,6.25,1.25],"texture":"#0","tintindex":0},"east":{"uv":[7.5,0,6.25,1.25],"texture":"#0","tintindex":0},"south":{"uv":[2.5,0,3.75,1.25],"texture":"#0","tintindex":0},"west":{"uv":[6.25,0,7.5,1.25],"texture":"#0","tintindex":0},"up":{"uv":[3.75,0,5,1.25],"rotation":180,"texture":"#0","tintindex":0},"down":{"uv":[2.5,0.75,3,1.25],"texture":"#0","tintindex":0}}},{"from":[4.5,2,3],"to":[11.5,8,11],"rotation":{"angle":22.5,"axis":"x","origin":[8,4.95202,5.94576]},"faces":{"north":{"uv":[0,3.5,1.75,5],"texture":"#0","tintindex":0},"east":{"uv":[3.75,3.5,1.75,5],"texture":"#0","tintindex":0},"south":{"uv":[3.75,3.5,5.5,5],"texture":"#0","tintindex":0},"west":{"uv":[1.75,3.5,3.75,5],"texture":"#0","tintindex":0},"up":{"uv":[0,1.5,1.75,3.5],"rotation":180,"texture":"#0","tintindex":0},"down":{"uv":[3.75,1.5,5.5,3.5],"texture":"#0","tintindex":0}}},{"from":[6.5,7.03163,0.21885],"to":[9.5,9.03163,1.21885],"rotation":{"angle":0,"axis":"x","origin":[8,4.95202,5.94576]},"faces":{"north":{"uv":[0.25,0.75,1,1.25],"texture":"#0"},"east":{"uv":[0.75,0.75,1,1.25],"texture":"#0"},"south":{"uv":[0.75,0.75,1,1.25],"texture":"#0"},"west":{"uv":[0.75,0.75,1,1.25],"texture":"#0"},"up":{"uv":[0.25,0.75,1,1],"texture":"#0"},"down":{"uv":[0.25,1,1,1.25],"texture":"#0"}}},{"from":[3.5,2.0538,5.62788],"to":[4.5,8.0538,9.62788],"rotation":{"angle":22.5,"axis":"x","origin":[2.75,5.8038,6.62788]},"faces":{"north":{"uv":[12,3,6,4],"rotation":270,"texture":"#3","tintindex":0},"east":{"uv":[6,0,12,4],"rotation":270,"texture":"#3","tintindex":0},"south":{"uv":[12,0,6,1],"rotation":90,"texture":"#3","tintindex":0},"west":{"uv":[12,0,6,4],"rotation":90,"texture":"#3","tintindex":0},"up":{"uv":[12,0,11,4],"rotation":180,"texture":"#3","tintindex":0},"down":{"uv":[7,0,6,4],"texture":"#3","tintindex":0}}},{"from":[-1.5,6.0538,5.62788],"to":[4.5,7.0538,9.62788],"rotation":{"angle":22.5,"axis":"x","origin":[2.75,5.8038,6.62788]},"faces":{"north":{"uv":[0,3,6,4],"texture":"#3","tintindex":0},"east":{"uv":[1,0,0,4],"rotation":270,"texture":"#3","tintindex":0},"south":{"uv":[6,0,0,1],"texture":"#3","tintindex":0},"west":{"uv":[6,0,5,4],"rotation":90,"texture":"#3","tintindex":0},"up":{"uv":[0,0,6,4],"rotation":180,"texture":"#3","tintindex":0},"down":{"uv":[6,0,0,4],"texture":"#3","tintindex":0}}},{"from":[6.5,3.19897,10.84347],"to":[9.5,6.19897,13.84347],"rotation":{"angle":0,"axis":"x","origin":[8,4.95202,5.94576]},"faces":{"east":{"uv":[2.5,2.25,1.75,3],"texture":"#0","tintindex":0},"west":{"uv":[1.75,2.25,2.5,3],"texture":"#0","tintindex":0},"up":{"uv":[1.75,1.5,2.5,2.25],"texture":"#0","tintindex":0}}},{"name":"cube inverted","from":[9.5,6.19897,13.84347],"to":[6.5,3.19897,10.84347],"rotation":{"angle":0,"axis":"x","origin":[8,4.95202,5.94576]},"faces":{"east":{"uv":[1.75,3,2.5,2.25],"texture":"#0","tintindex":0},"west":{"uv":[2.5,3,1.75,2.25],"texture":"#0","tintindex":0},"down":{"uv":[2.5,1.5,1.75,2.25],"texture":"#0","tintindex":0}}},{"from":[4.5,-2.60958,5.41249],"to":[7.5,2.39042,7.41249],"rotation":{"angle":-22.5,"axis":"z","origin":[6,0.39042,6.41249]},"faces":{"south":{"uv":[2.5,1.25,3.25,2],"texture":"#0"},"down":{"uv":[2.5,2,3.25,2.5],"texture":"#0"}}},{"name":"cube inverted","from":[4.5,7.0538,9.62788],"to":[-1.5,6.0538,5.62788],"rotation":{"angle":22.5,"axis":"x","origin":[2.75,5.8038,6.62788]},"faces":{"north":{"uv":[0,0,6,1],"rotation":180,"texture":"#3","tintindex":0},"east":{"uv":[6,4,5,0],"rotation":270,"texture":"#3","tintindex":0},"south":{"uv":[6,3,0,4],"rotation":180,"texture":"#3","tintindex":0},"west":{"uv":[1,4,0,0],"rotation":90,"texture":"#3","tintindex":0},"up":{"uv":[6,4,0,0],"rotation":180,"texture":"#3","tintindex":0},"down":{"uv":[0,4,6,0],"texture":"#3","tintindex":0}}},{"from":[11.5,6.0538,5.62788],"to":[17.5,7.0538,9.62788],"rotation":{"angle":22.5,"axis":"x","origin":[13.25,5.8038,6.62788]},"faces":{"north":{"uv":[6,3,0,4],"texture":"#3","tintindex":0},"east":{"uv":[6,4,5,0],"rotation":90,"texture":"#3","tintindex":0},"south":{"uv":[0,0,6,1],"texture":"#3","tintindex":0},"west":{"uv":[1,4,0,0],"rotation":270,"texture":"#3","tintindex":0},"up":{"uv":[6,0,0,4],"rotation":180,"texture":"#3","tintindex":0},"down":{"uv":[0,0,6,4],"texture":"#3","tintindex":0}}},{"from":[11.5,2.0538,5.62788],"to":[12.5,8.0538,9.62788],"rotation":{"angle":22.5,"axis":"x","origin":[13.25,5.8038,6.62788]},"faces":{"north":{"uv":[12,4,6,3],"rotation":270,"texture":"#3","tintindex":0},"east":{"uv":[12,4,6,0],"rotation":90,"texture":"#3","tintindex":0},"south":{"uv":[12,1,6,0],"rotation":90,"texture":"#3","tintindex":0},"west":{"uv":[6,4,12,0],"rotation":270,"texture":"#3","tintindex":0},"up":{"uv":[11,0,12,4],"rotation":180,"texture":"#3","tintindex":0},"down":{"uv":[6,0,7,4],"texture":"#3","tintindex":0}}},{"name":"cube inverted","from":[17.5,7.0538,9.62788],"to":[11.5,6.0538,5.62788],"rotation":{"angle":22.5,"axis":"x","origin":[13.25,5.8038,6.62788]},"faces":{"north":{"uv":[6,0,0,1],"rotation":180,"texture":"#3","tintindex":0},"east":{"uv":[1,0,0,4],"rotation":90,"texture":"#3","tintindex":0},"south":{"uv":[0,3,6,4],"rotation":180,"texture":"#3","tintindex":0},"west":{"uv":[6,0,5,4],"rotation":270,"texture":"#3","tintindex":0},"up":{"uv":[0,4,6,0],"rotation":180,"texture":"#3","tintindex":0},"down":{"uv":[6,4,0,0],"texture":"#3","tintindex":0}}},{"name":"cube inverted","from":[7.5,2.39042,7.41249],"to":[4.5,-2.60958,5.41249],"rotation":{"angle":-22.5,"axis":"z","origin":[6,0.39042,6.41249]},"faces":{"north":{"uv":[2.5,2,3.25,1.25],"texture":"#0"},"up":{"uv":[3.25,2,2.5,2.5],"texture":"#0"}}},{"from":[8.5,-2.60958,5.41249],"to":[11.5,2.39042,7.41249],"rotation":{"angle":22.5,"axis":"z","origin":[10,0.39042,6.41249]},"faces":{"south":{"uv":[3.25,1.25,2.5,2],"texture":"#0"},"down":{"uv":[3.25,2,2.5,2.5],"texture":"#0"}}},{"name":"cube inverted","from":[11.5,2.39042,7.41249],"to":[8.5,-2.60958,5.41249],"rotation":{"angle":22.5,"axis":"z","origin":[10,0.39042,6.41249]},"faces":{"north":{"uv":[3.25,2,2.5,1.25],"texture":"#0"},"up":{"uv":[2.5,2,3.25,2.5],"texture":"#0"}}}],"display":{"thirdperson_righthand":{"rotation":[94,0,0],"translation":[-1,-3.5,12.75],"scale":[0.9375,0.9375,0.9375]},"thirdperson_lefthand":{"rotation":[89,34,-15],"translation":[0,1.75,2.5],"scale":[0.47,0.47,0.47]},"firstperson_righthand":{"rotation":[9,117,0],"translation":[2.25,2.75,-3.5]},"firstperson_lefthand":{"rotation":[9,117,0],"translation":[2.25,2.75,-3.5]},"ground":{"rotation":[31,0,0],"translation":[0,2,0],"scale":[0.47,0.47,0.47]},"gui":{"rotation":[7,138,12],"translation":[0.75,3.25,0],"scale":[0.89,0.89,0.89]},"head":{"rotation":[4,0,0],"translation":[0,19,2.5],"scale":[1.6,1.6,1.6]},"fixed":{"rotation":[-61,0,0],"translation":[0,-0.75,-13.5],"scale":[2,2,2]}}}