{"credit":"Made with Blockbench","texture_size":[32,32],"textures":{"0":"custom/cosmetics/spring/flower_basket","1":"custom/furniture/easter/flower_wreath","particle":"custom/cosmetics/spring/flower_basket"},"elements":[{"from":[2.41667,2,2.48333],"to":[14.41667,8,14.48333],"rotation":{"angle":0,"axis":"y","origin":[8.45,8.53333,8.03333]},"faces":{"north":{"uv":[0,0,6,3],"texture":"#0"},"east":{"uv":[0,0,6,3],"texture":"#0"},"south":{"uv":[0,0,6,3],"texture":"#0"},"west":{"uv":[0,0,6,3],"texture":"#0"},"up":{"uv":[6,0,12,6],"rotation":270,"texture":"#0"},"down":{"uv":[0,4,6,10],"rotation":90,"texture":"#0"}}},{"from":[7.41667,4,3.48333],"to":[10.41667,9,6.48333],"rotation":{"angle":0,"axis":"y","origin":[8.45,8.53333,8.03333]},"faces":{"north":{"uv":[13.5,9.5,15,12],"texture":"#0"},"east":{"uv":[13.5,9.5,15,12],"texture":"#0"},"south":{"uv":[13.5,9.5,15,12],"texture":"#0"},"west":{"uv":[13.5,9.5,15,12],"texture":"#0"},"up":{"uv":[13.5,8,15,9.5],"rotation":270,"texture":"#0"}}},{"from":[2.41667,8,7.48333],"to":[3.41667,16,9.48333],"rotation":{"angle":0,"axis":"y","origin":[8.45,8.53333,8.03333]},"faces":{"north":{"uv":[3,10,3.5,14],"texture":"#0"},"east":{"uv":[2.5,10,3.5,14],"texture":"#0"},"south":{"uv":[3,10,3.5,14],"texture":"#0"},"west":{"uv":[2.5,10,3.5,14],"texture":"#0"},"up":{"uv":[2.5,10,3.5,10.5],"rotation":270,"texture":"#0"}}},{"from":[13.41667,8,7.48333],"to":[14.41667,16,9.48333],"rotation":{"angle":0,"axis":"y","origin":[8.45,8.53333,8.03333]},"faces":{"north":{"uv":[3,10,3.5,14],"texture":"#0"},"east":{"uv":[2.5,10,3.5,14],"texture":"#0"},"south":{"uv":[3,10,3.5,14],"texture":"#0"},"west":{"uv":[2.5,10,3.5,14],"texture":"#0"},"up":{"uv":[2.5,10,3.5,10.5],"rotation":270,"texture":"#0"}}},{"from":[3.41667,15,7.48333],"to":[13.41667,16,9.48333],"rotation":{"angle":0,"axis":"y","origin":[8.45,8.53333,8.03333]},"faces":{"north":{"uv":[4,10,4.5,15],"rotation":90,"texture":"#0"},"south":{"uv":[4,10,4.5,15],"rotation":90,"texture":"#0"},"up":{"uv":[3.5,10,4.5,15],"rotation":270,"texture":"#0"},"down":{"uv":[3.5,10,4.5,15],"rotation":90,"texture":"#0"}}},{"from":[2.31667,-1.1,2.38333],"to":[14.51667,7.1,14.58333],"rotation":{"angle":0,"axis":"y","origin":[8.45,8.53333,8.03333]},"faces":{"north":{"uv":[6,6,12,10],"texture":"#0","tintindex":0},"east":{"uv":[6,6,12,10],"texture":"#0","tintindex":0},"south":{"uv":[6,6,12,10],"texture":"#0","tintindex":0},"west":{"uv":[6,6,12,10],"texture":"#0","tintindex":0}}},{"from":[3.41667,-1,2.23333],"to":[13.41667,7,2.23333],"rotation":{"angle":0,"axis":"y","origin":[8.45,8.53333,8.03333]},"faces":{"north":{"uv":[4.5,10,9.5,14],"texture":"#0","tintindex":0},"south":{"uv":[4.5,10,9.5,14],"texture":"#0","tintindex":0}}},{"from":[11.23463,8.25,3.84776],"to":[13.23463,8.25,5.84776],"rotation":{"angle":22.5,"axis":"y","origin":[12.23463,8.25,4.84776]},"faces":{"up":{"uv":[15,0,16,1],"rotation":270,"texture":"#1"},"down":{"uv":[15,0,16,1],"rotation":270,"texture":"#1"}}},{"from":[9.23463,8.25,1.84776],"to":[15.23463,8.25,7.84776],"rotation":{"angle":22.5,"axis":"y","origin":[12.23463,8.25,4.84776]},"faces":{"up":{"uv":[8,0,11,3],"rotation":270,"texture":"#1","tintindex":0},"down":{"uv":[8,0,11,3],"rotation":270,"texture":"#1","tintindex":0}}},{"from":[4.23463,8.25,3.84776],"to":[6.23463,8.25,5.84776],"rotation":{"angle":0,"axis":"y","origin":[12.23463,9.25,4.84776]},"faces":{"up":{"uv":[15,0,16,1],"rotation":270,"texture":"#1"},"down":{"uv":[15,0,16,1],"rotation":270,"texture":"#1"}}},{"from":[2.23463,8.25,1.84776],"to":[8.23463,8.25,7.84776],"rotation":{"angle":0,"axis":"y","origin":[12.23463,9.25,4.84776]},"faces":{"up":{"uv":[8,0,11,3],"rotation":270,"texture":"#1","tintindex":0},"down":{"uv":[8,0,11,3],"rotation":270,"texture":"#1","tintindex":0}}},{"from":[9.23463,8.75,11.84776],"to":[15.23463,8.75,17.84776],"rotation":{"angle":-45,"axis":"y","origin":[12.23463,9.25,4.84776]},"faces":{"up":{"uv":[8,0,11,3],"rotation":180,"texture":"#1","tintindex":0},"down":{"uv":[8,0,11,3],"texture":"#1","tintindex":0}}},{"from":[11,8.5,8],"to":[12,8.5,9],"rotation":{"angle":0,"axis":"x","origin":[11.5,16.5,6.5]},"faces":{"up":{"uv":[14,0.5,14.5,1],"rotation":180,"texture":"#1"},"down":{"uv":[14,0.5,14.5,1],"texture":"#1"}}},{"from":[10,8.5,7],"to":[13,8.5,10],"rotation":{"angle":0,"axis":"x","origin":[11.5,16.5,6.5]},"faces":{"up":{"uv":[11,0,12.5,1.5],"rotation":180,"texture":"#1","tintindex":0},"down":{"uv":[11,0,12.5,1.5],"texture":"#1","tintindex":0}}},{"from":[7.5,8.5,9],"to":[10.5,8.5,12],"rotation":{"angle":22.5,"axis":"y","origin":[9,8.5,10.5]},"faces":{"up":{"uv":[11,0,12.5,1.5],"rotation":180,"texture":"#1","tintindex":0},"down":{"uv":[11,0,12.5,1.5],"texture":"#1","tintindex":0}}},{"from":[8.5,8.5,10],"to":[9.5,8.5,11],"rotation":{"angle":22.5,"axis":"y","origin":[9,8.5,10.5]},"faces":{"up":{"uv":[14,0.5,14.5,1],"rotation":180,"texture":"#1"},"down":{"uv":[14,0.5,14.5,1],"texture":"#1"}}},{"from":[6.25628,8.5,5.99739],"to":[9.25628,8.5,8.99739],"rotation":{"angle":45,"axis":"y","origin":[7.75628,8.5,7.49739]},"faces":{"up":{"uv":[11,0,12.5,1.5],"rotation":180,"texture":"#1","tintindex":0},"down":{"uv":[11,0,12.5,1.5],"texture":"#1","tintindex":0}}},{"from":[7.25628,8.5,6.99739],"to":[8.25628,8.5,7.99739],"rotation":{"angle":45,"axis":"y","origin":[7.75628,8.5,7.49739]},"faces":{"up":{"uv":[14,0.5,14.5,1],"rotation":180,"texture":"#1"},"down":{"uv":[14,0.5,14.5,1],"texture":"#1"}}},{"from":[3.67785,8.5,7.66161],"to":[6.67785,8.5,10.66161],"rotation":{"angle":-22.5,"axis":"y","origin":[4.92785,8.5,8.91161]},"faces":{"up":{"uv":[11,0,12.5,1.5],"rotation":180,"texture":"#1","tintindex":0},"down":{"uv":[11,0,12.5,1.5],"texture":"#1","tintindex":0}}},{"from":[4.67785,8.5,8.66161],"to":[5.67785,8.5,9.66161],"rotation":{"angle":-22.5,"axis":"y","origin":[4.92785,8.5,8.91161]},"faces":{"up":{"uv":[14,0.5,14.5,1],"rotation":180,"texture":"#1"},"down":{"uv":[14,0.5,14.5,1],"texture":"#1"}}},{"from":[10.61313,8.5,10.58239],"to":[13.61313,8.5,13.58239],"rotation":{"angle":-45,"axis":"y","origin":[11.61313,8.5,11.58239]},"faces":{"up":{"uv":[11,0,12.5,1.5],"rotation":180,"texture":"#1","tintindex":0},"down":{"uv":[11,0,12.5,1.5],"texture":"#1","tintindex":0}}},{"from":[11.61313,8.5,11.58239],"to":[12.61313,8.5,12.58239],"rotation":{"angle":-45,"axis":"y","origin":[11.61313,8.5,11.58239]},"faces":{"up":{"uv":[14,0.5,14.5,1],"rotation":180,"texture":"#1"},"down":{"uv":[14,0.5,14.5,1],"texture":"#1"}}},{"from":[11.23463,8.75,13.84776],"to":[13.23463,8.75,15.84776],"rotation":{"angle":-45,"axis":"y","origin":[12.23463,9.25,4.84776]},"faces":{"up":{"uv":[15,0,16,1],"rotation":180,"texture":"#1"},"down":{"uv":[15,0,16,1],"texture":"#1"}}},{"from":[13.75,7.75,6.25],"to":[17.75,11.75,6.25],"rotation":{"angle":22.5,"axis":"y","origin":[17,4,9.25]},"faces":{"north":{"uv":[8,9.5,6,11.5],"texture":"#1"},"south":{"uv":[6,9.5,8,11.5],"texture":"#1"}}},{"from":[1,7.5,2.5],"to":[4,10.5,2.5],"rotation":{"angle":-45,"axis":"y","origin":[2.5,9,3.5]},"faces":{"north":{"uv":[6.5,9.5,8,8],"rotation":270,"texture":"#1"},"south":{"uv":[8,9.5,6.5,8],"rotation":90,"texture":"#1"}}},{"from":[9,7.5,16.5],"to":[12,10.5,16.5],"rotation":{"angle":-45,"axis":"y","origin":[13.5,9,12.5]},"faces":{"north":{"uv":[8,9.5,6.5,8],"rotation":90,"texture":"#1"},"south":{"uv":[6.5,9.5,8,8],"rotation":270,"texture":"#1"}}},{"name":"cube inverted","from":[14.51667,7.1,14.58333],"to":[2.31667,-1.1,2.38333],"rotation":{"angle":0,"axis":"y","origin":[8.45,8.53333,8.03333]},"faces":{"north":{"uv":[6,10,12,6],"texture":"#0","tintindex":0},"east":{"uv":[6,10,12,6],"texture":"#0","tintindex":0},"south":{"uv":[6,10,12,6],"texture":"#0","tintindex":0},"west":{"uv":[6,10,12,6],"texture":"#0","tintindex":0}}}],"display":{"thirdperson_righthand":{"rotation":[66.0,19.0,-0.0],"translation":[-2.875,-3.875,-3.359375],"scale":[0.778125,0.778125,0.778125]},"thirdperson_lefthand":{"rotation":[66,-19,0],"translation":[1,-4,-4.25],"scale":[0.83,0.83,0.83]},"firstperson_righthand":{"rotation":[-5,28,0],"translation":[6,-7.5,0.25]},"firstperson_lefthand":{"rotation":[-5,28,0],"translation":[6,-7.5,0.25],"scale":[0,0,0]},"gui":{"rotation":[30,135,0],"translation":[0,0.5,0],"scale":[0.77,0.77,0.77]}},"groups":[{"name":"group","origin":[0,0,0],"color":0,"children":[0,1,2,3,4]},5,6,7,8,9,10,11,12,13,14,15,16,17,18,19,20,21,22,23,24,25,26]}