{"credit":"Made with Blockbench","texture_size":[32,32],"textures":{"0":"custom/cosmetics/spring/flower_pedal_hat","particle":"custom/cosmetics/spring/flower_pedal_hat"},"elements":[{"from":[4,0,-3],"to":[12,0,4],"faces":{"up":{"uv":[1,9,9,16],"texture":"#0","tintindex":0},"down":{"uv":[9,16,1,9],"texture":"#0","tintindex":0}}},{"from":[12,0,3],"to":[21,0,13],"rotation":{"angle":-22.5,"axis":"z","origin":[12,0,8]},"faces":{"up":{"uv":[0,0,10,9],"rotation":90,"texture":"#0","tintindex":0},"down":{"uv":[0,0,10,9],"rotation":90,"texture":"#0","tintindex":0}}},{"from":[-5,0,3],"to":[4,0,13],"rotation":{"angle":22.5,"axis":"z","origin":[4,0,8]},"faces":{"up":{"uv":[10,9,0,0],"rotation":90,"texture":"#0","tintindex":0},"down":{"uv":[10,9,0,0],"rotation":90,"texture":"#0","tintindex":0}}},{"from":[3,0,12],"to":[13,0,21],"rotation":{"angle":22.5,"axis":"x","origin":[8,0,12]},"faces":{"up":{"uv":[10,9,0,0],"texture":"#0","tintindex":0},"down":{"uv":[10,9,0,0],"rotation":180,"texture":"#0","tintindex":0}}},{"from":[-2,-2,11],"to":[4,-2,17],"rotation":{"angle":45,"axis":"z","origin":[4,-2,11]},"faces":{"up":{"uv":[16,6,10,0],"texture":"#0"},"down":{"uv":[16,6,10,0],"rotation":90,"texture":"#0"}}},{"from":[12,-2,11],"to":[18,-2,17],"rotation":{"angle":-45,"axis":"z","origin":[12,-2,11]},"faces":{"up":{"uv":[10,6,16,0],"texture":"#0"},"down":{"uv":[16,0,10,6],"rotation":90,"texture":"#0"}}},{"from":[2,0.5,2],"to":[5,0.5,5],"rotation":{"angle":0,"axis":"y","origin":[0,0,16]},"faces":{"up":{"uv":[10,9,13,6],"rotation":180,"texture":"#0"},"down":{"uv":[13,6,10,9],"rotation":270,"texture":"#0"}}},{"from":[11,0.5,2],"to":[14,0.5,5],"rotation":{"angle":0,"axis":"y","origin":[16,0,16]},"faces":{"up":{"uv":[13,9,10,6],"rotation":180,"texture":"#0"},"down":{"uv":[10,9,13,6],"texture":"#0"}}}],"gui_light":"front","display":{"gui":{"rotation":[72,-180,0],"translation":[0,2,0],"scale":[0.64,0.64,0.64]},"head":{"rotation":[-80,0,0],"translation":[0,2,-16.75],"scale":[1.6,1.6,1.6]},"thirdperson_righthand":{"rotation":[10.0,0,0],"translation":[-1.0,8.46875,14.921875],"scale":[0.9375,0.9375,0.9375]}}}