{"credit":"Made with Blockbench","texture_size":[64,64],"textures":{"0":"custom/cosmetics/spring/hatched_egg_hat","particle":"custom/cosmetics/spring/hatched_egg_hat"},"elements":[{"from":[2,8,2],"to":[14,13,14],"faces":{"north":{"uv":[0,0.75,3,2],"texture":"#0","tintindex":0},"east":{"uv":[0,0.75,3,2],"texture":"#0","tintindex":0},"south":{"uv":[0,0.75,3,2],"texture":"#0","tintindex":0},"west":{"uv":[0,0.75,3,2],"texture":"#0","tintindex":0},"up":{"uv":[0.25,2.5,3.25,5.5],"texture":"#0","tintindex":0}}},{"from":[2,8,2],"to":[14,13,14],"faces":{"north":{"uv":[3,0.75,6,2],"texture":"#0"},"east":{"uv":[3,0.75,6,2],"texture":"#0"},"south":{"uv":[3,0.75,6,2],"texture":"#0"},"west":{"uv":[3,0.75,6,2],"texture":"#0"}}},{"from":[4,13,4],"to":[12,16,12],"faces":{"north":{"uv":[0.5,0,2.5,0.75],"texture":"#0","tintindex":0},"east":{"uv":[0.5,0,2.5,0.75],"texture":"#0","tintindex":0},"south":{"uv":[0.5,0,2.5,0.75],"texture":"#0","tintindex":0},"west":{"uv":[0.5,0,2.5,0.75],"texture":"#0","tintindex":0},"up":{"uv":[1,3.25,2.5,4.75],"texture":"#0","tintindex":0}}},{"from":[4,13,4],"to":[12,16,12],"faces":{"north":{"uv":[3.5,0,5.5,0.75],"texture":"#0"},"east":{"uv":[3.5,0,5.5,0.75],"texture":"#0"},"south":{"uv":[3.5,0,5.5,0.75],"texture":"#0"},"west":{"uv":[3.5,0,5.5,0.75],"texture":"#0"}}},{"from":[1,2,1],"to":[15,8,15],"faces":{"north":{"uv":[3.75,4.25,7.25,5.75],"texture":"#0","tintindex":0},"east":{"uv":[3.75,4.25,7.25,5.75],"texture":"#0","tintindex":0},"south":{"uv":[3.75,4.25,7.25,5.75],"texture":"#0","tintindex":0},"west":{"uv":[3.75,4.25,7.25,5.75],"texture":"#0","tintindex":0},"up":{"uv":[0,2.25,3.5,5.75],"texture":"#0","tintindex":0}}},{"from":[1,2,1],"to":[15,8,15],"faces":{"north":{"uv":[7.25,4.25,10.75,5.75],"texture":"#0"},"east":{"uv":[7.25,4.25,10.75,5.75],"texture":"#0"},"south":{"uv":[7.25,4.25,10.75,5.75],"texture":"#0"},"west":{"uv":[7.25,4.25,10.75,5.75],"texture":"#0"}}},{"name":"cube inverted","from":[14,13,14],"to":[2,8,2],"faces":{"north":{"uv":[3,2,6,0.75],"texture":"#0"},"east":{"uv":[3,2,6,0.75],"texture":"#0"},"south":{"uv":[3,2,6,0.75],"texture":"#0"},"west":{"uv":[3,2,6,0.75],"texture":"#0"}}},{"name":"cube inverted","from":[14,13,14],"to":[2,8,2],"faces":{"north":{"uv":[0,2,3,0.75],"texture":"#0","tintindex":0},"east":{"uv":[0,2,3,0.75],"texture":"#0","tintindex":0},"south":{"uv":[0,2,3,0.75],"texture":"#0","tintindex":0},"west":{"uv":[0,2,3,0.75],"texture":"#0","tintindex":0},"down":{"uv":[3.25,2.5,0.25,5.5],"texture":"#0","tintindex":0}}},{"name":"cube inverted","from":[15,8,15],"to":[1,2,1],"faces":{"north":{"uv":[3.75,5.75,7.25,4.25],"texture":"#0","tintindex":0},"east":{"uv":[3.75,5.75,7.25,4.25],"texture":"#0","tintindex":0},"south":{"uv":[3.75,5.75,7.25,4.25],"texture":"#0","tintindex":0},"west":{"uv":[3.75,5.75,7.25,4.25],"texture":"#0","tintindex":0},"down":{"uv":[3.5,2.25,0,5.75],"texture":"#0","tintindex":0}}},{"name":"cube inverted","from":[15,8,15],"to":[1,2,1],"faces":{"north":{"uv":[7.25,5.75,10.75,4.25],"texture":"#0"},"east":{"uv":[7.25,5.75,10.75,4.25],"texture":"#0"},"south":{"uv":[7.25,5.75,10.75,4.25],"texture":"#0"},"west":{"uv":[7.25,5.75,10.75,4.25],"texture":"#0"}}}],"display":{"gui":{"rotation":[30,45,0],"scale":[0.72,0.72,0.72]},"head":{"rotation":[12,0,0],"translation":[0,7.75,0.5],"scale":[1.63,1.63,1.63]},"thirdperson_righthand":{"rotation":[102.0,0,0],"translation":[-1.0,-2.3125,18.291016],"scale":[0.9550781,0.9550781,0.9550781]}}}