{"credit":"Made with Blockbench","texture_size":[128,128],"textures":{"0":"custom/cosmetics/spring/mother_goose_balloon","particle":"custom/cosmetics/spring/mother_goose_balloon"},"elements":[{"from":[4.1,0,7.4],"to":[11.9,7.8,19.4],"rotation":{"angle":0,"axis":"y","origin":[4.1,0,7.4]},"faces":{"north":{"uv":[5.625,1.75,7.25,3.375],"texture":"#0"},"east":{"uv":[3,1.75,5.5,3.375],"texture":"#0"},"south":{"uv":[5.625,3.5,7.25,5.125],"texture":"#0"},"west":{"uv":[5.5,1.75,3,3.375],"texture":"#0"},"up":{"uv":[5.5,0,3,1.625],"rotation":90,"texture":"#0"},"down":{"uv":[5.625,0,8.125,1.625],"rotation":90,"texture":"#0"}}},{"from":[6.35,5.4,0.25],"to":[9.65,8.7,9.55],"rotation":{"angle":22.5,"axis":"x","origin":[8,9.3,6.1]},"faces":{"east":{"uv":[0,4,0.625,5.875],"rotation":90,"texture":"#0","tintindex":0},"west":{"uv":[0,4,0.625,5.875],"rotation":270,"texture":"#0","tintindex":0},"up":{"uv":[0,4,0.625,5.875],"texture":"#0","tintindex":0},"down":{"uv":[0,4,0.625,5.875],"rotation":180,"texture":"#0","tintindex":0}}},{"from":[6.5,5.55,0.4],"to":[9.5,8.55,9.4],"rotation":{"angle":22.5,"axis":"x","origin":[8,9.3,6.1]},"faces":{"north":{"uv":[0.125,2.125,0.375,2.375],"rotation":180,"texture":"#0"},"east":{"uv":[0,2.125,0.625,4],"rotation":90,"texture":"#0"},"south":{"uv":[0.125,3.875,0.25,4],"texture":"#0"},"west":{"uv":[0,2.125,0.625,4],"rotation":270,"texture":"#0"},"up":{"uv":[0,2.125,0.625,4],"texture":"#0"},"down":{"uv":[0,2.125,0.625,4],"rotation":180,"texture":"#0"}}},{"name":"cube inverted","from":[9.65,8.7,9.55],"to":[6.35,5.4,0.25],"rotation":{"angle":22.5,"axis":"x","origin":[8,9.3,6.1]},"faces":{"east":{"uv":[0,5.875,0.625,4],"rotation":90,"texture":"#0","tintindex":0},"west":{"uv":[0,5.875,0.625,4],"rotation":270,"texture":"#0","tintindex":0},"up":{"uv":[0,5.875,0.625,4],"texture":"#0","tintindex":0},"down":{"uv":[0,5.875,0.625,4],"rotation":180,"texture":"#0","tintindex":0}}},{"from":[5.9,7.8,-4.4],"to":[10.1,11.4,1],"rotation":{"angle":0,"axis":"y","origin":[4.1,0,7.6]},"faces":{"north":{"uv":[1.25,0,2.125,0.75],"texture":"#0"},"east":{"uv":[0,0,1.125,0.75],"texture":"#0"},"south":{"uv":[1,2.125,1.875,2.875],"texture":"#0"},"west":{"uv":[1.125,0,0,0.75],"texture":"#0"},"up":{"uv":[0,0.875,0.875,2],"rotation":180,"texture":"#0"},"down":{"uv":[1,0.875,1.875,2],"texture":"#0"}}},{"from":[6.5,7.8,-7.4],"to":[9.5,9.6,-4.4],"rotation":{"angle":0,"axis":"y","origin":[4.1,0,4]},"faces":{"north":{"uv":[2.25,1.25,2.875,1.625],"texture":"#0"},"east":{"uv":[2.25,0.75,2.875,1.125],"texture":"#0"},"west":{"uv":[2.875,0.75,2.25,1.125],"texture":"#0"},"up":{"uv":[2.25,0,2.875,0.625],"rotation":180,"texture":"#0"},"down":{"uv":[2.25,0,2.875,0.625],"texture":"#0"}}},{"from":[5.3,2.4,19.35],"to":[10.7,7.8,24.75],"rotation":{"angle":0,"axis":"y","origin":[4.1,0,3.2]},"faces":{"east":{"uv":[2.125,4.125,1,5.25],"texture":"#0"},"west":{"uv":[1,4.125,2.125,5.25],"texture":"#0"},"up":{"uv":[1,3,2.125,4.125],"rotation":90,"texture":"#0"}}},{"from":[5,-1.65,15.05],"to":[6.2,-0.45,19.85],"rotation":{"angle":22.5,"axis":"x","origin":[5.6,-1.8,18.65]},"faces":{"north":{"uv":[2.25,1.75,2.375,1.875],"rotation":180,"texture":"#0"},"east":{"uv":[2.25,1.75,2.5,2.75],"rotation":90,"texture":"#0"},"south":{"uv":[2.25,2.625,2.375,2.75],"texture":"#0"},"west":{"uv":[2.25,1.75,2.5,2.75],"rotation":270,"texture":"#0"},"up":{"uv":[2.25,1.75,2.5,2.75],"texture":"#0"},"down":{"uv":[2.25,1.75,2.5,2.75],"rotation":180,"texture":"#0"}}},{"from":[2.6,-6.75,20.15],"to":[8,-0.15,20.15],"rotation":{"angle":-22.5,"axis":"x","origin":[5.6,-1.8,18.65]},"faces":{"north":{"uv":[3,3.5,4.125,4.875],"rotation":180,"texture":"#0"},"south":{"uv":[3,3.5,4.125,4.875],"rotation":180,"texture":"#0"}}},{"from":[9.8,-1.65,15.05],"to":[11,-0.45,19.85],"rotation":{"angle":22.5,"axis":"x","origin":[10.4,-1.8,18.65]},"faces":{"north":{"uv":[2.375,1.75,2.25,1.875],"rotation":180,"texture":"#0"},"east":{"uv":[2.25,2.75,2.5,1.75],"rotation":270,"texture":"#0"},"south":{"uv":[2.375,2.625,2.25,2.75],"texture":"#0"},"west":{"uv":[2.25,2.75,2.5,1.75],"rotation":90,"texture":"#0"},"up":{"uv":[2.5,1.75,2.25,2.75],"texture":"#0"},"down":{"uv":[2.5,1.75,2.25,2.75],"rotation":180,"texture":"#0"}}},{"from":[8,-6.75,20.15],"to":[13.4,-0.15,20.15],"rotation":{"angle":-22.5,"axis":"x","origin":[10.4,-1.8,18.65]},"faces":{"north":{"uv":[4.125,3.5,3,4.875],"rotation":180,"texture":"#0"},"south":{"uv":[4.125,3.5,3,4.875],"rotation":180,"texture":"#0"}}},{"from":[11.8,7.25,7.45],"to":[30.4,7.85,14.65],"rotation":{"angle":0,"axis":"y","origin":[3.2,0,3.2]},"faces":{"north":{"uv":[9.625,3.875,9.5,0],"rotation":90,"texture":"#0"},"west":{"uv":[9.625,3.75,8.125,3.875],"texture":"#0"},"up":{"uv":[9.625,0,8.125,3.875],"rotation":90,"texture":"#0"},"down":{"uv":[8.125,0,9.625,3.875],"rotation":90,"texture":"#0"}}},{"name":"cube inverted","from":[30.4,7.85,14.65],"to":[11.8,7.25,7.45],"rotation":{"angle":0,"axis":"y","origin":[3.2,0,3.2]},"faces":{"east":{"uv":[9.625,3.875,8.125,3.75],"texture":"#0"},"south":{"uv":[9.5,3.875,9.625,0],"rotation":90,"texture":"#0"},"up":{"uv":[8.125,3.875,9.625,0],"rotation":90,"texture":"#0"},"down":{"uv":[9.625,3.875,8.125,0],"rotation":90,"texture":"#0"}}},{"from":[-14.4,7.25,7.45],"to":[4.2,7.85,14.65],"rotation":{"angle":0,"axis":"y","origin":[12.8,0,3.2]},"faces":{"north":{"uv":[9.625,0,9.5,3.875],"rotation":90,"texture":"#0"},"east":{"uv":[8.125,3.75,9.625,3.875],"texture":"#0"},"up":{"uv":[9.625,3.875,8.125,0],"rotation":90,"texture":"#0"},"down":{"uv":[8.125,3.875,9.625,0],"rotation":90,"texture":"#0"}}},{"name":"cube inverted","from":[4.2,7.85,14.65],"to":[-14.4,7.25,7.45],"rotation":{"angle":0,"axis":"y","origin":[12.8,0,3.2]},"faces":{"south":{"uv":[9.5,0,9.625,3.875],"rotation":90,"texture":"#0"},"west":{"uv":[8.125,3.875,9.625,3.75],"texture":"#0"},"up":{"uv":[8.125,0,9.625,3.875],"rotation":90,"texture":"#0"},"down":{"uv":[9.625,0,8.125,3.875],"rotation":90,"texture":"#0"}}},{"name":"cube inverted","from":[10.7,7.8,24.75],"to":[5.3,2.4,19.35],"rotation":{"angle":0,"axis":"y","origin":[4.1,0,3.2]},"faces":{"east":{"uv":[1,5.25,2.125,4.125],"texture":"#0"},"west":{"uv":[2.125,5.25,1,4.125],"texture":"#0"},"down":{"uv":[1,4.125,2.125,3],"rotation":90,"texture":"#0"}}},{"from":[4.2,1.75,3.2],"to":[12,7.75,3.2],"rotation":{"angle":-22.5,"axis":"x","origin":[8.1,4,3.2]},"faces":{"north":{"uv":[2.75,4.875,4.375,6.125],"texture":"#0","tintindex":0},"south":{"uv":[2.75,4.875,4.375,6.125],"texture":"#0","tintindex":0}}}],"display":{"gui":{"rotation":[28,135,0],"translation":[-0.25,0.25,0],"scale":[0.47,0.47,0.47]},"head":{"translation":[0,4.5,-9],"scale":[4,4,4]}},"groups":[0,{"name":"group","origin":[0,0,0],"color":0,"children":[1,2,3]},4,5,6,{"name":"group","origin":[4,-5,16.75],"color":0,"children":[7,8]},{"name":"group","origin":[4,-5,16.75],"color":0,"children":[9,10]},{"name":"group","origin":[3.2,0,3.2],"color":0,"children":[11,12]},{"name":"group","origin":[3.2,0,3.2],"color":0,"children":[13,14]},15,16]}