{"credit":"Made with Blockbench","texture_size":[128,128],"textures":{"0":"custom/cosmetics/spring/mother_goose_balloon","particle":"custom/cosmetics/spring/mother_goose_balloon"},"elements":[{"from":[-10.4,-3.05,10.75],"to":[8.2,4.15,11.35],"rotation":{"angle":-22.5,"axis":"x","origin":[-1.1,0.55,11.05]},"faces":{"north":{"uv":[8.125,3.875,9.625,0],"rotation":270,"texture":"#0"},"east":{"uv":[8.125,3.75,9.625,3.875],"rotation":270,"texture":"#0"},"south":{"uv":[9.625,3.875,8.125,0],"rotation":90,"texture":"#0"},"up":{"uv":[9.625,0,9.5,3.875],"rotation":270,"texture":"#0"}}},{"name":"cube inverted","from":[8.2,4.15,11.35],"to":[-10.4,-3.05,10.75],"rotation":{"angle":-22.5,"axis":"x","origin":[-1.1,0.55,11.05]},"faces":{"north":{"uv":[9.625,0,8.125,3.875],"rotation":270,"texture":"#0"},"south":{"uv":[8.125,0,9.625,3.875],"rotation":90,"texture":"#0"},"west":{"uv":[8.125,3.875,9.625,3.75],"rotation":90,"texture":"#0"},"down":{"uv":[9.5,0,9.625,3.875],"rotation":90,"texture":"#0"}}}],"display":{"gui":{"rotation":[28,135,0],"translation":[-0.25,0.25,0],"scale":[0.47,0.47,0.47]},"head":{"translation":[-0.75,25,-11],"scale":[4,4,4]}},"groups":[{"name":"group","origin":[0,0,0],"color":0,"children":[]},{"name":"group","origin":[4,-5,16.75],"color":0,"children":[]},{"name":"group","origin":[4,-5,16.75],"color":0,"children":[]},{"name":"group","origin":[3.2,0,3.2],"color":0,"children":[]},{"name":"group","origin":[3.2,0,3.2],"color":0,"children":[0,1]}]}