{"credit":"Made with Blockbench","texture_size":[64,64],"textures":{"0":"custom/cosmetics/spring/chick_hat","1":"custom/cosmetics/spring/chick_hat_wings_alt","particle":"custom/cosmetics/spring/chick_hat"},"elements":[{"from":[5.5,11.03163,-1.28115],"to":[10.5,16.03163,3.71885],"rotation":{"angle":22.5,"axis":"x","origin":[8,11.28163,0.21885]},"faces":{"north":{"uv":[0,0,1.25,1.25],"texture":"#0","tintindex":0},"east":{"uv":[2.5,0,1.25,1.25],"texture":"#0","tintindex":0},"south":{"uv":[2.5,0,3.75,1.25],"texture":"#0","tintindex":0},"west":{"uv":[1.25,0,2.5,1.25],"texture":"#0","tintindex":0},"up":{"uv":[3.75,0,5,1.25],"rotation":180,"texture":"#0","tintindex":0},"down":{"uv":[2.5,0.75,3,1.25],"texture":"#0","tintindex":0}}},{"from":[4.5,5.5,3],"to":[11.5,11.5,11],"rotation":{"angle":22.5,"axis":"x","origin":[8,8.45202,5.94576]},"faces":{"north":{"uv":[0,3.5,1.75,5],"texture":"#0","tintindex":0},"east":{"uv":[3.75,3.5,1.75,5],"texture":"#0","tintindex":0},"south":{"uv":[3.75,3.5,5.5,5],"texture":"#0","tintindex":0},"west":{"uv":[1.75,3.5,3.75,5],"texture":"#0","tintindex":0},"up":{"uv":[0,1.5,1.75,3.5],"rotation":180,"texture":"#0","tintindex":0},"down":{"uv":[3.75,1.5,5.5,3.5],"texture":"#0","tintindex":0}}},{"from":[6.5,11.03163,-2.28115],"to":[9.5,13.03163,-1.28115],"rotation":{"angle":22.5,"axis":"x","origin":[8,11.28163,0.21885]},"faces":{"north":{"uv":[0.25,0.75,1,1.25],"texture":"#0"},"east":{"uv":[0.75,0.75,1,1.25],"texture":"#0"},"south":{"uv":[0.75,0.75,1,1.25],"texture":"#0"},"west":{"uv":[0.75,0.75,1,1.25],"texture":"#0"},"up":{"uv":[0.25,0.75,1,1],"texture":"#0"},"down":{"uv":[0.25,1,1,1.25],"texture":"#0"}}},{"from":[11.5,10.3038,4.62788],"to":[17.5,11.3038,8.62788],"rotation":{"angle":22.5,"axis":"x","origin":[13.25,9.3038,6.62788]},"faces":{"north":{"uv":[6,3,0,4],"texture":"#1","tintindex":0},"east":{"uv":[5,0,6,4],"rotation":270,"texture":"#1","tintindex":0},"south":{"uv":[0,0,6,1],"texture":"#1","tintindex":0},"west":{"uv":[0,0,1,4],"rotation":90,"texture":"#1","tintindex":0},"up":{"uv":[6,0,0,4],"rotation":180,"texture":"#1","tintindex":0},"down":{"uv":[0,0,6,4],"texture":"#1","tintindex":0}}},{"from":[11.5,5.5538,4.62788],"to":[12.5,11.5538,8.62788],"rotation":{"angle":22.5,"axis":"x","origin":[13.25,9.3038,6.62788]},"faces":{"north":{"uv":[12,4,6,3],"rotation":270,"texture":"#1","tintindex":0},"east":{"uv":[6,0,12,4],"rotation":270,"texture":"#1","tintindex":0},"south":{"uv":[12,1,6,0],"rotation":90,"texture":"#1","tintindex":0},"west":{"uv":[12,0,6,4],"rotation":90,"texture":"#1","tintindex":0},"up":{"uv":[11,0,12,4],"rotation":180,"texture":"#1","tintindex":0},"down":{"uv":[6,0,7,4],"texture":"#1","tintindex":0}}},{"from":[3.5,5.5538,4.62788],"to":[4.5,11.5538,8.62788],"rotation":{"angle":22.5,"axis":"x","origin":[2.75,9.3038,6.62788]},"faces":{"north":{"uv":[12,3,6,4],"rotation":270,"texture":"#1","tintindex":0},"east":{"uv":[12,4,6,0],"rotation":90,"texture":"#1","tintindex":0},"south":{"uv":[12,0,6,1],"rotation":90,"texture":"#1","tintindex":0},"west":{"uv":[6,4,12,0],"rotation":270,"texture":"#1","tintindex":0},"up":{"uv":[12,0,11,4],"rotation":180,"texture":"#1","tintindex":0},"down":{"uv":[7,0,6,4],"texture":"#1","tintindex":0}}},{"from":[6.5,6.69897,10.84347],"to":[9.5,9.69897,13.84347],"rotation":{"angle":0,"axis":"x","origin":[8,8.45202,5.94576]},"faces":{"east":{"uv":[2.5,2.25,1.75,3],"texture":"#0","tintindex":0},"west":{"uv":[1.75,2.25,2.5,3],"texture":"#0","tintindex":0},"up":{"uv":[1.75,1.5,2.5,2.25],"texture":"#0","tintindex":0}}},{"name":"cube inverted","from":[9.5,9.69897,13.84347],"to":[6.5,6.69897,10.84347],"rotation":{"angle":0,"axis":"x","origin":[8,8.45202,5.94576]},"faces":{"east":{"uv":[1.75,3,2.5,2.25],"texture":"#0","tintindex":0},"west":{"uv":[2.5,3,1.75,2.25],"texture":"#0","tintindex":0},"down":{"uv":[2.5,1.5,1.75,2.25],"texture":"#0","tintindex":0}}},{"from":[4.5,-0.65958,6.01249],"to":[7.5,2.34042,8.01249],"rotation":{"angle":-45,"axis":"x","origin":[8,4.45202,5.94576]},"faces":{"south":{"uv":[2.5,1.25,3.25,2],"texture":"#0"},"down":{"uv":[2.5,2,3.25,2.5],"texture":"#0"}}},{"name":"cube inverted","from":[7.5,2.34042,8.01249],"to":[4.5,-0.65958,6.01249],"rotation":{"angle":-45,"axis":"x","origin":[8,4.45202,5.94576]},"faces":{"north":{"uv":[2.5,2,3.25,1.25],"texture":"#0"},"up":{"uv":[3.25,2,2.5,2.5],"texture":"#0"}}},{"from":[8.5,-0.65958,6.01249],"to":[11.5,2.34042,8.01249],"rotation":{"angle":-45,"axis":"x","origin":[8,4.45202,5.94576]},"faces":{"south":{"uv":[2.5,1.25,3.25,2],"texture":"#0"},"down":{"uv":[2.5,2,3.25,2.5],"texture":"#0"}}},{"name":"cube inverted","from":[11.5,2.34042,8.01249],"to":[8.5,-0.65958,6.01249],"rotation":{"angle":-45,"axis":"x","origin":[8,4.45202,5.94576]},"faces":{"north":{"uv":[2.5,2,3.25,1.25],"texture":"#0"},"up":{"uv":[3.25,2,2.5,2.5],"texture":"#0"}}},{"name":"cube inverted","from":[17.5,11.3038,8.62788],"to":[11.5,10.3038,4.62788],"rotation":{"angle":22.5,"axis":"x","origin":[13.25,9.3038,6.62788]},"faces":{"north":{"uv":[6,0,0,1],"rotation":180,"texture":"#1","tintindex":0},"east":{"uv":[0,4,1,0],"rotation":270,"texture":"#1","tintindex":0},"south":{"uv":[0,3,6,4],"rotation":180,"texture":"#1","tintindex":0},"west":{"uv":[5,4,6,0],"rotation":90,"texture":"#1","tintindex":0},"up":{"uv":[0,4,6,0],"rotation":180,"texture":"#1","tintindex":0},"down":{"uv":[6,4,0,0],"texture":"#1","tintindex":0}}},{"from":[-1.5,10.3038,4.62788],"to":[4.5,11.3038,8.62788],"rotation":{"angle":22.5,"axis":"x","origin":[2.75,9.3038,6.62788]},"faces":{"north":{"uv":[0,3,6,4],"texture":"#1","tintindex":0},"east":{"uv":[0,4,1,0],"rotation":90,"texture":"#1","tintindex":0},"south":{"uv":[6,0,0,1],"texture":"#1","tintindex":0},"west":{"uv":[5,4,6,0],"rotation":270,"texture":"#1","tintindex":0},"up":{"uv":[0,0,6,4],"rotation":180,"texture":"#1","tintindex":0},"down":{"uv":[6,0,0,4],"texture":"#1","tintindex":0}}},{"name":"cube inverted","from":[4.5,11.3038,8.62788],"to":[-1.5,10.3038,4.62788],"rotation":{"angle":22.5,"axis":"x","origin":[2.75,9.3038,6.62788]},"faces":{"north":{"uv":[0,0,6,1],"rotation":180,"texture":"#1","tintindex":0},"east":{"uv":[5,0,6,4],"rotation":90,"texture":"#1","tintindex":0},"south":{"uv":[6,3,0,4],"rotation":180,"texture":"#1","tintindex":0},"west":{"uv":[0,0,1,4],"rotation":270,"texture":"#1","tintindex":0},"up":{"uv":[6,4,0,0],"rotation":180,"texture":"#1","tintindex":0},"down":{"uv":[0,4,6,0],"texture":"#1","tintindex":0}}}],"display":{"thirdperson_righthand":{"rotation":[89,34,-15],"translation":[0,1.75,2.5],"scale":[0.47,0.47,0.47]},"thirdperson_lefthand":{"rotation":[89,34,-15],"translation":[0,1.75,2.5],"scale":[0.47,0.47,0.47]},"firstperson_righthand":{"rotation":[9,117,0],"translation":[2.25,2.75,-3.5]},"firstperson_lefthand":{"rotation":[9,117,0],"translation":[2.25,2.75,-3.5]},"ground":{"rotation":[31,0,0],"translation":[0,2,0],"scale":[0.47,0.47,0.47]},"gui":{"rotation":[7,138,12],"translation":[0.75,3.25,0],"scale":[0.89,0.89,0.89]},"head":{"rotation":[-15,0,0],"translation":[0,-4.75,2.5],"scale":[2.2857,2.2857,2.2857]},"fixed":{"rotation":[-61,0,0],"translation":[0,-0.75,-13.5],"scale":[2,2,2]}}}