{"credit":"Made with Blockbench","texture_size":[32,32],"textures":{"0":"custom/cosmetics/summer/anchor","particle":"custom/cosmetics/summer/anchor"},"elements":[{"from":[5,-3,10.5],"to":[11,0,13.5],"rotation":{"angle":0,"axis":"y","origin":[8,13,12]},"faces":{"north":{"uv":[1,5,4,6.5],"texture":"#0"},"east":{"uv":[3.5,5,4,6.5],"texture":"#0"},"south":{"uv":[1,5,4,6.5],"texture":"#0"},"west":{"uv":[3.5,5,4,6.5],"texture":"#0"},"up":{"uv":[4,5,1,3.5],"texture":"#0"},"down":{"uv":[4,6.5,1,8],"texture":"#0"}}},{"from":[4.9,-3.1,10.4],"to":[11.1,0.1,13.6],"rotation":{"angle":0,"axis":"y","origin":[8,13,12]},"faces":{"north":{"uv":[1,12,4,13.5],"texture":"#0","tintindex":0},"south":{"uv":[1,12,4,13.5],"texture":"#0","tintindex":0},"up":{"uv":[7.5,13.5,4.5,12],"texture":"#0","tintindex":0},"down":{"uv":[4,13.5,1,13],"texture":"#0","tintindex":0}}},{"from":[6,8,10.5],"to":[10,12,13.5],"rotation":{"angle":0,"axis":"y","origin":[8,13,12]},"faces":{"north":{"uv":[0,1.5,2,3.5],"texture":"#0"},"east":{"uv":[2,1.5,3.5,3.5],"texture":"#0"},"south":{"uv":[0,1.5,2,3.5],"texture":"#0"},"west":{"uv":[2,1.5,3.5,3.5],"texture":"#0"},"up":{"uv":[2,1.5,0,0],"texture":"#0"},"down":{"uv":[3.5,3.5,2,3],"texture":"#0"}}},{"from":[7,0,11],"to":[9,8,13],"rotation":{"angle":0,"axis":"y","origin":[8,13,12]},"faces":{"north":{"uv":[0,3.5,1,7.5],"texture":"#0"},"east":{"uv":[1,3.5,0,7.5],"texture":"#0"},"south":{"uv":[0,3.5,1,7.5],"texture":"#0"},"west":{"uv":[1,3.5,0,7.5],"texture":"#0"},"up":{"uv":[1,7.5,0,6.5],"texture":"#0"},"down":{"uv":[1,7.5,0,6.5],"texture":"#0"}}},{"from":[6.9,-0.1,10.9],"to":[9.1,8.1,13.1],"rotation":{"angle":0,"axis":"y","origin":[8,13,12]},"faces":{"north":{"uv":[2,8,3,12],"texture":"#0","tintindex":0},"east":{"uv":[3,8,2,12],"texture":"#0","tintindex":0},"south":{"uv":[2,8,3,12],"texture":"#0","tintindex":0},"west":{"uv":[3,8,2,12],"texture":"#0","tintindex":0}}},{"from":[7,-5,11.5],"to":[9,-3,12.5],"rotation":{"angle":0,"axis":"y","origin":[8,13,12]},"faces":{"north":{"uv":[2,0.5,3,1.5],"texture":"#0"},"east":{"uv":[2,0.5,2.5,1.5],"texture":"#0"},"south":{"uv":[2,0.5,3,1.5],"texture":"#0"},"west":{"uv":[2,0.5,2.5,1.5],"texture":"#0"},"up":{"uv":[3,1,2,0.5],"texture":"#0"},"down":{"uv":[3,1.5,2,1],"texture":"#0"}}},{"from":[5,6,12],"to":[11,7,12],"rotation":{"angle":0,"axis":"y","origin":[8,13,12]},"faces":{"north":{"uv":[2,0,5,0.5],"texture":"#0"},"south":{"uv":[2,0,5,0.5],"texture":"#0"}}},{"from":[13.19239,-0.43502,11],"to":[17.19239,1.56498,13],"rotation":{"angle":-45,"axis":"z","origin":[8,13,12]},"faces":{"north":{"uv":[6,5.5,4,6.5],"texture":"#0"},"east":{"uv":[6,5.5,5.5,6.5],"texture":"#0"},"south":{"uv":[4,5.5,6,6.5],"texture":"#0"},"west":{"uv":[4.5,5.5,4,6.5],"texture":"#0"},"up":{"uv":[4,6,6,5.5],"texture":"#0"},"down":{"uv":[4,6.5,6,6],"texture":"#0"}}},{"from":[-2.90575,2.46321,12],"to":[0.09425,7.46321,12],"rotation":{"angle":22.5,"axis":"z","origin":[8,13,12]},"faces":{"north":{"uv":[4,6.5,6.5,8],"rotation":90,"texture":"#0"},"south":{"uv":[4,6.5,6.5,8],"rotation":90,"texture":"#0"}}},{"from":[-1.19239,-0.43502,11],"to":[2.80761,1.56498,13],"rotation":{"angle":45,"axis":"z","origin":[8,13,12]},"faces":{"north":{"uv":[4,5.5,6,6.5],"texture":"#0"},"east":{"uv":[4,5.5,4.5,6.5],"texture":"#0"},"south":{"uv":[6,5.5,4,6.5],"texture":"#0"},"west":{"uv":[5.5,5.5,6,6.5],"texture":"#0"},"up":{"uv":[6,6,4,5.5],"texture":"#0"},"down":{"uv":[6,6.5,4,6],"texture":"#0"}}},{"from":[15.90575,2.46321,12],"to":[18.90575,7.46321,12],"rotation":{"angle":-22.5,"axis":"z","origin":[8,13,12]},"faces":{"north":{"uv":[4,8,6.5,6.5],"rotation":90,"texture":"#0"},"south":{"uv":[4,8,6.5,6.5],"rotation":90,"texture":"#0"}}},{"from":[7,9,10],"to":[9,13,14],"rotation":{"angle":0,"axis":"z","origin":[8,10,12]},"faces":{"north":{"uv":[2.5,13.5,3,15.5],"texture":"#0","tintindex":0},"east":{"uv":[1,13.5,3,15.5],"texture":"#0","tintindex":0},"south":{"uv":[2.5,13.5,3,15.5],"texture":"#0","tintindex":0},"west":{"uv":[1,13.5,3,15.5],"texture":"#0","tintindex":0},"up":{"uv":[3,14,1,13.5],"rotation":90,"texture":"#0","tintindex":0},"down":{"uv":[3,14,1,13.5],"rotation":90,"texture":"#0","tintindex":0}}},{"name":"cube inverted","from":[9,11,13.5],"to":[7,9,10.5],"rotation":{"angle":0,"axis":"y","origin":[16,-4,20]},"faces":{"east":{"uv":[0,3,0.5,2],"texture":"#0"},"west":{"uv":[0,3,0.5,2],"texture":"#0"},"up":{"uv":[0.5,3,1.5,3.5],"texture":"#0"},"down":{"uv":[0.5,2,1.5,1.5],"texture":"#0"}}},{"name":"cube inverted","from":[9.1,8.1,13.1],"to":[6.9,-0.1,10.9],"rotation":{"angle":0,"axis":"y","origin":[8,13,12]},"faces":{"north":{"uv":[2,12,3,8],"texture":"#0","tintindex":0},"east":{"uv":[3,12,2,8],"texture":"#0","tintindex":0},"south":{"uv":[2,12,3,8],"texture":"#0","tintindex":0},"west":{"uv":[3,12,2,8],"texture":"#0","tintindex":0}}},{"name":"cube inverted","from":[11.1,0.1,13.6],"to":[4.9,-3.1,10.4],"rotation":{"angle":0,"axis":"y","origin":[8,13,12]},"faces":{"north":{"uv":[1,13.5,4,12],"texture":"#0","tintindex":0},"south":{"uv":[1,13.5,4,12],"texture":"#0","tintindex":0},"up":{"uv":[1,13.5,4,13],"texture":"#0","tintindex":0},"down":{"uv":[1,12.5,4,12],"texture":"#0","tintindex":0}}},{"from":[6.9,-0.1,4.9],"to":[9.1,14.1,10.1],"rotation":{"angle":-22.5,"axis":"z","origin":[8,7,7.5]},"faces":{"north":{"uv":[0,8,1,15],"texture":"#0","tintindex":0},"south":{"uv":[0,8,1,15],"texture":"#0","tintindex":0},"up":{"uv":[0,8,1,10.5],"texture":"#0","tintindex":0},"down":{"uv":[0,12.5,1,15],"texture":"#0","tintindex":0}}},{"from":[7,0,5],"to":[9,14,10],"rotation":{"angle":45,"axis":"z","origin":[8,7,7.5]},"faces":{"north":{"uv":[0,8,1,15],"texture":"#0","tintindex":0},"south":{"uv":[0,8,1,15],"texture":"#0","tintindex":0},"up":{"uv":[0,8,1,10.5],"texture":"#0","tintindex":0},"down":{"uv":[0,12.5,1,15],"texture":"#0","tintindex":0}}},{"name":"cube inverted","from":[9.1,14.1,10.1],"to":[6.9,-0.1,4.9],"rotation":{"angle":-22.5,"axis":"z","origin":[8,7,7.5]},"faces":{"north":{"uv":[0,15,1,8],"texture":"#0","tintindex":0},"south":{"uv":[0,15,1,8],"texture":"#0","tintindex":0},"up":{"uv":[1,12.5,0,15],"texture":"#0","tintindex":0},"down":{"uv":[1,8,0,10.5],"texture":"#0","tintindex":0}}},{"name":"cube inverted","from":[9,14,10],"to":[7,0,5],"rotation":{"angle":45,"axis":"z","origin":[8,7,7.5]},"faces":{"north":{"uv":[0,15,1,8],"texture":"#0","tintindex":0},"south":{"uv":[0,15,1,8],"texture":"#0","tintindex":0},"up":{"uv":[1,12.5,0,15],"texture":"#0","tintindex":0},"down":{"uv":[1,8,0,10.5],"texture":"#0","tintindex":0}}},{"from":[10,-7,13],"to":[11,-3,13],"rotation":{"angle":0,"axis":"z","origin":[10.5,-3,13]},"faces":{"north":{"uv":[3,13.5,3.5,15.5],"texture":"#0","tintindex":0},"south":{"uv":[3,13.5,3.5,15.5],"texture":"#0","tintindex":0}}}],"display":{"gui":{"rotation":[25,18,-26.81],"translation":[0.5,2.5,0],"scale":[0.6,0.6,0.6]},"head":{"rotation":[0,0,-10.5],"translation":[0,-49.5,0.75],"scale":[1.7,1.7,1.7]},"thirdperson_righthand":{"rotation":[90.0,0,-10.5],"translation":[-1.0,-2.46875,16.662498],"scale":[1.0625,1.0625,1.0625]}},"groups":[{"name":"group","origin":[16,0,22],"color":0,"children":[0,1,2,3,4,5,6,{"name":"group","origin":[8,8,8],"color":0,"children":[7,8]},{"name":"group","origin":[8,8,8],"color":0,"children":[9,10]},11,12,13,14]},15,16,17,18,19]}