{"credit":"Made with Blockbench","texture_size":[128,128],"textures":{"0":"custom/cosmetics/summer/beach_pack","particle":"custom/cosmetics/summer/beach_pack"},"elements":[{"from":[7.5,-11.28073,7.5],"to":[8.5,24.71927,8.5],"rotation":{"angle":0,"axis":"z","origin":[19.19552,19.71927,9.5]},"faces":{"north":{"uv":[5.75,2.25,5.875,6.75],"texture":"#0"},"east":{"uv":[5.75,2.25,5.875,6.75],"texture":"#0"},"south":{"uv":[5.75,2.25,5.875,6.75],"texture":"#0"},"west":{"uv":[5.75,2.25,5.875,6.75],"texture":"#0"},"up":{"uv":[0,5.625,0.125,5.75],"texture":"#0"},"down":{"uv":[0,8.625,0.125,8.75],"texture":"#0"}}},{"from":[-7.75,20,-7.5],"to":[23.25,22,23.5],"faces":{"north":{"uv":[6.75,7.875,10.625,8.125],"texture":"#0","tintindex":0},"east":{"uv":[6.75,7.875,10.625,8.125],"texture":"#0","tintindex":0},"south":{"uv":[6.75,7.875,10.625,8.125],"texture":"#0","tintindex":0},"west":{"uv":[6.75,7.875,10.625,8.125],"texture":"#0","tintindex":0},"up":{"uv":[6.75,3.875,10.625,7.75],"texture":"#0","tintindex":0}}},{"from":[-7.75,20,-7.5],"to":[23.25,22,23.5],"faces":{"up":{"uv":[6.75,0,10.625,3.875],"texture":"#0"}}},{"name":"cube inverted","from":[23.25,22,23.5],"to":[-7.75,20,-7.5],"faces":{"north":{"uv":[6.75,8.125,10.625,7.875],"texture":"#0","tintindex":0},"east":{"uv":[6.75,8.125,10.625,7.875],"texture":"#0","tintindex":0},"south":{"uv":[6.75,8.125,10.625,7.875],"texture":"#0","tintindex":0},"west":{"uv":[6.75,8.125,10.625,7.875],"texture":"#0","tintindex":0},"down":{"uv":[10.625,3.875,6.75,7.75],"texture":"#0","tintindex":0}}},{"name":"cube inverted","from":[23.25,22,23.5],"to":[-7.75,20,-7.5],"faces":{"down":{"uv":[10.625,0,6.75,3.875],"texture":"#0"}}},{"from":[-0.5,13,8],"to":[8.5,22,8],"faces":{"north":{"uv":[5.625,4,4.5,5.125],"texture":"#0"},"south":{"uv":[4.5,4,5.625,5.125],"texture":"#0"}}},{"from":[7.5,13,8],"to":[16.5,22,8],"rotation":{"angle":0,"axis":"y","origin":[16,0,0]},"faces":{"north":{"uv":[4.5,4,5.625,5.125],"texture":"#0"},"south":{"uv":[5.625,4,4.5,5.125],"texture":"#0"}}},{"from":[8,13,7.5],"to":[8,22,16.5],"rotation":{"angle":0,"axis":"y","origin":[8,17.5,8]},"faces":{"east":{"uv":[4.5,4,5.625,5.125],"texture":"#0"},"west":{"uv":[5.625,4,4.5,5.125],"texture":"#0"}}},{"from":[8,13,-0.5],"to":[8,22,8.5],"rotation":{"angle":0,"axis":"y","origin":[8,17.5,8]},"faces":{"east":{"uv":[5.625,4,4.5,5.125],"texture":"#0"},"west":{"uv":[4.5,4,5.625,5.125],"texture":"#0"}}}],"display":{"thirdperson_righthand":{"rotation":[90,0,0],"translation":[0,-2,20]},"gui":{"rotation":[33,39,-20],"translation":[-1.75,-1.25,0],"scale":[0.48,0.48,0.48]},"head":{"rotation":[11,0,0],"translation":[-0.25,-20.5,6],"scale":[1.61,1.61,1.61]}}}