{"credit":"Made with Blockbench","texture_size":[128,128],"textures":{"0":"custom/cosmetics/summer/beach_pack","particle":"custom/cosmetics/summer/beach_pack"},"elements":[{"from":[1,0,5],"to":[15,17,15],"faces":{"north":{"uv":[5,0,6.75,2.125],"texture":"#0"},"east":{"uv":[1.75,0,3,2.125],"texture":"#0"},"south":{"uv":[0,0,1.75,2.125],"texture":"#0"},"west":{"uv":[1.75,0,3,2.125],"texture":"#0"},"up":{"uv":[3.125,0,4.875,1.25],"texture":"#0"},"down":{"uv":[3.125,1.375,4.875,2.625],"texture":"#0"}}},{"from":[15,1,6],"to":[17,9,14],"faces":{"north":{"uv":[1.125,2.25,1.375,3.25],"texture":"#0"},"east":{"uv":[0,2.25,1,3.25],"texture":"#0"},"south":{"uv":[1.375,2.25,1.125,3.25],"texture":"#0"},"up":{"uv":[0,2.375,1,2.125],"rotation":90,"texture":"#0"},"down":{"uv":[0,3.25,1,3.125],"rotation":90,"texture":"#0"}}},{"from":[-1,1,6],"to":[1,9,14],"rotation":{"angle":0,"axis":"y","origin":[16,0,0]},"faces":{"north":{"uv":[1.375,2.25,1.125,3.25],"texture":"#0"},"south":{"uv":[1.125,2.25,1.375,3.25],"texture":"#0"},"west":{"uv":[1,2.25,0,3.25],"texture":"#0"},"up":{"uv":[0,2.125,1,2.375],"rotation":90,"texture":"#0"},"down":{"uv":[0,3.125,1,3.25],"rotation":90,"texture":"#0"}}},{"from":[3,1,11],"to":[13,6,19],"rotation":{"angle":22.5,"axis":"x","origin":[9,4,16.5]},"faces":{"east":{"uv":[1.375,3.75,2.375,4.375],"texture":"#0","tintindex":0},"south":{"uv":[0,3.75,1.25,4.375],"texture":"#0","tintindex":0},"west":{"uv":[2.375,3.75,1.375,4.375],"texture":"#0","tintindex":0},"down":{"uv":[2.5,3.375,3.75,4.375],"texture":"#0","tintindex":0}}},{"from":[3,6,11],"to":[13,9,19],"rotation":{"angle":22.5,"axis":"x","origin":[9,4,16.5]},"faces":{"east":{"uv":[1.375,3.375,2.375,3.75],"texture":"#0"},"south":{"uv":[0,3.375,1.25,3.75],"texture":"#0"},"west":{"uv":[2.375,3.375,1.375,3.75],"texture":"#0"},"up":{"uv":[0,4.5,1.25,5.5],"texture":"#0"}}},{"from":[2,16.25,12],"to":[14,21.25,17],"rotation":{"angle":22.5,"axis":"x","origin":[8,19.5,13.5]},"faces":{"north":{"uv":[1.375,4.5,2.875,5.125],"texture":"#0"},"east":{"uv":[3,4.5,3.625,5.125],"texture":"#0"},"south":{"uv":[1.375,4.5,2.875,5.125],"texture":"#0"},"west":{"uv":[3,4.5,3.625,5.125],"texture":"#0"},"up":{"uv":[1.375,5.25,2.875,5.875],"texture":"#0"},"down":{"uv":[1.375,5,2.875,5.125],"texture":"#0"}}},{"from":[2,16.25,12],"to":[14,21.25,17],"rotation":{"angle":22.5,"axis":"x","origin":[8,19.5,13.5]},"faces":{"north":{"uv":[1.375,5.875,2.875,6.5],"texture":"#0","tintindex":0},"south":{"uv":[1.375,5.875,2.875,6.5],"texture":"#0","tintindex":0},"up":{"uv":[1.375,6.625,2.875,7.25],"texture":"#0","tintindex":0},"down":{"uv":[1.375,6.375,2.875,6.5],"texture":"#0","tintindex":0}}},{"from":[18.44552,4.71927,11],"to":[19.44552,29.71927,12],"rotation":{"angle":-22.5,"axis":"z","origin":[19.19552,19.71927,9.5]},"faces":{"north":{"uv":[0,5.625,0.125,8.75],"texture":"#0"},"east":{"uv":[0,5.625,0.125,8.75],"texture":"#0"},"south":{"uv":[0,5.625,0.125,8.75],"texture":"#0"},"west":{"uv":[0,5.625,0.125,8.75],"texture":"#0"},"up":{"uv":[0,5.625,0.125,5.75],"texture":"#0"},"down":{"uv":[0,8.625,0.125,8.75],"texture":"#0"}}},{"from":[17.44552,13.71927,10],"to":[20.44552,27.71927,13],"rotation":{"angle":-22.5,"axis":"z","origin":[19.19552,19.71927,9.5]},"faces":{"north":{"uv":[0.25,5.625,0.625,7.375],"texture":"#0"},"east":{"uv":[0.625,5.625,0.25,7.375],"texture":"#0"},"south":{"uv":[0.25,5.625,0.625,7.375],"texture":"#0"},"west":{"uv":[0.625,5.625,0.25,7.375],"texture":"#0"},"up":{"uv":[0.5,5.625,0.25,5.75],"texture":"#0"}}},{"from":[17.44552,13.71927,10],"to":[20.44552,27.71927,13],"rotation":{"angle":-22.5,"axis":"z","origin":[19.19552,19.71927,9.5]},"faces":{"north":{"uv":[0.625,5.625,1,7.375],"texture":"#0","tintindex":0},"east":{"uv":[1,5.625,0.625,7.375],"texture":"#0","tintindex":0},"south":{"uv":[0.625,5.625,1,7.375],"texture":"#0","tintindex":0},"west":{"uv":[1,5.625,0.625,7.375],"texture":"#0","tintindex":0},"up":{"uv":[0.875,5.625,0.625,5.75],"texture":"#0","tintindex":0}}},{"name":"cube inverted","from":[19.44552,29.71927,12],"to":[18.44552,4.71927,11],"rotation":{"angle":-22.5,"axis":"z","origin":[19.19552,19.71927,9.5]},"faces":{"north":{"uv":[0,8.75,0.125,5.625],"texture":"#0"},"east":{"uv":[0,8.75,0.125,5.625],"texture":"#0"},"south":{"uv":[0,8.75,0.125,5.625],"texture":"#0"},"west":{"uv":[0,8.75,0.125,5.625],"texture":"#0"},"up":{"uv":[0.125,8.625,0,8.75],"texture":"#0"},"down":{"uv":[0.125,5.625,0,5.75],"texture":"#0"}}},{"name":"cube inverted","from":[20.44552,27.71927,13],"to":[17.44552,13.71927,10],"rotation":{"angle":-22.5,"axis":"z","origin":[19.19552,19.71927,9.5]},"faces":{"north":{"uv":[1,7,0.625,6.75],"texture":"#0","tintindex":0},"east":{"uv":[1,7,0.625,6.75],"texture":"#0","tintindex":0},"south":{"uv":[1,7,0.625,6.75],"texture":"#0","tintindex":0},"west":{"uv":[1,7,0.625,6.75],"texture":"#0","tintindex":0},"down":{"uv":[1,7,0.625,6.75],"texture":"#0","tintindex":0}}},{"from":[2,-4,14.75],"to":[14,0,14.75],"rotation":{"angle":-22.5,"axis":"x","origin":[8,0,14.75]},"faces":{"north":{"uv":[1.5,2.25,3,2.75],"texture":"#0"},"south":{"uv":[1.5,2.25,3,2.75],"texture":"#0"}}},{"from":[0,7,7],"to":[2,12,9],"faces":{"north":{"uv":[1.5,2.75,1.75,3.375],"texture":"#0"},"east":{"uv":[1.5,2.75,1.75,3.375],"texture":"#0"},"south":{"uv":[1.5,2.75,1.75,3.375],"texture":"#0"},"west":{"uv":[1.5,2.75,1.75,3.375],"texture":"#0"},"up":{"uv":[1.5,2.75,1.625,2.875],"texture":"#0"}}},{"from":[0,8,11],"to":[2,13,13],"faces":{"north":{"uv":[1.875,2.75,2.125,3.375],"texture":"#0"},"east":{"uv":[1.875,2.75,2.125,3.375],"texture":"#0"},"south":{"uv":[1.875,2.75,2.125,3.375],"texture":"#0"},"west":{"uv":[1.875,2.75,2.125,3.375],"texture":"#0"},"up":{"uv":[1.875,2.75,2,2.875],"texture":"#0"}}},{"from":[0,8,11],"to":[2,13,13],"faces":{"north":{"uv":[2.625,2.75,2.875,3.375],"texture":"#0","tintindex":0},"east":{"uv":[2.625,2.75,2.875,3.375],"texture":"#0","tintindex":0},"south":{"uv":[2.625,2.75,2.875,3.375],"texture":"#0","tintindex":0},"west":{"uv":[2.625,2.75,2.875,3.375],"texture":"#0","tintindex":0}}},{"from":[10,5.5,15.5],"to":[12,10.5,17.5],"rotation":{"angle":22.5,"axis":"x","origin":[1,10.5,22]},"faces":{"north":{"uv":[1.875,2.75,2.125,3.375],"texture":"#0"},"east":{"uv":[1.875,2.75,2.125,3.375],"texture":"#0"},"south":{"uv":[1.875,2.75,2.125,3.375],"texture":"#0"},"west":{"uv":[1.875,2.75,2.125,3.375],"texture":"#0"},"up":{"uv":[1.875,2.75,2,2.875],"texture":"#0"}}},{"from":[10,5.5,15.5],"to":[12,10.5,17.5],"rotation":{"angle":22.5,"axis":"x","origin":[1,10.5,22]},"faces":{"north":{"uv":[2.625,2.75,2.875,3.375],"texture":"#0","tintindex":0},"east":{"uv":[2.625,2.75,2.875,3.375],"texture":"#0","tintindex":0},"south":{"uv":[2.625,2.75,2.875,3.375],"texture":"#0","tintindex":0},"west":{"uv":[2.625,2.75,2.875,3.375],"texture":"#0","tintindex":0}}},{"from":[4,5.5,15.5],"to":[6,10.5,17.5],"rotation":{"angle":22.5,"axis":"x","origin":[1,10.5,22]},"faces":{"north":{"uv":[2.25,2.75,2.5,3.375],"texture":"#0"},"east":{"uv":[2.25,2.75,2.5,3.375],"texture":"#0"},"south":{"uv":[2.25,2.75,2.5,3.375],"texture":"#0"},"west":{"uv":[2.25,2.75,2.5,3.375],"texture":"#0"},"up":{"uv":[2.25,2.75,2.375,2.875],"texture":"#0"}}},{"from":[3,7,0],"to":[5,17,5],"faces":{"north":{"uv":[5.375,2.25,5.625,3.5],"texture":"#0"},"up":{"uv":[5,2.875,5.25,2.25],"texture":"#0"},"down":{"uv":[5,2.25,5.25,2.875],"texture":"#0"}}},{"name":"cube inverted","from":[5,17,5],"to":[3,7,0],"faces":{"south":{"uv":[5.375,3.5,5.625,2.25],"texture":"#0"},"up":{"uv":[5.25,2.25,5,2.875],"texture":"#0"},"down":{"uv":[5.25,2.875,5,2.25],"texture":"#0"}}},{"from":[11,7,0],"to":[13,17,5],"rotation":{"angle":0,"axis":"y","origin":[16,0,0]},"faces":{"north":{"uv":[5.625,2.25,5.375,3.5],"texture":"#0"},"up":{"uv":[5.25,2.875,5,2.25],"texture":"#0"},"down":{"uv":[5.25,2.25,5,2.875],"texture":"#0"}}},{"name":"cube inverted","from":[13,17,5],"to":[11,7,0],"rotation":{"angle":0,"axis":"y","origin":[16,0,0]},"faces":{"south":{"uv":[5.625,3.5,5.375,2.25],"texture":"#0"},"up":{"uv":[5,2.25,5.25,2.875],"texture":"#0"},"down":{"uv":[5,2.875,5.25,2.25],"texture":"#0"}}}],"display":{"gui":{"rotation":[33,39,-20],"translation":[-1.75,-1.25,0],"scale":[0.48,0.48,0.48]},"head":{"rotation":[11,0,0],"translation":[-0.25,-56,6],"scale":[1.61,1.61,1.61]},"thirdperson_righthand":{"rotation":[101.0,0,0],"translation":[-1.15625,-5.75,12.599998],"scale":[1.00625,1.00625,1.00625]}}}