{"credit":"Made with Blockbench","texture_size":[128,128],"textures":{"0":"custom/cosmetics/summer/beach_pack","particle":"custom/cosmetics/summer/beach_pack"},"elements":[{"from":[2,-0.07559,5.63687],"to":[14,4.92441,10.63687],"rotation":{"angle":0,"axis":"x","origin":[8,18.42441,14.13687]},"faces":{"north":{"uv":[1.375,4.5,2.875,5.125],"texture":"#0"},"east":{"uv":[3,4.5,3.625,5.125],"texture":"#0"},"south":{"uv":[1.375,4.5,2.875,5.125],"texture":"#0"},"west":{"uv":[3,4.5,3.625,5.125],"texture":"#0"},"up":{"uv":[1.375,5.25,2.875,5.875],"texture":"#0"},"down":{"uv":[1.375,5,2.875,5.125],"texture":"#0"}}},{"from":[2,-0.07559,5.63687],"to":[14,4.92441,10.63687],"rotation":{"angle":0,"axis":"x","origin":[8,18.42441,14.13687]},"faces":{"north":{"uv":[1.375,5.875,2.875,6.5],"texture":"#0","tintindex":0},"south":{"uv":[1.375,5.875,2.875,6.5],"texture":"#0","tintindex":0},"up":{"uv":[1.375,6.625,2.875,7.25],"texture":"#0","tintindex":0},"down":{"uv":[1.375,6.375,2.875,6.5],"texture":"#0","tintindex":0}}}],"display":{"thirdperson_righthand":{"rotation":[90,0,0],"translation":[0,-1.75,16]},"gui":{"rotation":[33,39,-20],"translation":[-1.75,-1.25,0],"scale":[0.48,0.48,0.48]},"head":{"rotation":[11,0,0],"translation":[-0.25,-20.5,6],"scale":[1.61,1.61,1.61]}}}