{"credit":"Made with Blockbench","texture_size":[128,128],"textures":{"0":"custom/cosmetics/summer/beach_pack","particle":"custom/cosmetics/summer/beach_pack"},"elements":[{"from":[7.5,-11.28073,7.5],"to":[8.5,24.71927,8.5],"rotation":{"angle":0,"axis":"z","origin":[19.19552,19.71927,9.5]},"faces":{"north":{"uv":[5.75,2.25,5.875,6.75],"texture":"#0"},"east":{"uv":[5.75,2.25,5.875,6.75],"texture":"#0"},"south":{"uv":[5.75,2.25,5.875,6.75],"texture":"#0"},"west":{"uv":[5.75,2.25,5.875,6.75],"texture":"#0"},"up":{"uv":[0,5.625,0.125,5.75],"texture":"#0"},"down":{"uv":[0,8.625,0.125,8.75],"texture":"#0"}}},{"from":[6.5,8.71927,6.5],"to":[9.5,22.71927,9.5],"rotation":{"angle":0,"axis":"z","origin":[19.19552,19.71927,9.5]},"faces":{"north":{"uv":[0.25,5.625,0.625,7.375],"texture":"#0"},"east":{"uv":[0.625,5.625,0.25,7.375],"texture":"#0"},"south":{"uv":[0.25,5.625,0.625,7.375],"texture":"#0"},"west":{"uv":[0.625,5.625,0.25,7.375],"texture":"#0"},"up":{"uv":[0.5,5.625,0.25,5.75],"texture":"#0"}}},{"from":[6.5,8.71927,6.5],"to":[9.5,22.71927,9.5],"rotation":{"angle":0,"axis":"z","origin":[19.19552,19.71927,9.5]},"faces":{"north":{"uv":[0.625,5.625,1,7.375],"texture":"#0","tintindex":0},"east":{"uv":[1,5.625,0.625,7.375],"texture":"#0","tintindex":0},"south":{"uv":[0.625,5.625,1,7.375],"texture":"#0","tintindex":0},"west":{"uv":[1,5.625,0.625,7.375],"texture":"#0","tintindex":0},"up":{"uv":[0.875,5.625,0.625,5.75],"texture":"#0","tintindex":0}}},{"name":"cube inverted","from":[9.5,22.71927,9.5],"to":[6.5,8.71927,6.5],"rotation":{"angle":0,"axis":"z","origin":[19.19552,19.71927,9.5]},"faces":{"north":{"uv":[1,7,0.625,6.75],"texture":"#0","tintindex":0},"east":{"uv":[1,7,0.625,6.75],"texture":"#0","tintindex":0},"south":{"uv":[1,7,0.625,6.75],"texture":"#0","tintindex":0},"west":{"uv":[1,7,0.625,6.75],"texture":"#0","tintindex":0},"down":{"uv":[1,7,0.625,6.75],"texture":"#0","tintindex":0}}}],"display":{"thirdperson_righthand":{"rotation":[90,0,0],"translation":[0,-2,20]},"gui":{"rotation":[33,39,-20],"translation":[-1.75,-1.25,0],"scale":[0.48,0.48,0.48]},"head":{"rotation":[11,0,0],"translation":[-0.25,-20.5,6],"scale":[1.61,1.61,1.61]}}}