{"credit":"Made with Blockbench","texture_size":[128,128],"textures":{"0":"custom/cosmetics/summer/beach_pack","particle":"custom/cosmetics/summer/beach_pack"},"elements":[{"from":[1,0,-8],"to":[15,1,24],"faces":{"up":{"uv":[10.75,4,12.5,8],"texture":"#0","tintindex":0},"down":{"uv":[10.75,4,12.5,8],"texture":"#0","tintindex":0}}},{"from":[1,0,-8],"to":[15,1,24],"faces":{"east":{"uv":[12.375,0,12.5,4],"rotation":90,"texture":"#0"},"west":{"uv":[10.75,4,10.875,0],"rotation":90,"texture":"#0"},"up":{"uv":[10.75,0,12.5,4],"texture":"#0"},"down":{"uv":[10.75,0,12.5,4],"texture":"#0"}}},{"name":"cube inverted","from":[15,1,24],"to":[1,0,-8],"faces":{"up":{"uv":[12.5,4,10.75,8],"texture":"#0","tintindex":0},"down":{"uv":[12.5,4,10.75,8],"texture":"#0","tintindex":0}}},{"name":"cube inverted","from":[15,1,24],"to":[1,0,-8],"faces":{"east":{"uv":[10.875,4,10.75,0],"rotation":90,"texture":"#0"},"west":{"uv":[12.5,0,12.375,4],"rotation":90,"texture":"#0"},"up":{"uv":[12.5,0,10.75,4],"texture":"#0"},"down":{"uv":[12.5,0,10.75,4],"texture":"#0"}}}],"display":{"thirdperson_righthand":{"rotation":[90,0,0],"translation":[0,-1.75,18]},"gui":{"rotation":[33,39,-20],"translation":[-1.75,-1.25,0],"scale":[0.48,0.48,0.48]},"head":{"rotation":[11,0,0],"translation":[-0.25,-20.5,6],"scale":[1.61,1.61,1.61]}}}