{"credit":"Made with Blockbench","texture_size":[128,128],"textures":{"0":"custom/cosmetics/summer/beach_pack","particle":"custom/cosmetics/summer/beach_pack"},"elements":[{"from":[3,-0.0971,3.98006],"to":[13,4.9029,11.98006],"rotation":{"angle":0,"axis":"x","origin":[8,6.41499,17.23411]},"faces":{"north":{"uv":[0,3.75,1.25,4.375],"texture":"#0","tintindex":0},"east":{"uv":[1.375,3.75,2.375,4.375],"texture":"#0","tintindex":0},"south":{"uv":[0,3.75,1.25,4.375],"texture":"#0","tintindex":0},"west":{"uv":[2.375,3.75,1.375,4.375],"texture":"#0","tintindex":0},"down":{"uv":[2.5,3.375,3.75,4.375],"texture":"#0","tintindex":0}}},{"from":[3,4.9029,3.98006],"to":[13,7.9029,11.98006],"rotation":{"angle":0,"axis":"x","origin":[8,6.41499,17.23411]},"faces":{"north":{"uv":[0,3.375,1.25,3.75],"texture":"#0"},"east":{"uv":[3,6.375,4,6.75],"texture":"#0"},"south":{"uv":[0,3.375,1.25,3.75],"texture":"#0"},"west":{"uv":[4,6.375,3,6.75],"texture":"#0"},"up":{"uv":[3,5.25,4.25,6.25],"texture":"#0"}}},{"from":[10,5.51287,9.07395],"to":[12,10.51287,11.07395],"rotation":{"angle":0,"axis":"x","origin":[8,6.41499,17.23411]},"faces":{"north":{"uv":[1.875,2.75,2.125,3.375],"texture":"#0"},"east":{"uv":[1.875,2.75,2.125,3.375],"texture":"#0"},"south":{"uv":[1.875,2.75,2.125,3.375],"texture":"#0"},"west":{"uv":[1.875,2.75,2.125,3.375],"texture":"#0"},"up":{"uv":[1.875,2.75,2,2.875],"texture":"#0"}}},{"from":[10,5.51287,9.07395],"to":[12,10.51287,11.07395],"rotation":{"angle":0,"axis":"x","origin":[8,6.41499,17.23411]},"faces":{"north":{"uv":[2.625,2.75,2.875,3.375],"texture":"#0","tintindex":0},"east":{"uv":[2.625,2.75,2.875,3.375],"texture":"#0","tintindex":0},"south":{"uv":[2.625,2.75,2.875,3.375],"texture":"#0","tintindex":0},"west":{"uv":[2.625,2.75,2.875,3.375],"texture":"#0","tintindex":0}}},{"from":[4,5.51287,5.07395],"to":[6,10.51287,7.07395],"rotation":{"angle":0,"axis":"x","origin":[8,6.41499,17.23411]},"faces":{"north":{"uv":[2.25,2.75,2.5,3.375],"texture":"#0"},"east":{"uv":[2.25,2.75,2.5,3.375],"texture":"#0"},"south":{"uv":[2.25,2.75,2.5,3.375],"texture":"#0"},"west":{"uv":[2.25,2.75,2.5,3.375],"texture":"#0"},"up":{"uv":[2.25,2.75,2.375,2.875],"texture":"#0"}}}],"display":{"thirdperson_righthand":{"rotation":[90,0,0],"translation":[0,-2,13.25]},"gui":{"rotation":[33,39,-20],"translation":[-1.75,-1.25,0],"scale":[0.48,0.48,0.48]},"head":{"rotation":[11,0,0],"translation":[-0.25,-20.5,6],"scale":[1.61,1.61,1.61]}}}