{"credit":"Made with Blockbench","texture_size":[32,32],"textures":{"0":"custom/cosmetics/summer/crab_arm","particle":"custom/cosmetics/summer/crab_arm"},"elements":[{"from":[5,12,5],"to":[11,17,11],"rotation":{"angle":0,"axis":"y","origin":[8.375,6.625,8]},"faces":{"north":{"uv":[3,0,4.5,1.25],"texture":"#0","tintindex":0},"east":{"uv":[4.5,0,3,1.25],"texture":"#0","tintindex":0},"south":{"uv":[3,0,4.5,1.25],"texture":"#0","tintindex":0},"west":{"uv":[4.5,0,3,1.25],"texture":"#0","tintindex":0},"up":{"uv":[6,0,7.5,1.5],"rotation":90,"texture":"#0","tintindex":0},"down":{"uv":[11,1,11.25,1.25],"texture":"#0","tintindex":0}}},{"from":[5,3,5],"to":[11,8,11],"rotation":{"angle":0,"axis":"y","origin":[8.375,6.625,8]},"faces":{"north":{"uv":[3,0,4.5,1.25],"texture":"#0","tintindex":0},"east":{"uv":[4.5,0,3,1.25],"texture":"#0","tintindex":0},"south":{"uv":[3,0,4.5,1.25],"texture":"#0","tintindex":0},"west":{"uv":[4.5,0,3,1.25],"texture":"#0","tintindex":0},"up":{"uv":[6,0,7.5,1.5],"rotation":90,"texture":"#0","tintindex":0},"down":{"uv":[3,3.5,3.5,4],"texture":"#0","tintindex":0}}},{"from":[5.6,8,5.6],"to":[10.35,12,10.35],"rotation":{"angle":0,"axis":"y","origin":[8.375,6.625,8]},"faces":{"north":{"uv":[3,1.25,4,2.25],"texture":"#0","tintindex":0},"east":{"uv":[3,1.25,4,2.25],"texture":"#0","tintindex":0},"south":{"uv":[3,1.25,4,2.25],"texture":"#0","tintindex":0},"west":{"uv":[3,1.25,4,2.25],"texture":"#0","tintindex":0}}},{"from":[7,13,8],"to":[13,19,8],"rotation":{"angle":0,"axis":"y","origin":[8.375,6.625,8]},"faces":{"north":{"uv":[4.5,0,6,1.5],"texture":"#0","tintindex":0},"south":{"uv":[6,0,4.5,1.5],"texture":"#0","tintindex":0}}},{"from":[7,5,8],"to":[13,11,8],"rotation":{"angle":0,"axis":"y","origin":[8.375,6.625,8]},"faces":{"north":{"uv":[4.5,0,6,1.5],"texture":"#0","tintindex":0},"south":{"uv":[6,0,4.5,1.5],"texture":"#0","tintindex":0}}},{"from":[8,-3,3.5],"to":[10,0,3.5],"rotation":{"angle":-22.5,"axis":"z","origin":[8.5,3,8]},"faces":{"north":{"uv":[1.5,1,2,1.75],"texture":"#0","tintindex":0},"south":{"uv":[2,1,1.5,1.75],"texture":"#0","tintindex":0}}},{"from":[8,-3,12.5],"to":[10,0,12.5],"rotation":{"angle":-22.5,"axis":"z","origin":[8.5,3,8]},"faces":{"north":{"uv":[1.5,1,2,1.75],"texture":"#0","tintindex":0},"south":{"uv":[2,1,1.5,1.75],"texture":"#0","tintindex":0}}},{"from":[5,-5,3.5],"to":[8,3,12.5],"rotation":{"angle":-22.5,"axis":"z","origin":[8.5,3,8]},"faces":{"north":{"uv":[2,0.25,2.75,2.25],"texture":"#0","tintindex":0},"east":{"uv":[2.25,2.25,4.5,4.5],"texture":"#0","tintindex":0},"south":{"uv":[2.75,0.25,2,2.25],"texture":"#0","tintindex":0},"west":{"uv":[6.75,2.5,4.5,4.5],"texture":"#0","tintindex":0},"up":{"uv":[4.5,5.5,2.25,6.25],"rotation":90,"texture":"#0","tintindex":0},"down":{"uv":[2.25,5.25,4.5,4.5],"rotation":270,"texture":"#0","tintindex":0}}},{"from":[8.1,-4.725,3.6],"to":[12.9,3.075,12.4],"rotation":{"angle":22.5,"axis":"z","origin":[7.875,2.9625,8]},"faces":{"north":{"uv":[0,0,1.5,2],"texture":"#0","tintindex":0},"east":{"uv":[0,2.25,2.25,4.25],"texture":"#0","tintindex":0},"south":{"uv":[0,0,1.5,2],"texture":"#0","tintindex":0},"west":{"uv":[2.25,2.25,4.5,4.5],"texture":"#0","tintindex":0},"up":{"uv":[0,6,2.25,7.5],"rotation":270,"texture":"#0","tintindex":0},"down":{"uv":[0,6,2.25,4.5],"rotation":270,"texture":"#0","tintindex":0}}},{"from":[8.75,-4.5,8],"to":[14.75,1.5,8],"rotation":{"angle":22.5,"axis":"z","origin":[7.875,2.9625,8]},"faces":{"north":{"uv":[4.5,6.25,6,4.75],"texture":"#0","tintindex":0},"south":{"uv":[6,6.25,4.5,4.75],"texture":"#0","tintindex":0}}},{"from":[8.1,-3.925,3.5],"to":[10.1,-0.925,3.5],"rotation":{"angle":0,"axis":"z","origin":[-5.5,3,8]},"faces":{"north":{"uv":[9.5,1,10,1.75],"texture":"#0","tintindex":0},"south":{"uv":[10,1,9.5,1.75],"texture":"#0","tintindex":0}}},{"from":[8.1,-3.925,12.5],"to":[10.1,-0.925,12.5],"rotation":{"angle":0,"axis":"z","origin":[-5.5,3,8]},"faces":{"north":{"uv":[9.5,1,10,1.75],"texture":"#0","tintindex":0},"south":{"uv":[10,1,9.5,1.75],"texture":"#0","tintindex":0}}},{"from":[5.1,-4.925,3.5],"to":[8.1,3.075,12.5],"rotation":{"angle":0,"axis":"z","origin":[-5.5,3,8]},"faces":{"north":{"uv":[10,0.25,10.75,2.25],"texture":"#0","tintindex":0},"east":{"uv":[10.25,2.25,12.5,4.5],"texture":"#0","tintindex":0},"south":{"uv":[10.75,0.25,10,2.25],"texture":"#0","tintindex":0},"west":{"uv":[14.75,2.5,12.5,4.5],"texture":"#0","tintindex":0},"up":{"uv":[12.5,5.5,10.25,6.25],"rotation":90,"texture":"#0","tintindex":0},"down":{"uv":[10.25,5.25,12.5,4.5],"rotation":270,"texture":"#0","tintindex":0}}},{"from":[8.1,-4.725,3.6],"to":[12.9,3.075,12.4],"rotation":{"angle":0,"axis":"z","origin":[-6.125,2.9625,8]},"faces":{"north":{"uv":[8,0,9.5,2],"texture":"#0","tintindex":0},"east":{"uv":[8,2.25,10.25,4.25],"texture":"#0","tintindex":0},"south":{"uv":[8,0,9.5,2],"texture":"#0","tintindex":0},"west":{"uv":[10.25,2.25,12.5,4.5],"texture":"#0","tintindex":0},"up":{"uv":[8,6,10.25,7.5],"rotation":270,"texture":"#0","tintindex":0},"down":{"uv":[8,6,10.25,4.5],"rotation":270,"texture":"#0","tintindex":0}}},{"from":[8.75,-4.5,8],"to":[14.75,1.5,8],"rotation":{"angle":0,"axis":"z","origin":[-6.125,2.9625,8]},"faces":{"north":{"uv":[12.5,6.25,14,4.75],"texture":"#0","tintindex":0},"south":{"uv":[14,6.25,12.5,4.75],"texture":"#0","tintindex":0}}}],"display":{"thirdperson_righthand":{"rotation":[90.0,180.0,3.0],"translation":[-1.9375,-2.0,4.609375],"scale":[1.0031251,1.0031251,1.0031251]},"thirdperson_lefthand":{"rotation":[90,-180,-3],"translation":[0,-2,4.25],"scale":[1.07,1.07,1.07]},"firstperson_righthand":{"translation":[0,0,3.5],"scale":[0,0,0]},"firstperson_lefthand":{"translation":[0,0,3.5],"scale":[0,0,0]},"gui":{"rotation":[2,-156,45],"translation":[1.75,1.25,0],"scale":[0.64,0.64,0.64]}},"groups":[0,1,2,3,4,{"name":"group","origin":[0,0,16],"color":0,"children":[]},{"name":"group","origin":[8.375,6.625,8],"color":0,"children":[{"name":"group","origin":[8.375,6.625,8],"color":0,"children":[5,6,7]},{"name":"group","origin":[8.375,6.625,8],"color":0,"children":[8,9]}]},{"name":"group","origin":[8.375,6.625,8],"color":0,"children":[{"name":"group","origin":[8.375,6.625,8],"color":0,"children":[10,11,12]},{"name":"group","origin":[8.375,6.625,8],"color":0,"children":[13,14]}]}]}