{"credit":"Made with Blockbench","texture_size":[64,64],"textures":{"2":"custom/cosmetics/summer/diver_helmet","particle":"custom/cosmetics/summer/diver_helmet"},"elements":[{"from":[2.5,0,2.5],"to":[13.5,11,13.5],"faces":{"north":{"uv":[0,2.75,2.75,5.5],"texture":"#2","tintindex":0},"east":{"uv":[0,2.75,2.75,5.5],"texture":"#2","tintindex":0},"south":{"uv":[0,2.75,2.75,5.5],"texture":"#2","tintindex":0},"west":{"uv":[0,2.75,2.75,5.5],"texture":"#2","tintindex":0},"up":{"uv":[0,0,2.75,2.75],"texture":"#2","tintindex":0}}},{"from":[4.5,2,0.5],"to":[11.5,9,2.5],"faces":{"north":{"uv":[2.75,0.5,4.5,2.25],"texture":"#2"},"east":{"uv":[5,0.5,4.5,2.25],"texture":"#2"},"west":{"uv":[4.5,0.5,5,2.25],"texture":"#2"},"up":{"uv":[2.75,0.5,4.5,0],"texture":"#2"},"down":{"uv":[2.75,2.75,4.5,2.25],"texture":"#2"}}},{"from":[4.5,2,13.5],"to":[11.5,9,15.5],"rotation":{"angle":0,"axis":"y","origin":[0,0,16]},"faces":{"east":{"uv":[4.5,0.5,5,2.25],"texture":"#2"},"south":{"uv":[4.5,0.5,2.75,2.25],"texture":"#2"},"west":{"uv":[5,0.5,4.5,2.25],"texture":"#2"},"up":{"uv":[2.75,0,4.5,0.5],"texture":"#2"},"down":{"uv":[2.75,2.25,4.5,2.75],"texture":"#2"}}},{"from":[4.5,11,4.5],"to":[11.5,13,11.5],"rotation":{"angle":0,"axis":"y","origin":[0,0,16]},"faces":{"north":{"uv":[2.75,0,4.5,0.5],"rotation":180,"texture":"#2"},"east":{"uv":[2.75,0,4.5,0.5],"rotation":180,"texture":"#2"},"south":{"uv":[2.75,0,4.5,0.5],"rotation":180,"texture":"#2"},"west":{"uv":[2.75,0,4.5,0.5],"rotation":180,"texture":"#2"},"up":{"uv":[6.75,0.5,5,2.25],"texture":"#2"}}},{"from":[13.5,2,4.5],"to":[15.5,9,11.5],"faces":{"north":{"uv":[4.5,0.5,5,2.25],"texture":"#2"},"east":{"uv":[2.75,0.5,4.5,2.25],"texture":"#2"},"south":{"uv":[5,0.5,4.5,2.25],"texture":"#2"},"up":{"uv":[2.75,0.5,4.5,0],"rotation":90,"texture":"#2"},"down":{"uv":[2.75,2.75,4.5,2.25],"rotation":270,"texture":"#2"}}},{"from":[0.5,2,4.5],"to":[2.5,9,11.5],"rotation":{"angle":0,"axis":"y","origin":[16,0,0]},"faces":{"north":{"uv":[5,0.5,4.5,2.25],"texture":"#2"},"south":{"uv":[4.5,0.5,5,2.25],"texture":"#2"},"west":{"uv":[4.5,0.5,2.75,2.25],"texture":"#2"},"up":{"uv":[2.75,0,4.5,0.5],"rotation":90,"texture":"#2"},"down":{"uv":[2.75,2.25,4.5,2.75],"rotation":270,"texture":"#2"}}},{"from":[2,-2,2],"to":[14,0,14],"faces":{"north":{"uv":[2.75,5.75,5.75,6.25],"texture":"#2"},"east":{"uv":[2.75,5.75,5.75,6.25],"texture":"#2"},"south":{"uv":[2.75,5.75,5.75,6.25],"texture":"#2"},"west":{"uv":[2.75,5.75,5.75,6.25],"texture":"#2"},"up":{"uv":[2.75,2.75,5.75,5.75],"texture":"#2"},"down":{"uv":[5.75,2.75,8.75,5.75],"texture":"#2"}}},{"from":[2,-8,4],"to":[14,-2,4],"rotation":{"angle":22.5,"axis":"x","origin":[8,-2,4]},"faces":{"north":{"uv":[0,6.25,3,7.75],"texture":"#2"},"south":{"uv":[0,6.25,3,7.75],"texture":"#2"}}},{"from":[2,-8,4],"to":[14,-2,4],"rotation":{"angle":22.5,"axis":"x","origin":[8,-2,4]},"faces":{"north":{"uv":[3,6.25,6,7.75],"texture":"#2"},"south":{"uv":[3,6.25,6,7.75],"texture":"#2"}}},{"from":[2,-8,4],"to":[14,-2,4],"rotation":{"angle":22.5,"axis":"x","origin":[8,-2,4]},"faces":{"north":{"uv":[0,6.25,3,7.75],"texture":"#2"},"south":{"uv":[0,6.25,3,7.75],"texture":"#2"}}},{"from":[2,-8,4],"to":[14,-2,4],"rotation":{"angle":22.5,"axis":"x","origin":[8,-2,4]},"faces":{"north":{"uv":[3,6.25,6,7.75],"texture":"#2","tintindex":0},"south":{"uv":[3,6.25,6,7.75],"texture":"#2","tintindex":0}}},{"from":[2,-8,12],"to":[14,-2,12],"rotation":{"angle":-22.5,"axis":"x","origin":[8,-2,12]},"faces":{"north":{"uv":[6,6.25,3,7.75],"texture":"#2","tintindex":0},"south":{"uv":[6,6.25,3,7.75],"texture":"#2","tintindex":0}}},{"from":[2,-8,12],"to":[14,-2,12],"rotation":{"angle":-22.5,"axis":"x","origin":[8,-2,12]},"faces":{"north":{"uv":[3,6.25,0,7.75],"texture":"#2"},"south":{"uv":[3,6.25,0,7.75],"texture":"#2"}}},{"name":"cube inverted","from":[2.5,9,11.5],"to":[0.5,2,4.5],"rotation":{"angle":0,"axis":"y","origin":[16,0,0]},"faces":{"north":{"uv":[4.5,2.25,5,0.5],"texture":"#2"},"east":{"uv":[4.5,2.25,2.75,0.5],"texture":"#2"},"south":{"uv":[5,2.25,4.5,0.5],"texture":"#2"},"up":{"uv":[2.75,2.75,4.5,2.25],"rotation":270,"texture":"#2"},"down":{"uv":[2.75,0.5,4.5,0],"rotation":90,"texture":"#2"}}},{"name":"cube inverted","from":[11.5,9,15.5],"to":[4.5,2,13.5],"rotation":{"angle":0,"axis":"y","origin":[0,0,16]},"faces":{"north":{"uv":[4.5,2.25,2.75,0.5],"texture":"#2"},"east":{"uv":[5,2.25,4.5,0.5],"texture":"#2"},"west":{"uv":[4.5,2.25,5,0.5],"texture":"#2"},"up":{"uv":[4.5,2.25,2.75,2.75],"texture":"#2"},"down":{"uv":[4.5,0,2.75,0.5],"texture":"#2"}}},{"name":"cube inverted","from":[15.5,9,11.5],"to":[13.5,2,4.5],"faces":{"north":{"uv":[5,2.25,4.5,0.5],"texture":"#2"},"south":{"uv":[4.5,2.25,5,0.5],"texture":"#2"},"west":{"uv":[2.75,2.25,4.5,0.5],"texture":"#2"},"up":{"uv":[2.75,2.25,4.5,2.75],"rotation":270,"texture":"#2"},"down":{"uv":[2.75,0,4.5,0.5],"rotation":90,"texture":"#2"}}},{"name":"cube inverted","from":[11.5,13,11.5],"to":[4.5,11,4.5],"rotation":{"angle":0,"axis":"y","origin":[0,0,16]},"faces":{"north":{"uv":[2.75,0.5,4.5,0],"rotation":180,"texture":"#2"},"east":{"uv":[2.75,0.5,4.5,0],"rotation":180,"texture":"#2"},"south":{"uv":[2.75,0.5,4.5,0],"rotation":180,"texture":"#2"},"west":{"uv":[2.75,0.5,4.5,0],"rotation":180,"texture":"#2"},"down":{"uv":[5,0.5,6.75,2.25],"texture":"#2"}}},{"name":"cube inverted","from":[11.5,9,2.5],"to":[4.5,2,0.5],"faces":{"east":{"uv":[4.5,2.25,5,0.5],"texture":"#2"},"south":{"uv":[2.75,2.25,4.5,0.5],"texture":"#2"},"west":{"uv":[5,2.25,4.5,0.5],"texture":"#2"},"up":{"uv":[4.5,2.75,2.75,2.25],"texture":"#2"},"down":{"uv":[4.5,0.5,2.75,0],"texture":"#2"}}},{"name":"cube inverted","from":[13.5,11,13.5],"to":[2.5,0,2.5],"faces":{"north":{"uv":[0,5.5,2.75,2.75],"texture":"#2","tintindex":0},"east":{"uv":[0,5.5,2.75,2.75],"texture":"#2","tintindex":0},"south":{"uv":[0,5.5,2.75,2.75],"texture":"#2","tintindex":0},"west":{"uv":[0,5.5,2.75,2.75],"texture":"#2","tintindex":0},"down":{"uv":[2.75,0,0,2.75],"texture":"#2","tintindex":0}}},{"from":[0.75,2,2],"to":[2.75,4,5],"rotation":{"angle":45,"axis":"y","origin":[1,1,2]},"faces":{"north":{"uv":[4.5,0,5,0.5],"texture":"#2"},"east":{"uv":[5.25,0,4.5,0.5],"texture":"#2"},"south":{"uv":[5,0,5.25,0.5],"texture":"#2"},"west":{"uv":[5.25,0,6,0.5],"texture":"#2"},"up":{"uv":[4.5,0,5.25,0.5],"rotation":90,"texture":"#2"},"down":{"uv":[6,0,5.25,0.5],"rotation":90,"texture":"#2"}}},{"from":[13.25,2,2],"to":[15.25,4,5],"rotation":{"angle":-45,"axis":"y","origin":[15,1,2]},"faces":{"north":{"uv":[5,0,4.5,0.5],"texture":"#2"},"east":{"uv":[6,0,5.25,0.5],"texture":"#2"},"south":{"uv":[5.25,0,5,0.5],"texture":"#2"},"west":{"uv":[4.5,0,5.25,0.5],"texture":"#2"},"up":{"uv":[4.5,0.5,5.25,0],"rotation":90,"texture":"#2"},"down":{"uv":[6,0.5,5.25,0],"rotation":90,"texture":"#2"}}},{"from":[0.75,6,11],"to":[2.75,8,14],"rotation":{"angle":-45,"axis":"y","origin":[1,1,14]},"faces":{"north":{"uv":[5.25,0,5,0.5],"texture":"#2"},"east":{"uv":[5.25,0,6,0.5],"texture":"#2"},"south":{"uv":[4.5,0,5,0.5],"texture":"#2"},"west":{"uv":[5.25,0,4.5,0.5],"texture":"#2"},"up":{"uv":[5.25,0.5,4.5,0],"rotation":90,"texture":"#2"},"down":{"uv":[5.25,0,6,0.5],"rotation":90,"texture":"#2"}}}],"display":{"gui":{"rotation":[30,135,0],"translation":[0,3,0],"scale":[0.6,0.6,0.6]},"head":{"translation":[0,6,0],"scale":[1.6,1.6,1.6]},"thirdperson_righthand":{"rotation":[90.0,0.0,0.0],"translation":[-1.0,-2.0,17.265625],"scale":[0.9375,0.9375,0.9375]}}}