{"credit":"Made with Blockbench","texture_size":[32,32],"textures":{"0":"custom/cosmetics/summer/fish_arm","particle":"custom/cosmetics/summer/fish_arm"},"elements":[{"from":[4,-3,7.5],"to":[9,4,8.5],"rotation":{"angle":-45,"axis":"z","origin":[5.5,3.5,8]},"faces":{"north":{"uv":[2,4.5,5.5,7],"rotation":90,"texture":"#0","tintindex":0},"east":{"uv":[2,6.5,5.5,7],"rotation":90,"texture":"#0","tintindex":0},"south":{"uv":[2,7,5.5,4.5],"rotation":90,"texture":"#0","tintindex":0},"west":{"uv":[2,4.5,5.5,5],"rotation":90,"texture":"#0","tintindex":0},"up":{"uv":[2,4.5,2.5,7],"rotation":270,"texture":"#0","tintindex":0}}},{"from":[6,-7,6],"to":[10,-2,10],"faces":{"north":{"uv":[0,4.5,2,7],"texture":"#0","tintindex":0},"south":{"uv":[2,4.5,0,7],"texture":"#0","tintindex":0},"west":{"uv":[5.5,4.5,7.5,7],"texture":"#0","tintindex":0},"down":{"uv":[9,3,11,5],"rotation":270,"texture":"#0","tintindex":0}}},{"from":[4.9,-12.1,7.4],"to":[9.1,-5.9,8.6],"rotation":{"angle":-45,"axis":"z","origin":[7,-7.5,8]},"faces":{"north":{"uv":[11,3,13,6],"rotation":180,"texture":"#0","tintindex":0},"east":{"uv":[12.5,3,13,6],"rotation":180,"texture":"#0","tintindex":0},"south":{"uv":[13,3,11,6],"rotation":180,"texture":"#0","tintindex":0},"west":{"uv":[11,3,11.5,6],"rotation":180,"texture":"#0","tintindex":0},"up":{"uv":[11,5.5,13,6],"texture":"#0","tintindex":0}}},{"from":[7,-11,7.5],"to":[11,-6,8.5],"rotation":{"angle":45,"axis":"z","origin":[9,-7.5,8]},"faces":{"north":{"uv":[13,3,15,5.5],"texture":"#0","tintindex":0},"south":{"uv":[15,3,13,5.5],"texture":"#0","tintindex":0},"west":{"uv":[14.5,3,15,5.5],"texture":"#0","tintindex":0}}},{"from":[5,-2,5],"to":[11,7,11],"faces":{"north":{"uv":[0,0,3,4.5],"texture":"#0","tintindex":0},"east":{"uv":[6,0,9,4.5],"texture":"#0","tintindex":0},"south":{"uv":[3,0,0,4.5],"texture":"#0","tintindex":0},"west":{"uv":[3,0,6,4.5],"texture":"#0","tintindex":0},"down":{"uv":[12,0,15,3],"rotation":270,"texture":"#0","tintindex":0}}},{"from":[6,-7,6],"to":[10,-2,10],"faces":{"north":{"uv":[0,11.5,2,14],"texture":"#0"},"east":{"uv":[6.5,8,8.5,10.5],"texture":"#0"},"south":{"uv":[2,11.5,0,14],"texture":"#0"},"west":{"uv":[5.5,11.5,7.5,14],"texture":"#0"},"down":{"uv":[9,10,11,12],"rotation":270,"texture":"#0"}}},{"from":[4,-3,7.5],"to":[9,4,8.5],"rotation":{"angle":-45,"axis":"z","origin":[5.5,3.5,8]},"faces":{"north":{"uv":[2,11.5,5.5,14],"rotation":90,"texture":"#0"},"east":{"uv":[2,13.5,5.5,14],"rotation":90,"texture":"#0"},"south":{"uv":[2,14,5.5,11.5],"rotation":90,"texture":"#0"},"west":{"uv":[2,11.5,5.5,12],"rotation":90,"texture":"#0"},"down":{"uv":[5,11.5,5.5,14],"rotation":270,"texture":"#0"}}},{"from":[4.9,-12.1,7.4],"to":[9.1,-5.9,8.6],"rotation":{"angle":-45,"axis":"z","origin":[7,-7.5,8]},"faces":{"north":{"uv":[11,10,13,13],"rotation":180,"texture":"#0"},"east":{"uv":[12.5,10,13,13],"rotation":180,"texture":"#0"},"south":{"uv":[13,10,11,13],"rotation":180,"texture":"#0"},"west":{"uv":[11,10,11.5,13],"rotation":180,"texture":"#0"},"down":{"uv":[11,10,13,10.5],"texture":"#0"}}},{"from":[7,-11,7.5],"to":[11,-6,8.5],"rotation":{"angle":45,"axis":"z","origin":[9,-7.5,8]},"faces":{"north":{"uv":[13,10,15,12.5],"texture":"#0"},"east":{"uv":[13,10,13.5,12.5],"texture":"#0"},"south":{"uv":[15,10,13,12.5],"texture":"#0"},"west":{"uv":[14.5,10,15,12.5],"texture":"#0"},"down":{"uv":[13,12,15,12.5],"rotation":180,"texture":"#0"}}},{"from":[5,-2,5],"to":[11,7,11],"faces":{"north":{"uv":[0,7,3,11.5],"texture":"#0"},"east":{"uv":[6,7,9,11.5],"texture":"#0"},"south":{"uv":[3,7,0,11.5],"texture":"#0"},"west":{"uv":[3,7,6,11.5],"texture":"#0"},"up":{"uv":[9,7,12,10],"rotation":270,"texture":"#0"},"down":{"uv":[12,7,15,10],"rotation":270,"texture":"#0"}}}],"gui_light":"front","display":{"thirdperson_righthand":{"rotation":[94.0,11.0,-0.0],"translation":[-1.9375,-2.0,8.59375],"scale":[0.9375,0.9375,0.9375]},"thirdperson_lefthand":{"rotation":[94,-11,0],"translation":[0,-2,8.5]},"firstperson_righthand":{"rotation":[9,0,0],"translation":[11.5,2,0]},"firstperson_lefthand":{"rotation":[9,0,0],"translation":[11.5,2,0],"scale":[0,0,0]},"gui":{"rotation":[17,-8,-49],"translation":[6.5,4.5,0],"scale":[0.84,0.84,0.84]}},"groups":[{"name":"group","origin":[0,0,0],"children":[0,1,2,3,4]},5,6,7,8,9]}