{"credit":"Made with Blockbench","texture_size":[32,32],"textures":{"0":"custom/cosmetics/moderator/moderator_cap","1":"custom/cosmetics/moderator/moderator_light","2":"custom/cosmetics/moderator/moderator_light_tint","particle":"custom/cosmetics/moderator/moderator_cap"},"elements":[{"from":[4,0,4],"to":[12,5,12],"faces":{"north":{"uv":[0,0,4,2.5],"texture":"#0","tintindex":0},"east":{"uv":[4,0,8,2.5],"texture":"#0","tintindex":0},"south":{"uv":[4,0,8,2.5],"texture":"#0","tintindex":0},"west":{"uv":[8,0,4,2.5],"texture":"#0","tintindex":0},"up":{"uv":[4,2.5,8,6.5],"texture":"#0","tintindex":0}}},{"from":[4,0,4],"to":[12,5,12],"faces":{"north":{"uv":[0,6.5,4,9],"texture":"#0"},"east":{"uv":[4,6.5,8,9],"texture":"#0"},"south":{"uv":[4,6.5,8,9],"texture":"#0"},"west":{"uv":[8,6.5,4,9],"texture":"#0"},"down":{"uv":[4,9,8,13],"texture":"#0"}}},{"from":[6,5,6],"to":[10,6,10],"faces":{"north":{"uv":[8,2,10,2.5],"texture":"#0"},"east":{"uv":[8,2,10,2.5],"texture":"#0"},"south":{"uv":[8,2,10,2.5],"texture":"#0"},"west":{"uv":[8,2,10,2.5],"texture":"#0"},"up":{"uv":[8,0,10,2],"texture":"#0"}}},{"from":[4,0,-1],"to":[12,0,4],"faces":{"up":{"uv":[0,2.5,4,5],"rotation":180,"texture":"#0"},"down":{"uv":[0,2.5,4,5],"texture":"#0"}}},{"from":[6,6,6],"to":[10,10,10],"faces":{"north":{"uv":[0,0,4,4],"texture":"#1"},"east":{"uv":[0,0,4,4],"texture":"#1"},"south":{"uv":[0,0,4,4],"texture":"#1"},"west":{"uv":[0,0,4,4],"texture":"#1"},"up":{"uv":[4,0,8,4],"texture":"#1"}}},{"from":[6,6,6],"to":[10,10,10],"faces":{"north":{"uv":[0,0,4,4],"texture":"#2","tintindex":0},"east":{"uv":[0,0,4,4],"texture":"#2","tintindex":0},"south":{"uv":[0,0,4,4],"texture":"#2","tintindex":0},"west":{"uv":[0,0,4,4],"texture":"#2","tintindex":0},"up":{"uv":[4,0,8,4],"texture":"#2","tintindex":0}}}],"display":{"gui":{"rotation":[30,135,0],"translation":[1.25,4.25,0]},"head":{"rotation":[4,0,0],"translation":[0,17.5,1],"scale":[1.96,1.96,1.96]},"thirdperson_righthand":{"rotation":[94.0,0,0],"translation":[-1.0,-2.625,24.003906],"scale":[1.1484375,1.1484375,1.1484375]}}}