{
	"credit": "Made with Blockbench",
	"texture_size": [128, 128],
	"textures": {
		"2": "magmanetwork:item/players/Hugo99j/tnt_painting",
		"3": "magmanetwork:item/players/Hugo99j/painting_base"
	},
	"elements": [
		{
			"from": [-16, -16, 0],
			"to": [32, 32, 1],
			"faces": {
				"north": {"uv": [0, 0, 16, 16], "texture": "#3"},
				"east": {"uv": [0, 0, 0.25, 16], "texture": "#3"},
				"south": {"uv": [0, 0, 16, 16], "texture": "#2"},
				"west": {"uv": [15.75, 0, 16, 16], "texture": "#3"},
				"up": {"uv": [16, 1, 0, 0], "texture": "#3"},
				"down": {"uv": [16, 15.75, 0, 16], "texture": "#3"}
			}
		}
	],
	"display": {
		"thirdperson_righthand": {
			"translation": [0, 3, 2],
			"scale": [0.2525, 0.2525, 0.2525]
		},
		"thirdperson_lefthand": {
			"translation": [0, 3, 1.75],
			"scale": [0.2525, 0.2525, 0.2525]
		},
		"firstperson_righthand": {
			"rotation": [0, -90, 25],
			"translation": [1.13, 3.2, 1.13],
			"scale": [0.68, 0.68, 0.68]
		},
		"firstperson_lefthand": {
			"rotation": [0, -90, 25],
			"translation": [1.13, 3.2, 1.13],
			"scale": [0.68, 0.68, 0.68]
		},
		"ground": {
			"translation": [0, 2, 0],
			"scale": [0.25, 0.25, 0.25]
		},
		"gui": {
			"scale": [0.325, 0.325, 0.325]
		},
		"head": {
			"rotation": [0, 180, 0],
			"translation": [0, 13, 7]
		},
		"fixed": {
			"rotation": [0, 180, 0],
			"translation": [0, 0, -14.25],
			"scale": [2, 2, 2]
		}
	}
}