{"credit":"Made with Blockbench","texture_size":[64,64],"textures":{"0":"custom/cosmetics/lunar/bamboo_hat","particle":"custom/cosmetics/lunar/bamboo_hat"},"elements":[{"from":[-2,0,-2],"to":[18,0,18],"rotation":{"angle":0,"axis":"y","origin":[8,0,8]},"faces":{"up":{"uv":[0,0,5,5],"texture":"#0"},"down":{"uv":[0,0,5,5],"texture":"#0"}}},{"from":[2.75,0.675,2.75],"to":[13.25,0.675,13.25],"rotation":{"angle":0,"axis":"y","origin":[8,0,8]},"faces":{"up":{"uv":[10,0,10.25,0.25],"texture":"#0"},"down":{"uv":[13,0,13.5,0.5],"texture":"#0"}}},{"from":[4.1,2.125,4.125],"to":[11.875,2.125,11.875],"rotation":{"angle":0,"axis":"y","origin":[8,0,8]},"faces":{"up":{"uv":[10.5,0.5,10.75,0.75],"texture":"#0"},"down":{"uv":[10.5,0.5,10.75,0.75],"texture":"#0"}}},{"from":[0,-3.31066,6.00736],"to":[16,5.68934,6.00736],"rotation":{"angle":45,"axis":"x","origin":[8,3.18198,8]},"faces":{"north":{"uv":[5.25,0,9.25,2.25],"texture":"#0"},"east":{"uv":[0,0,0,2.25],"texture":"#missing"},"south":{"uv":[5.25,0,9.25,2.25],"texture":"#0"},"west":{"uv":[0,0,0,2.25],"texture":"#missing"},"up":{"uv":[0,0,4,0],"texture":"#missing"},"down":{"uv":[0,0,4,0],"texture":"#missing"}}},{"from":[0,-3.31066,9.99264],"to":[16,5.68934,9.99264],"rotation":{"angle":-45,"axis":"x","origin":[8,3.18198,8]},"faces":{"north":{"uv":[9.25,0,5.25,2.25],"texture":"#0"},"east":{"uv":[0,0,0,2.25],"texture":"#missing"},"south":{"uv":[9.25,0,5.25,2.25],"texture":"#0"},"west":{"uv":[0,0,0,2.25],"texture":"#missing"},"up":{"uv":[0,0,4,0],"texture":"#missing"},"down":{"uv":[0,0,4,0],"texture":"#missing"}}},{"from":[6.00736,-3.31066,0],"to":[6.00736,5.68934,16],"rotation":{"angle":-45,"axis":"z","origin":[8,3.18198,8]},"faces":{"north":{"uv":[0,0,0,2.25],"texture":"#missing"},"east":{"uv":[9.25,0,5.25,2.25],"texture":"#0"},"south":{"uv":[0,0,0,2.25],"texture":"#missing"},"west":{"uv":[9.25,0,5.25,2.25],"texture":"#0"},"up":{"uv":[0,0,4,0],"rotation":90,"texture":"#missing"},"down":{"uv":[0,0,4,0],"rotation":270,"texture":"#missing"}}},{"from":[9.99264,-3.31066,0],"to":[9.99264,5.68934,16],"rotation":{"angle":45,"axis":"z","origin":[8,3.18198,8]},"faces":{"north":{"uv":[0,0,0,2.25],"texture":"#missing"},"east":{"uv":[5.25,0,9.25,2.25],"texture":"#0"},"south":{"uv":[0,0,0,2.25],"texture":"#missing"},"west":{"uv":[5.25,0,9.25,2.25],"texture":"#0"},"up":{"uv":[0,0,4,0],"rotation":90,"texture":"#missing"},"down":{"uv":[0,0,4,0],"rotation":270,"texture":"#missing"}}},{"from":[5.5,0,8],"to":[14,8.475,8],"rotation":{"angle":45,"axis":"z","origin":[14,0,8]},"faces":{"north":{"uv":[10,0,12,2],"texture":"#0"},"east":{"uv":[0,0,0,2.125],"texture":"#missing"},"south":{"uv":[10,0,12,2],"rotation":90,"texture":"#0"},"west":{"uv":[0,0,0,2.125],"texture":"#missing"},"up":{"uv":[0,0,2.125,0],"texture":"#missing"},"down":{"uv":[0,0,2.125,0],"texture":"#missing"}}},{"from":[7.98959,-4.25,3.75],"to":[7.98959,4.25,12.25],"rotation":{"angle":-45,"axis":"x","origin":[7.98959,0,8]},"faces":{"north":{"uv":[0,0,0,2.125],"texture":"#missing"},"east":{"uv":[10,0,12,2],"texture":"#0"},"south":{"uv":[0,0,0,2.125],"texture":"#missing"},"west":{"uv":[10,0,12,2],"rotation":90,"texture":"#0"},"up":{"uv":[0,0,2.125,0],"rotation":90,"texture":"#missing"},"down":{"uv":[0,0,2.125,0],"rotation":270,"texture":"#missing"}}},{"from":[8.65,0,5.375],"to":[13.375,3.1,5.375],"rotation":{"angle":-45,"axis":"y","origin":[11,2,5]},"faces":{"north":{"uv":[5.75,2.25,8.5,4.25],"texture":"#0"},"south":{"uv":[5.75,2.25,8.5,4.25],"texture":"#0"}}},{"from":[9.15,0,3.8],"to":[12.875,2,3.8],"rotation":{"angle":-45,"axis":"y","origin":[11,2,5]},"faces":{"north":{"uv":[5.75,2.25,8.5,4.25],"texture":"#0"},"south":{"uv":[5.75,2.25,8.5,4.25],"texture":"#0"}}},{"from":[3.125,0,3.8],"to":[6.85,2,3.8],"rotation":{"angle":45,"axis":"y","origin":[5,2,5]},"faces":{"north":{"uv":[8.5,2.25,5.75,4.25],"texture":"#0"},"south":{"uv":[8.5,2.25,5.75,4.25],"texture":"#0"}}},{"from":[2.625,0,5.375],"to":[7.35,3.1,5.375],"rotation":{"angle":45,"axis":"y","origin":[5,2,5]},"faces":{"north":{"uv":[8.5,2.25,5.75,4.25],"texture":"#0"},"south":{"uv":[8.5,2.25,5.75,4.25],"texture":"#0"}}},{"from":[3.125,0,12.2],"to":[6.85,2,12.2],"rotation":{"angle":-45,"axis":"y","origin":[5,2,11]},"faces":{"north":{"uv":[5.75,2.25,8.5,4.25],"texture":"#0"},"south":{"uv":[5.75,2.25,8.5,4.25],"texture":"#0"}}},{"from":[2.625,0,10.625],"to":[7.35,3.1,10.625],"rotation":{"angle":-45,"axis":"y","origin":[5,2,11]},"faces":{"north":{"uv":[5.75,2.25,8.5,4.25],"texture":"#0"},"south":{"uv":[5.75,2.25,8.5,4.25],"texture":"#0"}}},{"from":[9.15,0,12.2],"to":[12.875,2,12.2],"rotation":{"angle":45,"axis":"y","origin":[11,2,11]},"faces":{"north":{"uv":[8.5,2.25,5.75,4.25],"texture":"#0"},"south":{"uv":[8.5,2.25,5.75,4.25],"texture":"#0"}}},{"from":[8.65,0,10.625],"to":[13.375,3.1,10.625],"rotation":{"angle":45,"axis":"y","origin":[11,2,11]},"faces":{"north":{"uv":[8.5,2.25,5.75,4.25],"texture":"#0"},"south":{"uv":[8.5,2.25,5.75,4.25],"texture":"#0"}}},{"from":[7,4.85,7],"to":[9,5.85,9],"faces":{"north":{"uv":[14.25,0,13.75,0.25],"texture":"#0","tintindex":0},"east":{"uv":[13.75,0,14.25,0.25],"texture":"#0","tintindex":0},"south":{"uv":[14.25,0,13.75,0.25],"texture":"#0","tintindex":0},"west":{"uv":[13.75,0,14.25,0.25],"texture":"#0","tintindex":0}}},{"name":"cube inverted","from":[9,5.85,9],"to":[7,4.85,7],"faces":{"north":{"uv":[14.25,0.25,13.75,0],"texture":"#0","tintindex":0},"east":{"uv":[13.75,0.25,14.25,0],"texture":"#0","tintindex":0},"south":{"uv":[14.25,0.25,13.75,0],"texture":"#0","tintindex":0},"west":{"uv":[13.75,0.25,14.25,0],"texture":"#0","tintindex":0}}},{"from":[-2,0,-2],"to":[18,0,18],"rotation":{"angle":0,"axis":"y","origin":[8,0,8]},"faces":{"up":{"uv":[0,5,5,10],"texture":"#0","tintindex":0},"down":{"uv":[0,5,5,10],"texture":"#0","tintindex":0}}},{"from":[7.1,1.1,7.1],"to":[8.9,8.9,8.9],"faces":{"north":{"uv":[13,0.75,13.5,2.75],"texture":"#0"},"east":{"uv":[13,0.75,13.5,2.75],"texture":"#0"},"south":{"uv":[13,0.75,13.5,2.75],"texture":"#0"},"west":{"uv":[13,0.75,13.5,2.75],"texture":"#0"},"up":{"uv":[13,0.75,13.5,1],"texture":"#0"}}}],"display":{"gui":{"rotation":[21,135,0],"translation":[0,3.75,0],"scale":[0.63,0.63,0.63]},"head":{"rotation":[6,0,0],"translation":[0,19.5,1.75],"scale":[1.93,1.93,1.93]},"thirdperson_righthand":{"rotation":[96.0,0,0],"translation":[-1.0,-3.09375,25.175781],"scale":[1.1308594,1.1308594,1.1308594]}},"groups":[0,1,2,3,4,5,6,7,8,9,10,11,12,13,14,15,16,{"name":"group","origin":[0,0,0],"color":0,"children":[17,18,19]},20]}