{"credit":"Made with Blockbench","texture_size":[64,64],"textures":{"2":"custom/furniture/easter/wisteria_leaf_1","3":"custom/furniture/lunar/potted_cherry_blossom","4":"custom/furniture/easter/wisteria_leaf","5":"custom/cosmetics/lunar/cherry_blossom_pot","particle":"custom/furniture/easter/wisteria_leaf"},"elements":[{"from":[6,-6.5,-1.25],"to":[10,1.5,2.75],"rotation":{"angle":0,"axis":"y","origin":[8,-7,5.08211]},"faces":{"north":{"uv":[7,0,0,16],"texture":"#2","tintindex":0},"west":{"uv":[0,0,7,16],"texture":"#4","tintindex":0}}},{"name":"cube inverted","from":[10,1.5,2.75],"to":[6,-6.5,-1.25],"rotation":{"angle":0,"axis":"y","origin":[7,3.4,2]},"faces":{"east":{"uv":[0,16,7,0],"texture":"#4","tintindex":0},"south":{"uv":[7,16,0,0],"texture":"#2","tintindex":0}}},{"from":[15.5,-8,6],"to":[19.5,0,10],"rotation":{"angle":0,"axis":"y","origin":[9,2.9,2]},"faces":{"east":{"uv":[0,0,7,16],"texture":"#4","tintindex":0},"south":{"uv":[0,0,7,16],"texture":"#2","tintindex":0}}},{"name":"cube inverted","from":[19.5,0,10],"to":[15.5,-8,6],"rotation":{"angle":0,"axis":"y","origin":[9,2.9,2]},"faces":{"north":{"uv":[0,16,7,0],"texture":"#2","tintindex":0},"west":{"uv":[0,16,7,0],"texture":"#4","tintindex":0}}},{"from":[0.5,-5,6],"to":[4.5,3,10],"rotation":{"angle":0,"axis":"y","origin":[3.5,1.5,13.5]},"faces":{"south":{"uv":[0,0,7,16],"texture":"#4","tintindex":0},"west":{"uv":[0,0,7,16],"texture":"#2","tintindex":0}}},{"name":"cube inverted","from":[4.5,3,10],"to":[0.5,-5,6],"rotation":{"angle":0,"axis":"y","origin":[3.5,1.5,13.5]},"faces":{"north":{"uv":[0,16,7,0],"texture":"#4","tintindex":0},"east":{"uv":[0,16,7,0],"texture":"#2","tintindex":0}}},{"from":[6,-13.5,6],"to":[10,-9.5,10],"rotation":{"angle":0,"axis":"y","origin":[8,-11.5,8]},"faces":{"north":{"uv":[0,0,2,2],"texture":"#5"},"east":{"uv":[0,0,2,2],"texture":"#5"},"south":{"uv":[0,0,2,2],"texture":"#5"},"west":{"uv":[0,0,2,2],"texture":"#5"},"up":{"uv":[2,0,4,2],"rotation":270,"texture":"#5"},"down":{"uv":[2,2,4,4],"rotation":90,"texture":"#5"}}},{"from":[3.925,-0.93289,4.92581],"to":[11.925,10.56711,4.92581],"rotation":{"angle":-45,"axis":"x","origin":[7.925,1.81711,8.17581]},"faces":{"north":{"uv":[0,0,4,6.25],"texture":"#3"},"east":{"uv":[0,0,0,6.25],"texture":"#2"},"south":{"uv":[0,0,4,6.25],"texture":"#3"},"west":{"uv":[0,0,0,6.25],"texture":"#2"}}},{"from":[3.925,-0.93289,4.92581],"to":[11.925,10.56711,4.92581],"rotation":{"angle":-45,"axis":"x","origin":[7.925,1.81711,8.17581]},"faces":{"north":{"uv":[4,0,8,6.25],"texture":"#3","tintindex":0},"east":{"uv":[0,0,0,6.25],"texture":"#2","tintindex":0},"south":{"uv":[4,0,8,6.25],"texture":"#3","tintindex":0},"west":{"uv":[0,0,0,6.25],"texture":"#2","tintindex":0}}},{"from":[7.925,-0.93289,0.92581],"to":[7.925,10.56711,8.92581],"rotation":{"angle":-45,"axis":"x","origin":[7.925,1.81711,8.17581]},"faces":{"north":{"uv":[0,0,0,6.25],"texture":"#2"},"east":{"uv":[0,0,4,6.25],"texture":"#3"},"south":{"uv":[0,0,0,6.25],"texture":"#2"},"west":{"uv":[0,0,4,6.25],"texture":"#3"}}},{"from":[7.925,-0.93289,0.92581],"to":[7.925,10.56711,8.92581],"rotation":{"angle":-45,"axis":"x","origin":[7.925,1.81711,8.17581]},"faces":{"north":{"uv":[4,0,4,6.25],"texture":"#2","tintindex":0},"east":{"uv":[4,0,8,6.25],"texture":"#3","tintindex":0},"south":{"uv":[4,0,4,6.25],"texture":"#2","tintindex":0},"west":{"uv":[4,0,8,6.25],"texture":"#3","tintindex":0}}},{"from":[8.30709,-3.78701,8],"to":[24.30709,4.21299,8],"rotation":{"angle":45,"axis":"z","origin":[15.30709,-3.28701,8]},"faces":{"north":{"uv":[8,8,12,16],"rotation":270,"texture":"#3"},"south":{"uv":[12,8,8,16],"rotation":90,"texture":"#3"}}},{"from":[8.30709,-3.78701,8],"to":[24.30709,4.21299,8],"rotation":{"angle":45,"axis":"z","origin":[15.30709,-3.28701,8]},"faces":{"north":{"uv":[12,8,16,16],"rotation":270,"texture":"#3","tintindex":0},"south":{"uv":[16,8,12,16],"rotation":90,"texture":"#3","tintindex":0}}},{"from":[1.75,-5.16617,7.9145],"to":[9.75,10.83383,7.9145],"rotation":{"angle":22.5,"axis":"z","origin":[6,1.08383,0.9145]},"faces":{"north":{"uv":[12,8,8,16],"texture":"#3"},"south":{"uv":[8,8,12,16],"texture":"#3"}}},{"from":[1.75,-5.16617,7.9145],"to":[9.75,10.83383,7.9145],"rotation":{"angle":22.5,"axis":"z","origin":[6,1.08383,0.9145]},"faces":{"north":{"uv":[16,8,12,16],"texture":"#3","tintindex":0},"south":{"uv":[12,8,16,16],"texture":"#3","tintindex":0}}},{"from":[7.275,-6.5,6.225],"to":[7.275,-5,7.725],"rotation":{"angle":45,"axis":"y","origin":[7.525,-8.5,7.5]},"faces":{"north":{"uv":[0,0,0,0.375],"texture":"#2"},"east":{"uv":[14.25,6.75,15,6],"texture":"#3"},"south":{"uv":[0,0,0,0.375],"texture":"#2"},"west":{"uv":[15,6.75,14.25,6],"texture":"#3"},"up":{"uv":[0,0,0.375,0],"rotation":90,"texture":"#2"},"down":{"uv":[0,0,0.375,0],"rotation":270,"texture":"#2"}}},{"from":[9.65,4.05,11.325],"to":[9.65,5.55,12.825],"rotation":{"angle":22.5,"axis":"y","origin":[11.725,3.25,16.075]},"faces":{"north":{"uv":[0,0,0,0.375],"texture":"#2"},"east":{"uv":[15,6.75,14.25,6],"texture":"#3"},"south":{"uv":[0,0,0,0.375],"texture":"#2"},"west":{"uv":[14.25,6.75,15,6],"texture":"#3"},"up":{"uv":[0.375,0,0,0],"rotation":90,"texture":"#2"},"down":{"uv":[0.375,0,0,0],"rotation":270,"texture":"#2"}}},{"from":[3,0.5,7.75],"to":[4.5,2,7.75],"rotation":{"angle":0,"axis":"y","origin":[7.525,-8.5,7.5]},"faces":{"north":{"uv":[14.25,6.75,15,6],"texture":"#3"},"east":{"uv":[0,0,0,0.375],"texture":"#2"},"south":{"uv":[15,6.75,14.25,6],"texture":"#3"},"west":{"uv":[0,0,0,0.375],"texture":"#2"},"up":{"uv":[0,0,0.375,0],"texture":"#2"},"down":{"uv":[0,0,0.375,0],"texture":"#2"}}},{"from":[11.725,-2.95,11.025],"to":[11.725,-1.45,12.525],"rotation":{"angle":45,"axis":"y","origin":[8.475,-8.5,8.5]},"faces":{"north":{"uv":[0,0,0,0.375],"texture":"#2"},"east":{"uv":[15,6.75,14.25,6],"texture":"#3"},"south":{"uv":[0,0,0,0.375],"texture":"#2"},"west":{"uv":[14.25,6.75,15,6],"texture":"#3"},"up":{"uv":[0.375,0,0,0],"rotation":90,"texture":"#2"},"down":{"uv":[0.375,0,0,0],"rotation":270,"texture":"#2"}}},{"from":[7.425,-9.91802,7.60106],"to":[8.425,-1.91802,8.60106],"rotation":{"angle":0,"axis":"x","origin":[8,2.94955,5.13843]},"faces":{"north":{"uv":[7,16,7.5,12],"rotation":180,"texture":"#3"},"east":{"uv":[7.5,16,7,12],"rotation":180,"texture":"#3"},"south":{"uv":[7.5,16,7,12],"rotation":180,"texture":"#3"},"west":{"uv":[7.5,16,7,12],"rotation":180,"texture":"#3"},"up":{"uv":[7.5,12.5,7,12],"rotation":180,"texture":"#3"},"down":{"uv":[7.5,12,7,12.5],"texture":"#3"}}},{"from":[3.5,-10,6],"to":[6,-10,10],"rotation":{"angle":45,"axis":"z","origin":[6,-10,8]},"faces":{"north":{"uv":[1.25,0,0,0],"texture":"#missing"},"east":{"uv":[2,0,0,0],"texture":"#missing"},"south":{"uv":[1.25,0,0,0],"texture":"#missing"},"west":{"uv":[2,0,0,0],"texture":"#missing"},"up":{"uv":[2,2,0,3.25],"rotation":90,"texture":"#5"},"down":{"uv":[2,3.25,0,2],"rotation":270,"texture":"#5"}}},{"from":[10,-10,6],"to":[12.5,-10,10],"rotation":{"angle":-45,"axis":"z","origin":[10,-10,8]},"faces":{"north":{"uv":[0,0,1.25,0],"texture":"#missing"},"east":{"uv":[0,0,2,0],"texture":"#missing"},"south":{"uv":[0,0,1.25,0],"texture":"#missing"},"west":{"uv":[0,0,2,0],"texture":"#missing"},"up":{"uv":[2,3.25,0,2],"rotation":90,"texture":"#5"},"down":{"uv":[2,2,0,3.25],"rotation":270,"texture":"#5"}}},{"from":[6,-9.5,6],"to":[7,-9.5,12.5],"rotation":{"angle":-22.5,"axis":"x","origin":[6.5,-9.5,6]},"faces":{"up":{"uv":[0,4,0.5,7.125],"rotation":180,"texture":"#5"},"down":{"uv":[0,7.125,0.5,4],"rotation":180,"texture":"#5"}}},{"from":[9,-9.5,6],"to":[10,-9.5,12.5],"rotation":{"angle":-22.5,"axis":"x","origin":[6.5,-9.5,6]},"faces":{"up":{"uv":[0,4,0.5,7.125],"rotation":180,"texture":"#5"},"down":{"uv":[0,7.125,0.5,4],"rotation":180,"texture":"#5"}}},{"from":[3.925,-1.68289,9.92581],"to":[11.925,9.81711,9.92581],"rotation":{"angle":22.5,"axis":"x","origin":[7.925,1.81711,8.17581]},"faces":{"north":{"uv":[0,0,4,6.25],"texture":"#3"},"east":{"uv":[0,0,0,6.25],"texture":"#2"},"south":{"uv":[0,0,4,6.25],"texture":"#3"},"west":{"uv":[0,0,0,6.25],"texture":"#2"}}},{"from":[3.925,-1.68289,9.92581],"to":[11.925,9.81711,9.92581],"rotation":{"angle":22.5,"axis":"x","origin":[7.925,1.81711,8.17581]},"faces":{"north":{"uv":[4,0,8,6.25],"texture":"#3","tintindex":0},"east":{"uv":[0,0,0,6.25],"texture":"#2","tintindex":0},"south":{"uv":[4,0,8,6.25],"texture":"#3","tintindex":0},"west":{"uv":[0,0,0,6.25],"texture":"#2","tintindex":0}}},{"from":[7.925,-1.68289,5.92581],"to":[7.925,9.81711,13.92581],"rotation":{"angle":22.5,"axis":"x","origin":[7.925,1.81711,8.17581]},"faces":{"north":{"uv":[0,0,0,6.25],"texture":"#2"},"east":{"uv":[0,0,4,6.25],"texture":"#3"},"south":{"uv":[0,0,0,6.25],"texture":"#2"},"west":{"uv":[0,0,4,6.25],"texture":"#3"}}},{"from":[7.925,-1.68289,5.92581],"to":[7.925,9.81711,13.92581],"rotation":{"angle":22.5,"axis":"x","origin":[7.925,1.81711,8.17581]},"faces":{"north":{"uv":[4,0,4,6.25],"texture":"#2","tintindex":0},"east":{"uv":[4,0,8,6.25],"texture":"#3","tintindex":0},"south":{"uv":[4,0,4,6.25],"texture":"#2","tintindex":0},"west":{"uv":[4,0,8,6.25],"texture":"#3","tintindex":0}}}],"display":{"thirdperson_righthand":{"rotation":[102,180,0],"translation":[-1,-18.09375,53.85],"scale":[2.25,2.25,2.25]},"thirdperson_lefthand":{"rotation":[48,0,0],"translation":[0,2.5,2],"scale":[0.2,0.2,0.2]},"firstperson_righthand":{"translation":[30.5,0,-20]},"firstperson_lefthand":{"translation":[30.5,0,-20]},"ground":{"translation":[0,7.5,0],"scale":[0.24,0.24,0.24]},"gui":{"rotation":[30,0,0],"translation":[-1.25,5.75,0],"scale":[0.65,0.65,0.65]},"head":{"rotation":[12,180,0],"translation":[0,10,25.75],"scale":[3.6,3.6,3.6]},"fixed":{"rotation":[90,0,0],"translation":[0,0,62],"scale":[4,4,4]}},"groups":[{"name":"group","origin":[8,8,8],"color":0,"children":[{"name":"group","origin":[4,18,4],"color":0,"children":[0,1]},{"name":"group","origin":[4,18,4],"color":0,"children":[]},{"name":"group","origin":[4,18,4],"color":0,"children":[2,3]},{"name":"group","origin":[4,18,4],"color":0,"children":[4,5]},{"name":"group","origin":[4,18,4],"color":0,"children":[]}]},6,{"name":"group","origin":[0,0,0],"color":0,"children":[]},{"name":"group","origin":[0,0,0],"color":0,"children":[7,8,9,10]},{"name":"group","origin":[0,0,0],"color":0,"children":[]},11,12,13,14,15,16,17,18,{"name":"group","origin":[0,6.25,8],"color":0,"children":[]},19,20,21,{"name":"group","origin":[8,1.08383,15.0855],"color":0,"children":[]},22,23,{"name":"group","origin":[0,0,0],"color":0,"children":[24,25,26,27]}]}