{"credit":"Made with Blockbench","texture_size":[64,64],"textures":{"0":"custom/cosmetics/lunar/dao_blade","particle":"custom/cosmetics/lunar/dao_blade"},"elements":[{"from":[7.175,2.25,-13.5],"to":[8.175,6.25,10.5],"rotation":{"angle":-22.5,"axis":"x","origin":[11.425,1.65224,7.92258]},"faces":{"north":{"uv":[0,0,0.25,1],"texture":"#0"},"east":{"uv":[6,0,0,1],"texture":"#0"},"south":{"uv":[5.75,0,6,1],"texture":"#0"},"west":{"uv":[0,0,6,1],"texture":"#0"},"up":{"uv":[0,0.75,6,1],"rotation":90,"texture":"#0"},"down":{"uv":[6,0.75,0,1],"rotation":90,"texture":"#0"}}},{"from":[5.675,2.25,10.5],"to":[9.675,6.25,11.5],"rotation":{"angle":-22.5,"axis":"x","origin":[11.425,1.65224,7.92258]},"faces":{"north":{"uv":[5,1,6,2],"texture":"#0"},"east":{"uv":[5,1.75,6,2],"rotation":90,"texture":"#0"},"south":{"uv":[5,1,6,2],"texture":"#0"},"west":{"uv":[5,1.75,6,2],"rotation":90,"texture":"#0"},"up":{"uv":[5,1.75,6,2],"texture":"#0"},"down":{"uv":[5,1.75,6,2],"texture":"#0"}}},{"from":[6.675,3.25,11.5],"to":[8.675,5.25,24.5],"rotation":{"angle":-22.5,"axis":"x","origin":[11.425,1.65224,7.92258]},"faces":{"north":{"uv":[0.25,0,0.5,0.25],"texture":"#0"},"east":{"uv":[3.5,1.5,0.25,2],"texture":"#0"},"south":{"uv":[0.25,0,0.5,0.25],"texture":"#0"},"west":{"uv":[0.25,2,3.5,1.5],"texture":"#0"},"up":{"uv":[0.25,1.5,3.5,2],"rotation":90,"texture":"#0"},"down":{"uv":[3.5,2,0.25,1.5],"rotation":90,"texture":"#0"}}},{"from":[7.425,-7.9436,-1.96017],"to":[7.425,-0.9436,1.03983],"rotation":{"angle":0,"axis":"x","origin":[11.425,1.65224,7.92258]},"faces":{"east":{"uv":[3.75,1,4.5,2.75],"texture":"#0"},"west":{"uv":[3.75,1,4.5,2.75],"texture":"#0"}}},{"from":[17,-4.7186,4.03983],"to":[17,2.2814,7.03983],"rotation":{"angle":0,"axis":"x","origin":[12.25,3.40224,12.42258]},"faces":{"east":{"uv":[3.75,1,4.5,2.75],"texture":"#0"},"west":{"uv":[3.75,1,4.5,2.75],"texture":"#0"}}},{"from":[7.425,-4.03857,7.92177],"to":[7.425,2.96143,10.92177],"rotation":{"angle":0,"axis":"x","origin":[11.425,1.65224,7.92258]},"faces":{"east":{"uv":[3.75,1,4.5,2.75],"texture":"#0"},"west":{"uv":[3.75,1,4.5,2.75],"texture":"#0"}}},{"from":[8,2.27435,2.46961],"to":[17,4.27435,8.46961],"rotation":{"angle":0,"axis":"x","origin":[12.25,3.40224,12.42258]},"faces":{"north":{"uv":[2.25,4,0,4.5],"texture":"#0"},"east":{"uv":[2.25,4,3.5,4.5],"texture":"#0"},"south":{"uv":[0,4,2.25,4.5],"texture":"#0"}}},{"from":[13.5,2,2.75],"to":[15.5,16,8.25],"rotation":{"angle":22.5,"axis":"z","origin":[15.75,2,5.5]},"faces":{"north":{"uv":[0,4.75,3.5,5.25],"rotation":90,"texture":"#0"},"south":{"uv":[0,4.75,3.5,5.25],"rotation":90,"texture":"#0"},"up":{"uv":[0,5.5,1.375,6],"rotation":90,"texture":"#0"}}},{"name":"cube inverted","from":[15.5,16,8.25],"to":[13.5,2,2.75],"rotation":{"angle":22.5,"axis":"z","origin":[15.75,2,5.5]},"faces":{"north":{"uv":[3.5,4.75,0,5.25],"rotation":90,"texture":"#0"},"south":{"uv":[3.5,4.75,0,5.25],"rotation":90,"texture":"#0"},"down":{"uv":[0,6,1.375,5.5],"rotation":90,"texture":"#0"}}},{"name":"cube inverted","from":[17,4.27435,8.46961],"to":[8,2.27435,2.46961],"rotation":{"angle":0,"axis":"x","origin":[12.25,3.40224,12.42258]},"faces":{"north":{"uv":[0,4.5,2.25,4],"texture":"#0"},"south":{"uv":[2.25,4.5,0,4],"texture":"#0"},"west":{"uv":[2.25,4.5,3.5,4],"texture":"#0"}}},{"from":[7.175,2.25,-13.5],"to":[8.175,6.25,10.5],"rotation":{"angle":-22.5,"axis":"x","origin":[11.425,1.65224,7.92258]},"faces":{"north":{"uv":[6.25,0,6.5,1],"texture":"#0","tintindex":0},"east":{"uv":[12.25,0,6.25,1],"texture":"#0","tintindex":0},"south":{"uv":[12,0,12.25,1],"texture":"#0","tintindex":0},"west":{"uv":[6.25,0,12.25,1],"texture":"#0","tintindex":0},"up":{"uv":[6.25,0.75,12.25,1],"rotation":90,"texture":"#0","tintindex":0},"down":{"uv":[12.25,0.75,6.25,1],"rotation":90,"texture":"#0","tintindex":0}}},{"from":[6.675,3.25,11.5],"to":[8.675,5.25,24.5],"rotation":{"angle":-22.5,"axis":"x","origin":[11.425,1.65224,7.92258]},"faces":{"north":{"uv":[6.5,0,6.75,0.25],"texture":"#0","tintindex":0},"east":{"uv":[9.75,1.5,6.5,2],"texture":"#0","tintindex":0},"south":{"uv":[6.5,0,6.75,0.25],"texture":"#0","tintindex":0},"west":{"uv":[6.5,2,9.75,1.5],"texture":"#0","tintindex":0},"up":{"uv":[6.5,1.5,9.75,2],"rotation":90,"texture":"#0","tintindex":0},"down":{"uv":[9.75,2,6.5,1.5],"rotation":90,"texture":"#0","tintindex":0}}},{"name":"cube inverted","from":[15.5,16,8.25],"to":[13.5,2,2.75],"rotation":{"angle":22.5,"axis":"z","origin":[15.75,2,5.5]},"faces":{"north":{"uv":[9.75,4.75,6.25,5.25],"rotation":90,"texture":"#0","tintindex":0},"south":{"uv":[9.75,4.75,6.25,5.25],"rotation":90,"texture":"#0","tintindex":0},"down":{"uv":[6.25,6,7.625,5.5],"rotation":90,"texture":"#0","tintindex":0}}},{"name":"cube inverted inverted","from":[13.5,2,2.75],"to":[15.5,16,8.25],"rotation":{"angle":22.5,"axis":"z","origin":[15.75,2,5.5]},"faces":{"north":{"uv":[6.25,4.75,9.75,5.25],"rotation":90,"texture":"#0","tintindex":0},"south":{"uv":[6.25,4.75,9.75,5.25],"rotation":90,"texture":"#0","tintindex":0},"up":{"uv":[6.25,5.5,7.625,6],"rotation":90,"texture":"#0","tintindex":0}}}],"gui_light":"front","display":{"thirdperson_righthand":{"rotation":[90,180,0],"translation":[3.0625,0.5,15.1]},"gui":{"rotation":[-15,54,27],"translation":[1,2.5,0],"scale":[0.56,0.56,0.56]},"head":{"rotation":[0,180,0],"translation":[6.5,-52,-4],"scale":[1.6,1.6,1.6]}},"groups":[0,1,2,3,4,5,6,7,8,9,{"name":"group","origin":[15.75,12,5.5],"color":0,"children":[10,11,12,13]}]}