{"credit":"Made with Blockbench","texture_size":[64,64],"textures":{"0":"custom/cosmetics/lunar/dao_blade","particle":"custom/cosmetics/lunar/dao_blade"},"elements":[{"from":[5.925,0,15],"to":[9.925,4,16],"rotation":{"angle":0,"axis":"x","origin":[11.425,1.40224,12.42258]},"faces":{"north":{"uv":[5,1,6,2],"texture":"#0"},"east":{"uv":[5,1.75,6,2],"rotation":90,"texture":"#0"},"south":{"uv":[5,1,6,2],"texture":"#0"},"west":{"uv":[5,1.75,6,2],"rotation":90,"texture":"#0"},"up":{"uv":[5,1.75,6,2],"texture":"#0"},"down":{"uv":[5,1.75,6,2],"texture":"#0"}}},{"from":[6.925,1,16],"to":[8.925,3,29],"rotation":{"angle":0,"axis":"x","origin":[11.425,1.40224,12.42258]},"faces":{"north":{"uv":[0.25,0,0.5,0.25],"texture":"#0"},"east":{"uv":[3.5,1.5,0.25,2],"texture":"#0"},"south":{"uv":[0.25,0,0.5,0.25],"texture":"#0"},"west":{"uv":[0.25,2,3.5,1.5],"texture":"#0"},"up":{"uv":[0.25,1.5,3.5,2],"rotation":90,"texture":"#0"},"down":{"uv":[3.5,2,0.25,1.5],"rotation":90,"texture":"#0"}}},{"from":[6.925,1,16],"to":[8.925,3,29],"rotation":{"angle":0,"axis":"x","origin":[11.425,1.40224,12.42258]},"faces":{"north":{"uv":[6.5,0,6.75,0.25],"texture":"#0","tintindex":0},"east":{"uv":[9.75,1.5,6.5,2],"texture":"#0","tintindex":0},"south":{"uv":[6.5,0,6.75,0.25],"texture":"#0","tintindex":0},"west":{"uv":[6.5,2,9.75,1.5],"texture":"#0","tintindex":0},"up":{"uv":[6.5,1.5,9.75,2],"rotation":90,"texture":"#0","tintindex":0},"down":{"uv":[9.75,2,6.5,1.5],"rotation":90,"texture":"#0","tintindex":0}}},{"from":[8,1,-8],"to":[8,6,15],"faces":{"east":{"uv":[5.75,2.75,0,4],"texture":"#0"},"west":{"uv":[0,2.75,5.75,4],"texture":"#0"}}},{"from":[8,4,-8],"to":[8,18,-2],"faces":{"east":{"uv":[13.5,0,12,3.5],"texture":"#0"},"west":{"uv":[12,0,13.5,3.5],"texture":"#0"}}}],"display":{"thirdperson_righthand":{"rotation":[90,0,0],"translation":[-0.5,15,8]},"thirdperson_lefthand":{"rotation":[90,0,0],"translation":[-0.5,15,8]},"gui":{"rotation":[-15,54,27],"translation":[-1,2.5,0],"scale":[0.56,0.56,0.56]},"head":{"rotation":[0,180,0],"translation":[6.5,-47,-4],"scale":[1.6,1.6,1.6]}},"groups":[0,1,{"name":"group","origin":[15.75,12,5.5],"color":0,"children":[2]},3,4]}