{"credit":"Made with Blockbench","texture_size":[64,64],"textures":{"0":"custom/cosmetics/lunar/dragon_ribbon","particle":"custom/cosmetics/lunar/dragon_ribbon"},"elements":[{"from":[8.30356,10.5,-0.87758],"to":[16.30356,16,-0.87758],"rotation":{"angle":45,"axis":"y","origin":[7.44526,12.88896,7.07238]},"faces":{"north":{"uv":[0,3.5,4,6.25],"texture":"#0"},"south":{"uv":[4,3.5,0,6.25],"texture":"#0"}}},{"from":[8.30356,10.5,-0.87758],"to":[16.30356,16,-0.87758],"rotation":{"angle":45,"axis":"y","origin":[7.44526,12.88896,7.07238]},"faces":{"north":{"uv":[5.25,3.5,9.25,6.25],"texture":"#0","tintindex":0},"south":{"uv":[9.25,3.5,5.25,6.25],"texture":"#0","tintindex":0}}},{"from":[7.85363,10.55,14.22943],"to":[18.35363,16.05,14.22943],"rotation":{"angle":0,"axis":"y","origin":[8.98137,13.275,13.79288]},"faces":{"north":{"uv":[0,6.25,5.25,9],"rotation":180,"texture":"#0"},"south":{"uv":[5.25,6.25,0,9],"rotation":180,"texture":"#0"}}},{"from":[7.85363,10.55,14.22943],"to":[18.35363,16.05,14.22943],"rotation":{"angle":0,"axis":"y","origin":[8.98137,13.275,13.79288]},"faces":{"north":{"uv":[5.25,6.25,10.5,9],"rotation":180,"texture":"#0","tintindex":0},"south":{"uv":[10.5,6.25,5.25,9],"rotation":180,"texture":"#0","tintindex":0}}},{"from":[2.47612,10.5,0.85707],"to":[2.47612,16,8.85707],"rotation":{"angle":0,"axis":"y","origin":[9.44526,12.88896,5.07238]},"faces":{"east":{"uv":[4,3.5,0,6.25],"texture":"#0"},"west":{"uv":[0,3.5,4,6.25],"texture":"#0"}}},{"from":[2.47612,10.5,0.85707],"to":[2.47612,16,8.85707],"rotation":{"angle":0,"axis":"y","origin":[9.44526,12.88896,5.07238]},"faces":{"east":{"uv":[9.25,3.5,5.25,6.25],"texture":"#0","tintindex":0},"west":{"uv":[5.25,3.5,9.25,6.25],"texture":"#0","tintindex":0}}},{"from":[8,11.5,-6.5],"to":[11,15,-3.5],"rotation":{"angle":0,"axis":"y","origin":[4.87026,3.11104,7.07238]},"faces":{"north":{"uv":[1.5,3.5,0,1.75],"texture":"#0"},"east":{"uv":[1.75,1.75,3.25,0],"texture":"#0"},"south":{"uv":[0,3.5,1.5,1.75],"texture":"#0"},"west":{"uv":[9.25,4.5,10.75,2.75],"texture":"#0"},"up":{"uv":[3.25,3.5,1.75,2],"rotation":90,"texture":"#0"},"down":{"uv":[0,1.5,1.5,0],"texture":"#0"}}},{"from":[11,12.5,-6],"to":[14,15,-4],"rotation":{"angle":0,"axis":"y","origin":[4.87026,3.11104,7.07238]},"faces":{"north":{"uv":[5,1.25,3.5,0],"texture":"#0"},"east":{"uv":[3.5,2.75,4.5,1.5],"texture":"#0"},"south":{"uv":[3.5,1.25,5,0],"texture":"#0"},"up":{"uv":[3.5,1.25,5,1],"texture":"#0"},"down":{"uv":[3.5,0.25,5,0],"texture":"#0"}}},{"from":[8,11.5,-6.5],"to":[11,15,-3.5],"rotation":{"angle":0,"axis":"y","origin":[4.87026,3.11104,7.07238]},"faces":{"north":{"uv":[6.75,3.5,5.25,1.75],"texture":"#0","tintindex":0},"east":{"uv":[7,1.75,8.5,0],"texture":"#0","tintindex":0},"south":{"uv":[5.25,3.5,6.75,1.75],"texture":"#0","tintindex":0},"west":{"uv":[9.25,4.5,10.75,2.75],"texture":"#0","tintindex":0},"up":{"uv":[8.5,3.5,7,2],"rotation":90,"texture":"#0","tintindex":0},"down":{"uv":[5.25,1.5,6.75,0],"texture":"#0","tintindex":0}}},{"from":[11,12.5,-6],"to":[14,15,-4],"rotation":{"angle":0,"axis":"y","origin":[4.87026,3.11104,7.07238]},"faces":{"north":{"uv":[10.25,1.25,8.75,0],"texture":"#0","tintindex":0},"east":{"uv":[8.75,2.75,9.75,1.5],"texture":"#0","tintindex":0},"south":{"uv":[8.75,1.25,10.25,0],"texture":"#0","tintindex":0},"up":{"uv":[8.75,1.25,10.25,1],"texture":"#0","tintindex":0},"down":{"uv":[8.75,0.25,10.25,0],"texture":"#0","tintindex":0}}},{"from":[8,10.5,-6],"to":[10.5,11.5,-6],"rotation":{"angle":0,"axis":"y","origin":[4.87026,3.11104,7.07238]},"faces":{"north":{"uv":[4.75,3.5,3.5,3],"texture":"#0"},"east":{"uv":[0,0.5,0,0],"texture":"#missing"},"south":{"uv":[3.5,3.5,4.75,3],"texture":"#0"},"west":{"uv":[0,0.5,0,0],"texture":"#missing"},"up":{"uv":[0,0,1.25,0],"texture":"#missing"},"down":{"uv":[0,0,1.25,0],"texture":"#missing"}}},{"from":[11.5,15,-5],"to":[14,16,-5],"rotation":{"angle":0,"axis":"y","origin":[4.87026,3.11104,7.07238]},"faces":{"north":{"uv":[4.75,3,3.5,3.5],"texture":"#0"},"east":{"uv":[0,0,0,0.5],"texture":"#missing"},"south":{"uv":[3.5,3,4.75,3.5],"texture":"#0"},"west":{"uv":[0,0,0,0.5],"texture":"#missing"},"up":{"uv":[0,0,1.25,0],"texture":"#missing"},"down":{"uv":[0,0,1.25,0],"texture":"#missing"}}},{"from":[8,10.5,-4],"to":[10.5,11.5,-4],"rotation":{"angle":0,"axis":"y","origin":[4.87026,3.11104,7.07238]},"faces":{"north":{"uv":[4.75,3.5,3.5,3],"texture":"#0"},"east":{"uv":[0,0.5,0,0],"texture":"#missing"},"south":{"uv":[3.5,3.5,4.75,3],"texture":"#0"},"west":{"uv":[0,0.5,0,0],"texture":"#missing"},"up":{"uv":[0,0,1.25,0],"texture":"#missing"},"down":{"uv":[0,0,1.25,0],"texture":"#missing"}}},{"from":[13.96785,13.97821,-5.25736],"to":[21.96785,13.97821,-4.75736],"rotation":{"angle":0,"axis":"y","origin":[4.87026,3.11104,7.07238]},"faces":{"up":{"uv":[11,0,10.75,7.9375],"rotation":90,"texture":"#0"},"down":{"uv":[11,0,10.75,7.9375],"rotation":270,"texture":"#0"}}},{"from":[7.94247,10.5,5.49071],"to":[7.94247,16,13.49071],"rotation":{"angle":45,"axis":"y","origin":[8.98137,13.275,13.79288]},"faces":{"east":{"uv":[4,6.25,0,3.5],"texture":"#0"},"west":{"uv":[0,6.25,4,3.5],"texture":"#0"}}},{"from":[7.94247,10.5,5.49071],"to":[7.94247,16,13.49071],"rotation":{"angle":45,"axis":"y","origin":[8.98137,13.275,13.79288]},"faces":{"east":{"uv":[9.25,6.25,5.25,3.5],"texture":"#0","tintindex":0},"west":{"uv":[5.25,6.25,9.25,3.5],"texture":"#0","tintindex":0}}}],"display":{"thirdperson_righthand":{"rotation":[0,0,-180],"translation":[27.75,10,26],"scale":[2,2,2]}},"groups":[{"name":"group","origin":[4,0,4],"color":0,"children":[0,1]},{"name":"group","origin":[4,0,4],"color":0,"children":[2,3]},{"name":"group","origin":[4,0,4],"color":0,"children":[4,5]},{"name":"group","origin":[4,0,4],"color":0,"children":[6,7,8,9,10,11,12,13]},{"name":"group","origin":[4,0,4],"color":0,"children":[14,15]},{"name":"group","origin":[4,0,4],"color":0,"children":[]}]}