{"credit":"Made with Blockbench","texture_size":[64,64],"textures":{"0":"custom/cosmetics/lunar/dragon_ribbon","particle":"custom/cosmetics/lunar/dragon_ribbon"},"elements":[{"from":[-2,12.5,8.1],"to":[6,18,8.1],"rotation":{"angle":45,"axis":"z","origin":[7,13.25,8]},"faces":{"north":{"uv":[0,3.5,4,6.25],"texture":"#0"},"south":{"uv":[4,3.5,0,6.25],"texture":"#0"}}},{"from":[-2,12.5,8.1],"to":[6,18,8.1],"rotation":{"angle":45,"axis":"z","origin":[7,13.25,8]},"faces":{"north":{"uv":[5.25,3.5,9.25,6.25],"texture":"#0","tintindex":0},"south":{"uv":[9.25,3.5,5.25,6.25],"texture":"#0","tintindex":0}}},{"from":[14.5,-1.5,7.75],"to":[20,9,7.75],"rotation":{"angle":-45,"axis":"z","origin":[11.25,4.75,8]},"faces":{"north":{"uv":[0,6.25,5.25,9],"rotation":270,"texture":"#0"},"south":{"uv":[5.25,6.25,0,9],"rotation":90,"texture":"#0"}}},{"from":[14.5,-1.5,7.75],"to":[20,9,7.75],"rotation":{"angle":-45,"axis":"z","origin":[11.25,4.75,8]},"faces":{"north":{"uv":[5.25,6.25,10.5,9],"rotation":270,"texture":"#0","tintindex":0},"south":{"uv":[10.5,6.25,5.25,9],"rotation":90,"texture":"#0","tintindex":0}}},{"from":[-3.75,1.25,8],"to":[1.75,9.25,8],"rotation":{"angle":0,"axis":"z","origin":[7,13.25,8]},"faces":{"north":{"uv":[0,3.5,4,6.25],"rotation":90,"texture":"#0"},"south":{"uv":[4,3.5,0,6.25],"rotation":270,"texture":"#0"}}},{"from":[-3.75,1.25,8],"to":[1.75,9.25,8],"rotation":{"angle":0,"axis":"z","origin":[7,13.25,8]},"faces":{"north":{"uv":[5.25,3.5,9.25,6.25],"rotation":90,"texture":"#0","tintindex":0},"south":{"uv":[9.25,3.5,5.25,6.25],"rotation":270,"texture":"#0","tintindex":0}}},{"from":[5,11.5,6.5],"to":[8,15,9.5],"rotation":{"angle":0,"axis":"y","origin":[3,0,4]},"faces":{"north":{"uv":[1.5,1.75,0,3.5],"texture":"#0"},"east":{"uv":[1.75,0,3.25,1.75],"texture":"#0"},"south":{"uv":[0,1.75,1.5,3.5],"texture":"#0"},"west":{"uv":[9.25,2.75,10.75,4.5],"texture":"#0"},"up":{"uv":[0,0,1.5,1.5],"texture":"#0"},"down":{"uv":[1.75,3.5,3.25,2],"rotation":90,"texture":"#0"}}},{"from":[8,11.5,7],"to":[11,14,9],"rotation":{"angle":0,"axis":"y","origin":[3,0,4]},"faces":{"north":{"uv":[5,0,3.5,1.25],"texture":"#0"},"east":{"uv":[3.5,1.5,4.5,2.75],"texture":"#0"},"south":{"uv":[3.5,0,5,1.25],"texture":"#0"},"up":{"uv":[3.5,0,5,0.25],"texture":"#0"},"down":{"uv":[3.5,1,5,1.25],"texture":"#0"}}},{"from":[5,11.5,6.5],"to":[8,15,9.5],"rotation":{"angle":0,"axis":"y","origin":[3,0,4]},"faces":{"north":{"uv":[6.75,1.75,5.25,3.5],"texture":"#0","tintindex":0},"east":{"uv":[7,0,8.5,1.75],"texture":"#0","tintindex":0},"south":{"uv":[5.25,1.75,6.75,3.5],"texture":"#0","tintindex":0},"west":{"uv":[9.25,2.75,10.75,4.5],"texture":"#0","tintindex":0},"up":{"uv":[5.25,0,6.75,1.5],"texture":"#0","tintindex":0},"down":{"uv":[7,3.5,8.5,2],"rotation":90,"texture":"#0","tintindex":0}}},{"from":[8,11.5,7],"to":[11,14,9],"rotation":{"angle":0,"axis":"y","origin":[3,0,4]},"faces":{"north":{"uv":[10.25,0,8.75,1.25],"texture":"#0","tintindex":0},"east":{"uv":[8.75,1.5,9.75,2.75],"texture":"#0","tintindex":0},"south":{"uv":[8.75,0,10.25,1.25],"texture":"#0","tintindex":0},"up":{"uv":[8.75,0,10.25,0.25],"texture":"#0","tintindex":0},"down":{"uv":[8.75,1,10.25,1.25],"texture":"#0","tintindex":0}}},{"from":[5,15,7],"to":[7.5,16,7],"rotation":{"angle":0,"axis":"y","origin":[3,0,4]},"faces":{"north":{"uv":[4.75,3,3.5,3.5],"texture":"#0"},"east":{"uv":[0,0,0,0.5],"texture":"#missing"},"south":{"uv":[3.5,3,4.75,3.5],"texture":"#0"},"west":{"uv":[0,0,0,0.5],"texture":"#missing"},"up":{"uv":[0,0,1.25,0],"texture":"#missing"},"down":{"uv":[0,0,1.25,0],"texture":"#missing"}}},{"from":[8.5,10.5,8],"to":[11,11.5,8],"rotation":{"angle":0,"axis":"y","origin":[3,8,4]},"faces":{"north":{"uv":[4.75,3.5,3.5,3],"texture":"#0"},"east":{"uv":[0,0.5,0,0],"texture":"#missing"},"south":{"uv":[3.5,3.5,4.75,3],"texture":"#0"},"west":{"uv":[0,0.5,0,0],"texture":"#missing"},"up":{"uv":[0,0,1.25,0],"texture":"#missing"},"down":{"uv":[0,0,1.25,0],"texture":"#missing"}}},{"from":[5,15,9],"to":[7.5,16,9],"rotation":{"angle":0,"axis":"y","origin":[3,0,4]},"faces":{"north":{"uv":[4.75,3,3.5,3.5],"texture":"#0"},"east":{"uv":[0,0,0,0.5],"texture":"#missing"},"south":{"uv":[3.5,3,4.75,3.5],"texture":"#0"},"west":{"uv":[0,0,0,0.5],"texture":"#missing"},"up":{"uv":[0,0,1.25,0],"texture":"#missing"},"down":{"uv":[0,0,1.25,0],"texture":"#missing"}}},{"from":[-2,-8,8.1],"to":[6,-2.5,8.1],"rotation":{"angle":-45,"axis":"z","origin":[7,-3.25,8]},"faces":{"north":{"uv":[0,6.25,4,3.5],"texture":"#0"},"south":{"uv":[4,6.25,0,3.5],"texture":"#0"}}},{"from":[-2,-8,8.1],"to":[6,-2.5,8.1],"rotation":{"angle":-45,"axis":"z","origin":[7,-3.25,8]},"faces":{"north":{"uv":[5.25,6.25,9.25,3.5],"texture":"#0","tintindex":0},"south":{"uv":[9.25,6.25,5.25,3.5],"texture":"#0","tintindex":0}}},{"from":[7.5,12,9],"to":[8,12,26],"rotation":{"angle":22.5,"axis":"x","origin":[7,12,9.5]},"faces":{"up":{"uv":[10.75,0,11,7.9375],"texture":"#0"},"down":{"uv":[10.75,0,11,7.9375],"texture":"#0"}}},{"from":[4,-6.5,8],"to":[12,-1,8],"rotation":{"angle":0,"axis":"z","origin":[7,13.25,8]},"faces":{"north":{"uv":[0,3.5,4,6.25],"rotation":180,"texture":"#0"},"south":{"uv":[4,3.5,0,6.25],"rotation":180,"texture":"#0"}}},{"from":[4,-6.5,8],"to":[12,-1,8],"rotation":{"angle":0,"axis":"z","origin":[7,13.25,8]},"faces":{"north":{"uv":[5.25,3.5,9.25,6.25],"rotation":180,"texture":"#0","tintindex":0},"south":{"uv":[9.25,3.5,5.25,6.25],"rotation":180,"texture":"#0","tintindex":0}}}],"display":{"thirdperson_righthand":{"rotation":[0,0,-180],"translation":[0.25,-7.5,-22],"scale":[2,2,2]}},"groups":[{"name":"group","origin":[4,0,4],"color":0,"children":[0,1]},{"name":"group","origin":[4,0,4],"color":0,"children":[2,3]},{"name":"group","origin":[4,0,4],"color":0,"children":[4,5]},{"name":"group","origin":[4,0,4],"color":0,"children":[6,7,8,9,10,11,12]},{"name":"group","origin":[4,0,4],"color":0,"children":[13,14,15]},{"name":"group","origin":[4,0,4],"color":0,"children":[16,17]}]}