{"credit":"Made with Blockbench","texture_size":[64,64],"textures":{"0":"custom/cosmetics/lunar/jade_crown","particle":"custom/cosmetics/lunar/jade_crown"},"elements":[{"from":[6,-1.5,5],"to":[10,5.5,9],"rotation":{"angle":22.5,"axis":"x","origin":[8,4.32369,8.12526]},"faces":{"north":{"uv":[8,0,9,1.75],"texture":"#0"},"east":{"uv":[8,0,9,1.75],"texture":"#0"},"south":{"uv":[8,0,9,1.75],"texture":"#0"},"west":{"uv":[8,0,9,1.75],"texture":"#0"},"up":{"uv":[8.25,0,8.75,0.5],"texture":"#0"},"down":{"uv":[8.25,0,8.75,0.5],"texture":"#0"}}},{"from":[2,5.5,-1],"to":[14,7.5,15],"rotation":{"angle":22.5,"axis":"x","origin":[8,4.32369,8.12526]},"faces":{"north":{"uv":[4,8,7,8.5],"texture":"#0","tintindex":0},"east":{"uv":[0,8,4,8.5],"texture":"#0","tintindex":0},"south":{"uv":[4,8,7,8.5],"texture":"#0","tintindex":0},"west":{"uv":[0,8,4,8.5],"texture":"#0","tintindex":0},"up":{"uv":[4,8.5,8,11.5],"rotation":90,"texture":"#0","tintindex":0},"down":{"uv":[0,8.5,4,11.5],"rotation":90,"texture":"#0","tintindex":0}}},{"from":[2,5.5,-1],"to":[14,7.5,15],"rotation":{"angle":22.5,"axis":"x","origin":[8,4.32369,8.12526]},"faces":{"north":{"uv":[4,0,7,0.5],"texture":"#0"},"east":{"uv":[0,0,4,0.5],"texture":"#0"},"south":{"uv":[4,0,7,0.5],"texture":"#0"},"west":{"uv":[0,0,4,0.5],"texture":"#0"},"up":{"uv":[4,0.5,8,3.5],"rotation":90,"texture":"#0"},"down":{"uv":[0,0.5,4,3.5],"rotation":90,"texture":"#0"}}},{"from":[10.9,5.3,-1.1],"to":[14.1,8.5,1.1],"rotation":{"angle":22.5,"axis":"x","origin":[8,4.32369,8.12526]},"faces":{"north":{"uv":[10,2,10.75,2.75],"texture":"#0"},"east":{"uv":[10,2,10.25,2.75],"texture":"#0"},"south":{"uv":[10.75,2,10,2.75],"texture":"#0"},"west":{"uv":[10.5,2,10.75,2.75],"texture":"#0"},"up":{"uv":[10.75,2,10,2.25],"texture":"#0"},"down":{"uv":[10.75,2.5,10,2.75],"texture":"#0"}}},{"from":[1.9,5.3,-1.1],"to":[5.1,8.5,1.1],"rotation":{"angle":22.5,"axis":"x","origin":[8,4.32369,8.12526]},"faces":{"north":{"uv":[10.75,2,10,2.75],"texture":"#0"},"east":{"uv":[10.75,2,10.5,2.75],"texture":"#0"},"south":{"uv":[10,2,10.75,2.75],"texture":"#0"},"west":{"uv":[10.25,2,10,2.75],"texture":"#0"},"up":{"uv":[10,2,10.75,2.25],"texture":"#0"},"down":{"uv":[10,2.5,10.75,2.75],"texture":"#0"}}},{"from":[10.9,5.3,12.9],"to":[14.1,8.5,15.1],"rotation":{"angle":22.5,"axis":"x","origin":[8,4.32369,8.12526]},"faces":{"north":{"uv":[10,2,10.75,2.75],"texture":"#0"},"east":{"uv":[10.25,2,10,2.75],"texture":"#0"},"south":{"uv":[10.75,2,10,2.75],"texture":"#0"},"west":{"uv":[10.75,2,10.5,2.75],"texture":"#0"},"up":{"uv":[10.75,2.25,10,2],"texture":"#0"},"down":{"uv":[10.75,2.75,10,2.5],"texture":"#0"}}},{"from":[1.9,5.3,12.9],"to":[5.1,8.5,15.1],"rotation":{"angle":22.5,"axis":"x","origin":[8,4.32369,8.12526]},"faces":{"north":{"uv":[10.75,2,10,2.75],"texture":"#0"},"east":{"uv":[10.5,2,10.75,2.75],"texture":"#0"},"south":{"uv":[10,2,10.75,2.75],"texture":"#0"},"west":{"uv":[10,2,10.25,2.75],"texture":"#0"},"up":{"uv":[10,2.25,10.75,2],"texture":"#0"},"down":{"uv":[10,2.75,10.75,2.5],"texture":"#0"}}},{"from":[3,-5.16591,14.64611],"to":[13,2.83409,14.64611],"rotation":{"angle":0,"axis":"x","origin":[8,4.32369,8.12526]},"faces":{"north":{"uv":[0.5,11.5,3,13.5],"texture":"#0","tintindex":0},"south":{"uv":[0.5,11.5,3,13.5],"texture":"#0","tintindex":0}}},{"from":[3,0.90254,0.14477],"to":[13,8.90254,0.14477],"rotation":{"angle":0,"axis":"x","origin":[8,4.32369,8.12526]},"faces":{"north":{"uv":[0.5,13.75,3,15.75],"texture":"#0","tintindex":0},"south":{"uv":[0.5,13.75,3,15.75],"texture":"#0","tintindex":0}}},{"from":[3,-5.16591,14.64611],"to":[13,2.83409,14.64611],"rotation":{"angle":0,"axis":"x","origin":[8,4.32369,8.12526]},"faces":{"north":{"uv":[0.5,3.5,3,5.5],"texture":"#0"},"south":{"uv":[0.5,3.5,3,5.5],"texture":"#0"}}},{"from":[3,0.90254,0.14477],"to":[13,8.90254,0.14477],"rotation":{"angle":0,"axis":"x","origin":[8,4.32369,8.12526]},"faces":{"north":{"uv":[0.5,5.75,3,7.75],"texture":"#0"},"south":{"uv":[0.5,5.75,3,7.75],"texture":"#0"}}}],"display":{"gui":{"rotation":[10,-44,0],"translation":[0,3.5,0],"scale":[0.7,0.7,0.7]},"head":{"translation":[0,18,6],"scale":[1.6,1.6,1.6]},"thirdperson_righthand":{"rotation":[90.0,0.0,0.0],"translation":[-1.0,-5.75,24.296875],"scale":[0.9375,0.9375,0.9375]}},"groups":[{"name":"Body","origin":[0,0,0],"color":0,"children":[{"name":"Arm","origin":[-5,13.5,1],"color":0,"children":[]},{"name":"Arm2","origin":[5,13.5,1],"color":0,"children":[]}]},{"name":"Leg","origin":[2.75,0,1],"color":0,"children":[]},{"name":"Leg2","origin":[-2.75,0,1],"color":0,"children":[]},{"name":"Head","origin":[0,14.43448,0.3203],"color":0,"children":[{"name":"bone","origin":[0,28.4375,5.125],"color":0,"children":[0,1,2,3,4,5,6,7,8,9,10]}]},{"name":"Dragons","origin":[0,26,14],"color":0,"children":[]}]}