{"credit":"Made with Blockbench","texture_size":[32,32],"textures":{"0":"custom/cosmetics/lunar/lantern_streamer","particle":"custom/cosmetics/lunar/lantern_streamer"},"elements":[{"from":[0,0,-14],"to":[16,16,-2],"rotation":{"angle":0,"axis":"y","origin":[8,9,8]},"faces":{"north":{"uv":[0,8,8,16],"rotation":180,"texture":"#0","tintindex":0},"east":{"uv":[8,8,16,14],"rotation":90,"texture":"#0","tintindex":0},"south":{"uv":[0,8,8,16],"texture":"#0","tintindex":0},"west":{"uv":[8,8,16,14],"rotation":270,"texture":"#0","tintindex":0},"up":{"uv":[8,8,16,14],"texture":"#0","tintindex":0},"down":{"uv":[8,8,16,14],"rotation":180,"texture":"#0","tintindex":0}}},{"from":[2,2,-16],"to":[14,14,-14],"rotation":{"angle":0,"axis":"y","origin":[8,9,8]},"faces":{"north":{"uv":[0,0,6,6],"rotation":180,"texture":"#0"},"east":{"uv":[0,6,6,7],"rotation":90,"texture":"#0"},"west":{"uv":[0,6,6,7],"rotation":270,"texture":"#0"},"up":{"uv":[0,6,6,7],"texture":"#0"},"down":{"uv":[0,6,6,7],"rotation":180,"texture":"#0"}}},{"from":[2,2,-2],"to":[14,14,0],"rotation":{"angle":0,"axis":"y","origin":[8,9,8]},"faces":{"east":{"uv":[0,7,6,6],"rotation":90,"texture":"#0"},"south":{"uv":[0,6,6,0],"texture":"#0"},"west":{"uv":[0,7,6,6],"rotation":270,"texture":"#0"},"up":{"uv":[0,7,6,6],"texture":"#0"},"down":{"uv":[0,7,6,6],"rotation":180,"texture":"#0"}}},{"name":"cube inverted","from":[14,14,0],"to":[2,2,-2],"rotation":{"angle":0,"axis":"y","origin":[8,9,8]},"faces":{"north":{"uv":[6,6,0,0],"rotation":180,"texture":"#0"},"east":{"uv":[0,6,6,7],"rotation":90,"texture":"#0"},"west":{"uv":[0,6,6,7],"rotation":270,"texture":"#0"},"up":{"uv":[0,6,6,7],"texture":"#0"},"down":{"uv":[0,6,6,7],"rotation":180,"texture":"#0"}}},{"name":"cube inverted","from":[14,14,-14],"to":[2,2,-16],"rotation":{"angle":0,"axis":"y","origin":[8,9,8]},"faces":{"east":{"uv":[0,7,6,6],"rotation":90,"texture":"#0"},"south":{"uv":[6,0,0,6],"texture":"#0"},"west":{"uv":[0,7,6,6],"rotation":270,"texture":"#0"},"up":{"uv":[0,7,6,6],"texture":"#0"},"down":{"uv":[0,7,6,6],"rotation":180,"texture":"#0"}}},{"name":"cube inverted","from":[16,16,-2],"to":[0,0,-14],"rotation":{"angle":0,"axis":"y","origin":[8,9,8]},"faces":{"north":{"uv":[8,8,0,16],"rotation":180,"texture":"#0","tintindex":0},"east":{"uv":[8,14,16,8],"rotation":90,"texture":"#0","tintindex":0},"south":{"uv":[8,8,0,16],"texture":"#0","tintindex":0},"west":{"uv":[8,14,16,8],"rotation":270,"texture":"#0","tintindex":0},"up":{"uv":[8,14,16,8],"texture":"#0","tintindex":0},"down":{"uv":[8,14,16,8],"rotation":180,"texture":"#0","tintindex":0}}},{"from":[4,4,8.5],"to":[12,12,15.5],"rotation":{"angle":0,"axis":"y","origin":[8,3.5,8]},"faces":{"north":{"uv":[6.5,0,10.5,4],"rotation":180,"texture":"#0"},"east":{"uv":[6.5,4,10.5,7.5],"rotation":90,"texture":"#0"},"south":{"uv":[6.5,0,10.5,4],"texture":"#0"},"west":{"uv":[6.5,4,10.5,7.5],"rotation":270,"texture":"#0"},"up":{"uv":[6.5,4,10.5,7.5],"texture":"#0"},"down":{"uv":[6.5,4,10.5,7.5],"rotation":180,"texture":"#0"}}},{"from":[4,4,8.5],"to":[12,12,15.5],"rotation":{"angle":0,"axis":"y","origin":[8,3.5,8]},"faces":{"east":{"uv":[10.5,4,14.5,7.5],"rotation":90,"texture":"#0","tintindex":0},"west":{"uv":[10.5,4,14.5,7.5],"rotation":270,"texture":"#0","tintindex":0},"up":{"uv":[10.5,4,14.5,7.5],"texture":"#0","tintindex":0},"down":{"uv":[10.5,4,14.5,7.5],"rotation":180,"texture":"#0","tintindex":0}}},{"name":"cube inverted","from":[12,12,15.5],"to":[4,4,8.5],"rotation":{"angle":0,"axis":"y","origin":[8,3.5,8]},"faces":{"east":{"uv":[10.5,7.5,14.5,4],"rotation":90,"texture":"#0","tintindex":0},"west":{"uv":[10.5,7.5,14.5,4],"rotation":270,"texture":"#0","tintindex":0},"up":{"uv":[10.5,7.5,14.5,4],"texture":"#0","tintindex":0},"down":{"uv":[10.5,7.5,14.5,4],"rotation":180,"texture":"#0","tintindex":0}}},{"name":"cube inverted","from":[12,12,15.5],"to":[4,4,8.5],"rotation":{"angle":0,"axis":"y","origin":[8,3.5,8]},"faces":{"north":{"uv":[10.5,0,6.5,4],"rotation":180,"texture":"#0"},"east":{"uv":[6.5,7.5,10.5,4],"rotation":90,"texture":"#0"},"south":{"uv":[10.5,0,6.5,4],"texture":"#0"},"west":{"uv":[6.5,7.5,10.5,4],"rotation":270,"texture":"#0"},"up":{"uv":[6.5,7.5,10.5,4],"texture":"#0"},"down":{"uv":[6.5,7.5,10.5,4],"rotation":180,"texture":"#0"}}},{"from":[8,7,-0.5],"to":[8,9,8.5],"faces":{"east":{"uv":[15,0,16,4.5],"rotation":90,"texture":"#0"},"west":{"uv":[15,0,16,4.5],"rotation":270,"texture":"#0"}}},{"from":[8,7,14.5],"to":[8,9,23.5],"faces":{"east":{"uv":[15,0,16,4.5],"rotation":90,"texture":"#0"},"west":{"uv":[15,0,16,4.5],"rotation":270,"texture":"#0"}}},{"from":[7.5,6.5,23.5],"to":[8.5,9.5,26.5],"rotation":{"angle":0,"axis":"y","origin":[0.5,1.5,1.5]},"faces":{"north":{"uv":[13,0,14.5,0.5],"rotation":180,"texture":"#0"},"east":{"uv":[13,0,14.5,1.5],"rotation":90,"texture":"#0"},"south":{"uv":[13,1,14.5,1.5],"texture":"#0"},"west":{"uv":[13,0,14.5,1.5],"rotation":270,"texture":"#0"},"up":{"uv":[13,0,13.5,1.5],"texture":"#0"},"down":{"uv":[13,0,13.5,1.5],"rotation":180,"texture":"#0"}}},{"from":[8,6.5,26.5],"to":[8,7.5,29.5],"rotation":{"angle":0,"axis":"y","origin":[2,0.25,0.5]},"faces":{"east":{"uv":[13,1.5,13.5,3],"rotation":90,"texture":"#0"},"west":{"uv":[13,1.5,13.5,3],"rotation":270,"texture":"#0"}}},{"from":[8,6.5,29.5],"to":[8,7.5,31.5],"rotation":{"angle":0,"axis":"y","origin":[2,0.25,0.5]},"faces":{"east":{"uv":[13,3,13.5,4],"rotation":90,"texture":"#0","tintindex":0},"west":{"uv":[13,3,13.5,4],"rotation":270,"texture":"#0","tintindex":0}}},{"from":[8,8.5,29.5],"to":[8,9.5,31.5],"rotation":{"angle":0,"axis":"y","origin":[2,0.25,0.5]},"faces":{"east":{"uv":[13,3,13.5,4],"rotation":90,"texture":"#0","tintindex":0},"west":{"uv":[13,3,13.5,4],"rotation":270,"texture":"#0","tintindex":0}}},{"from":[8,8.5,26.5],"to":[8,9.5,29.5],"rotation":{"angle":0,"axis":"y","origin":[2,0.25,0.5]},"faces":{"east":{"uv":[13,1.5,13.5,3],"rotation":90,"texture":"#0"},"west":{"uv":[13,1.5,13.5,3],"rotation":270,"texture":"#0"}}}],"display":{"gui":{"rotation":[30,135,0],"translation":[1,0.25,0],"scale":[0.4,0.4,0.4]},"head":{"translation":[0,-6.75,-18.5],"scale":[2.2857,2.2857,2.2857]}},"groups":[{"name":"group","origin":[0,0,0],"color":0,"children":[0,1,2,3,4,5]},{"name":"group","origin":[0,0,0],"color":0,"children":[6,7,8,9,10]},11,12,13,14,15,16]}