{"credit":"Made with Blockbench","texture_size":[32,32],"textures":{"0":"custom/cosmetics/lunar/lantern_streamer","particle":"custom/cosmetics/lunar/lantern_streamer"},"elements":[{"from":[8,3,-4.5],"to":[8,5,4.5],"faces":{"east":{"uv":[15,0,16,4.5],"rotation":90,"texture":"#0"},"west":{"uv":[15,0,16,4.5],"rotation":270,"texture":"#0"}}},{"from":[7.5,2.5,4.5],"to":[8.5,5.5,7.5],"rotation":{"angle":0,"axis":"x","origin":[0.5,1.5,1.5]},"faces":{"north":{"uv":[13,0,14.5,0.5],"rotation":180,"texture":"#0"},"east":{"uv":[13,0,14.5,1.5],"rotation":90,"texture":"#0"},"south":{"uv":[13,1,14.5,1.5],"texture":"#0"},"west":{"uv":[13,0,14.5,1.5],"rotation":270,"texture":"#0"},"up":{"uv":[13,0,13.5,1.5],"texture":"#0"},"down":{"uv":[13,0,13.5,1.5],"rotation":180,"texture":"#0"}}},{"from":[8,2.5,10.5],"to":[8,3.5,12.5],"rotation":{"angle":0,"axis":"x","origin":[2,0.25,0.5]},"faces":{"east":{"uv":[13,3,13.5,4],"rotation":90,"texture":"#0","tintindex":0},"west":{"uv":[13,3,13.5,4],"rotation":270,"texture":"#0","tintindex":0}}},{"from":[8,2.5,7.5],"to":[8,3.5,10.5],"rotation":{"angle":0,"axis":"x","origin":[2,0.25,0.5]},"faces":{"east":{"uv":[13,1.5,13.5,3],"rotation":90,"texture":"#0"},"west":{"uv":[13,1.5,13.5,3],"rotation":270,"texture":"#0"}}},{"from":[8,4.5,10.5],"to":[8,5.5,12.5],"rotation":{"angle":0,"axis":"x","origin":[2,0.25,0.5]},"faces":{"east":{"uv":[13,3,13.5,4],"rotation":90,"texture":"#0","tintindex":0},"west":{"uv":[13,3,13.5,4],"rotation":270,"texture":"#0","tintindex":0}}},{"from":[8,4.5,7.5],"to":[8,5.5,10.5],"rotation":{"angle":0,"axis":"x","origin":[2,0.25,0.5]},"faces":{"east":{"uv":[13,1.5,13.5,3],"rotation":90,"texture":"#0"},"west":{"uv":[13,1.5,13.5,3],"rotation":270,"texture":"#0"}}}],"display":{"head":{"translation":[0,4,27.5],"scale":[2.2857,2.2857,2.2857]}},"groups":[{"name":"group","origin":[0,0,0],"color":0,"children":[0]},1,{"name":"group","origin":[0,0,0],"color":0,"children":[2,3]},{"name":"group","origin":[0,0,0],"color":0,"children":[4,5]}]}