{"credit":"Made with Blockbench","texture_size":[32,32],"textures":{"0":"custom/cosmetics/lunar/lantern_streamer","particle":"custom/cosmetics/lunar/lantern_streamer"},"elements":[{"from":[0,0,2],"to":[16,16,14],"rotation":{"angle":0,"axis":"y","origin":[8,9,8]},"faces":{"north":{"uv":[0,8,8,16],"rotation":180,"texture":"#0","tintindex":0},"east":{"uv":[8,8,16,14],"rotation":90,"texture":"#0","tintindex":0},"south":{"uv":[0,8,8,16],"texture":"#0","tintindex":0},"west":{"uv":[8,8,16,14],"rotation":270,"texture":"#0","tintindex":0},"up":{"uv":[8,8,16,14],"texture":"#0","tintindex":0},"down":{"uv":[8,8,16,14],"rotation":180,"texture":"#0","tintindex":0}}},{"from":[2,2,0],"to":[14,14,2],"rotation":{"angle":0,"axis":"y","origin":[8,9,8]},"faces":{"north":{"uv":[0,0,6,6],"rotation":180,"texture":"#0"},"east":{"uv":[0,6,6,7],"rotation":90,"texture":"#0"},"west":{"uv":[0,6,6,7],"rotation":270,"texture":"#0"},"up":{"uv":[0,6,6,7],"texture":"#0"},"down":{"uv":[0,6,6,7],"rotation":180,"texture":"#0"}}},{"from":[2,2,14],"to":[14,14,16],"rotation":{"angle":0,"axis":"y","origin":[8,9,8]},"faces":{"east":{"uv":[0,7,6,6],"rotation":90,"texture":"#0"},"south":{"uv":[0,6,6,0],"texture":"#0"},"west":{"uv":[0,7,6,6],"rotation":270,"texture":"#0"},"up":{"uv":[0,7,6,6],"texture":"#0"},"down":{"uv":[0,7,6,6],"rotation":180,"texture":"#0"}}},{"name":"cube inverted","from":[14,14,16],"to":[2,2,14],"rotation":{"angle":0,"axis":"y","origin":[8,9,8]},"faces":{"north":{"uv":[6,6,0,0],"rotation":180,"texture":"#0"},"east":{"uv":[0,6,6,7],"rotation":90,"texture":"#0"},"west":{"uv":[0,6,6,7],"rotation":270,"texture":"#0"},"up":{"uv":[0,6,6,7],"texture":"#0"},"down":{"uv":[0,6,6,7],"rotation":180,"texture":"#0"}}},{"name":"cube inverted","from":[14,14,2],"to":[2,2,0],"rotation":{"angle":0,"axis":"y","origin":[8,9,8]},"faces":{"east":{"uv":[0,7,6,6],"rotation":90,"texture":"#0"},"south":{"uv":[6,0,0,6],"texture":"#0"},"west":{"uv":[0,7,6,6],"rotation":270,"texture":"#0"},"up":{"uv":[0,7,6,6],"texture":"#0"},"down":{"uv":[0,7,6,6],"rotation":180,"texture":"#0"}}},{"name":"cube inverted","from":[16,16,14],"to":[0,0,2],"rotation":{"angle":0,"axis":"y","origin":[8,9,8]},"faces":{"north":{"uv":[8,8,0,16],"rotation":180,"texture":"#0","tintindex":0},"east":{"uv":[8,14,16,8],"rotation":90,"texture":"#0","tintindex":0},"south":{"uv":[8,8,0,16],"texture":"#0","tintindex":0},"west":{"uv":[8,14,16,8],"rotation":270,"texture":"#0","tintindex":0},"up":{"uv":[8,14,16,8],"texture":"#0","tintindex":0},"down":{"uv":[8,14,16,8],"rotation":180,"texture":"#0","tintindex":0}}}],"display":{"head":{"translation":[0,-6.75,-18.5],"scale":[2.2857,2.2857,2.2857]}},"groups":[{"name":"group","origin":[0,0,0],"color":0,"children":[0,1,2,3,4,5]}]}