{"credit":"Made with Blockbench","texture_size":[32,32],"textures":{"0":"custom/cosmetics/lunar/lantern_streamer","particle":"custom/cosmetics/lunar/lantern_streamer"},"elements":[{"from":[4,0,4.5],"to":[12,8,11.5],"rotation":{"angle":0,"axis":"x","origin":[8,3.5,8]},"faces":{"north":{"uv":[6.5,0,10.5,4],"rotation":180,"texture":"#0"},"east":{"uv":[6.5,4,10.5,7.5],"rotation":90,"texture":"#0"},"south":{"uv":[6.5,0,10.5,4],"texture":"#0"},"west":{"uv":[6.5,4,10.5,7.5],"rotation":270,"texture":"#0"},"up":{"uv":[6.5,4,10.5,7.5],"texture":"#0"},"down":{"uv":[6.5,4,10.5,7.5],"rotation":180,"texture":"#0"}}},{"from":[4,0,4.5],"to":[12,8,11.5],"rotation":{"angle":0,"axis":"x","origin":[8,3.5,8]},"faces":{"east":{"uv":[10.5,4,14.5,7.5],"rotation":90,"texture":"#0","tintindex":0},"west":{"uv":[10.5,4,14.5,7.5],"rotation":270,"texture":"#0","tintindex":0},"up":{"uv":[10.5,4,14.5,7.5],"texture":"#0","tintindex":0},"down":{"uv":[10.5,4,14.5,7.5],"rotation":180,"texture":"#0","tintindex":0}}},{"name":"cube inverted","from":[12,8,11.5],"to":[4,0,4.5],"rotation":{"angle":0,"axis":"x","origin":[8,3.5,8]},"faces":{"east":{"uv":[10.5,7.5,14.5,4],"rotation":90,"texture":"#0","tintindex":0},"west":{"uv":[10.5,7.5,14.5,4],"rotation":270,"texture":"#0","tintindex":0},"up":{"uv":[10.5,7.5,14.5,4],"texture":"#0","tintindex":0},"down":{"uv":[10.5,7.5,14.5,4],"rotation":180,"texture":"#0","tintindex":0}}},{"name":"cube inverted","from":[12,8,11.5],"to":[4,0,4.5],"rotation":{"angle":0,"axis":"x","origin":[8,3.5,8]},"faces":{"north":{"uv":[10.5,0,6.5,4],"rotation":180,"texture":"#0"},"east":{"uv":[6.5,7.5,10.5,4],"rotation":90,"texture":"#0"},"south":{"uv":[10.5,0,6.5,4],"texture":"#0"},"west":{"uv":[6.5,7.5,10.5,4],"rotation":270,"texture":"#0"},"up":{"uv":[6.5,7.5,10.5,4],"texture":"#0"},"down":{"uv":[6.5,7.5,10.5,4],"rotation":180,"texture":"#0"}}},{"from":[8,3,-4.5],"to":[8,5,4.5],"faces":{"east":{"uv":[15,0,16,4.5],"rotation":90,"texture":"#0"},"west":{"uv":[15,0,16,4.5],"rotation":270,"texture":"#0"}}}],"display":{"head":{"translation":[0,4,9.5],"scale":[2.2857,2.2857,2.2857]}},"groups":[{"name":"group","origin":[0,0,0],"color":0,"children":[0,1,2,3,4]}]}