{"credit":"Made with Blockbench","texture_size":[32,32],"textures":{"0":"custom/cosmetics/lunar/lunar_crown","particle":"custom/cosmetics/lunar/lunar_crown"},"elements":[{"from":[3,0,3],"to":[13,8,13],"faces":{"north":{"uv":[0,0,5,4],"texture":"#0"},"east":{"uv":[10,0,5,4],"texture":"#0"},"south":{"uv":[10,0,15,4],"texture":"#0"},"west":{"uv":[5,0,10,4],"texture":"#0"}}},{"name":"cube inverted","from":[13,8,13],"to":[3,0,3],"faces":{"north":{"uv":[10,4,15,0],"texture":"#0"},"east":{"uv":[5,4,10,0],"texture":"#0"},"south":{"uv":[0,4,5,0],"texture":"#0"},"west":{"uv":[10,4,5,0],"texture":"#0"}}},{"from":[6,8,1],"to":[10,12,5],"faces":{"north":{"uv":[5,6,7,8],"texture":"#0","tintindex":0},"east":{"uv":[5,6,7,8],"texture":"#0","tintindex":0},"south":{"uv":[5,6,7,8],"texture":"#0","tintindex":0},"west":{"uv":[5,6,7,8],"texture":"#0","tintindex":0},"up":{"uv":[5,4,7,6],"texture":"#0","tintindex":0},"down":{"uv":[7,4,9,6],"texture":"#0","tintindex":0}}},{"from":[11,6,2],"to":[14,9,5],"faces":{"north":{"uv":[7,7.5,8.5,9],"texture":"#0","tintindex":0},"east":{"uv":[8.5,7.5,7,9],"texture":"#0","tintindex":0},"south":{"uv":[7,7.5,8.5,9],"texture":"#0","tintindex":0},"west":{"uv":[8.5,7.5,7,9],"texture":"#0","tintindex":0},"up":{"uv":[7,6,8.5,7.5],"texture":"#0","tintindex":0},"down":{"uv":[7,4,7.5,4.5],"texture":"#0","tintindex":0}}},{"from":[11,4,11],"to":[14,7,14],"rotation":{"angle":0,"axis":"y","origin":[0,0,16]},"faces":{"north":{"uv":[8.5,7.5,7,9],"texture":"#0","tintindex":0},"east":{"uv":[7,7.5,8.5,9],"texture":"#0","tintindex":0},"south":{"uv":[8.5,7.5,7,9],"texture":"#0","tintindex":0},"west":{"uv":[7,7.5,8.5,9],"texture":"#0","tintindex":0},"up":{"uv":[7,7.5,8.5,6],"texture":"#0","tintindex":0},"down":{"uv":[7,4.5,7.5,4],"texture":"#0","tintindex":0}}},{"from":[2,4,11],"to":[5,7,14],"rotation":{"angle":0,"axis":"y","origin":[16,0,16]},"faces":{"north":{"uv":[7,7.5,8.5,9],"texture":"#0","tintindex":0},"east":{"uv":[8.5,7.5,7,9],"texture":"#0","tintindex":0},"south":{"uv":[7,7.5,8.5,9],"texture":"#0","tintindex":0},"west":{"uv":[8.5,7.5,7,9],"texture":"#0","tintindex":0},"up":{"uv":[8.5,7.5,7,6],"texture":"#0","tintindex":0},"down":{"uv":[7.5,4.5,7,4],"texture":"#0","tintindex":0}}},{"from":[2,6,2],"to":[5,9,5],"rotation":{"angle":0,"axis":"y","origin":[16,0,0]},"faces":{"north":{"uv":[8.5,7.5,7,9],"texture":"#0","tintindex":0},"east":{"uv":[7,7.5,8.5,9],"texture":"#0","tintindex":0},"south":{"uv":[8.5,7.5,7,9],"texture":"#0","tintindex":0},"west":{"uv":[7,7.5,8.5,9],"texture":"#0","tintindex":0},"up":{"uv":[8.5,6,7,7.5],"texture":"#0","tintindex":0},"down":{"uv":[7.5,4,7,4.5],"texture":"#0","tintindex":0}}},{"from":[-3,-5,5.5],"to":[0,-2,8.5],"rotation":{"angle":0,"axis":"y","origin":[16,0,0]},"faces":{"north":{"uv":[8.5,7.5,7,9],"texture":"#0","tintindex":0},"east":{"uv":[7,7.5,8.5,9],"texture":"#0","tintindex":0},"south":{"uv":[8.5,7.5,7,9],"texture":"#0","tintindex":0},"west":{"uv":[7,7.5,8.5,9],"texture":"#0","tintindex":0},"up":{"uv":[8.5,6,7,7.5],"texture":"#0","tintindex":0},"down":{"uv":[7.5,4,7,4.5],"texture":"#0","tintindex":0}}},{"from":[3,0,3],"to":[13,5,3],"rotation":{"angle":-22.5,"axis":"x","origin":[8,0,3]},"faces":{"north":{"uv":[0,4,5,6.5],"texture":"#0"},"south":{"uv":[0,4,5,6.5],"texture":"#0"}}},{"from":[3,0,3],"to":[3,3,13],"rotation":{"angle":22.5,"axis":"z","origin":[3,0,8]},"faces":{"east":{"uv":[0,7.5,5,9],"texture":"#0"},"west":{"uv":[0,7.5,5,9],"texture":"#0"}}},{"from":[13,0,3],"to":[13,3,13],"rotation":{"angle":-22.5,"axis":"z","origin":[13,0,8]},"faces":{"east":{"uv":[5,7.5,0,9],"texture":"#0"},"west":{"uv":[5,7.5,0,9],"texture":"#0"}}},{"from":[1,3,2],"to":[3,5,4],"faces":{"north":{"uv":[9.5,6,8.5,7],"texture":"#0","tintindex":0},"east":{"uv":[8.5,6,9.5,7],"texture":"#0","tintindex":0},"south":{"uv":[9.5,6,8.5,7],"texture":"#0","tintindex":0},"west":{"uv":[8.5,6,9.5,7],"texture":"#0","tintindex":0},"up":{"uv":[8.5,6,9,6.5],"texture":"#0","tintindex":0},"down":{"uv":[9,6.5,9.5,7],"texture":"#0","tintindex":0}}},{"from":[2,0,2],"to":[4,2,4],"faces":{"north":{"uv":[9.5,6,8.5,7],"texture":"#0","tintindex":0},"east":{"uv":[8.5,6,9.5,7],"texture":"#0","tintindex":0},"south":{"uv":[9.5,6,8.5,7],"texture":"#0","tintindex":0},"west":{"uv":[8.5,6,9.5,7],"texture":"#0","tintindex":0},"up":{"uv":[8.5,6,9,6.5],"texture":"#0","tintindex":0},"down":{"uv":[9,6.5,9.5,7],"texture":"#0","tintindex":0}}},{"from":[12,0,2],"to":[14,2,4],"rotation":{"angle":0,"axis":"y","origin":[16,0,0]},"faces":{"north":{"uv":[8.5,6,9.5,7],"texture":"#0","tintindex":0},"east":{"uv":[9.5,6,8.5,7],"texture":"#0","tintindex":0},"south":{"uv":[8.5,6,9.5,7],"texture":"#0","tintindex":0},"west":{"uv":[9.5,6,8.5,7],"texture":"#0","tintindex":0},"up":{"uv":[9,6,8.5,6.5],"texture":"#0","tintindex":0},"down":{"uv":[9.5,6.5,9,7],"texture":"#0","tintindex":0}}},{"from":[13,3,2],"to":[15,5,4],"rotation":{"angle":0,"axis":"y","origin":[16,0,0]},"faces":{"north":{"uv":[8.5,6,9.5,7],"texture":"#0","tintindex":0},"east":{"uv":[9.5,6,8.5,7],"texture":"#0","tintindex":0},"south":{"uv":[8.5,6,9.5,7],"texture":"#0","tintindex":0},"west":{"uv":[9.5,6,8.5,7],"texture":"#0","tintindex":0},"up":{"uv":[9,6,8.5,6.5],"texture":"#0","tintindex":0},"down":{"uv":[9.5,6.5,9,7],"texture":"#0","tintindex":0}}},{"from":[-5,-2,7],"to":[3,6,7],"faces":{"north":{"uv":[0,9,4,13],"texture":"#0"},"south":{"uv":[4,9,0,13],"texture":"#0"}}},{"from":[13,-2,7],"to":[21,6,7],"rotation":{"angle":0,"axis":"y","origin":[16,0,0]},"faces":{"north":{"uv":[4,9,0,13],"texture":"#0"},"south":{"uv":[0,9,4,13],"texture":"#0"}}},{"from":[16,-5,5.5],"to":[19,-2,8.5],"faces":{"north":{"uv":[7,7.5,8.5,9],"texture":"#0","tintindex":0},"east":{"uv":[8.5,7.5,7,9],"texture":"#0","tintindex":0},"south":{"uv":[7,7.5,8.5,9],"texture":"#0","tintindex":0},"west":{"uv":[8.5,7.5,7,9],"texture":"#0","tintindex":0},"up":{"uv":[7,6,8.5,7.5],"texture":"#0","tintindex":0},"down":{"uv":[7,4,7.5,4.5],"texture":"#0","tintindex":0}}},{"from":[7,12,2],"to":[9,14,4],"faces":{"north":{"uv":[9,4,10,5],"texture":"#0"},"east":{"uv":[9,4,10,5],"texture":"#0"},"south":{"uv":[9,4,10,5],"texture":"#0"},"west":{"uv":[9,4,10,5],"texture":"#0"},"up":{"uv":[9,4,9.5,4.5],"texture":"#0"},"down":{"uv":[9,4.5,9.5,5],"texture":"#0"}}},{"from":[3,9,3],"to":[4,10,4],"faces":{"north":{"uv":[9,4.5,9.5,5],"texture":"#0"},"east":{"uv":[9,4.5,9.5,5],"texture":"#0"},"south":{"uv":[9,4.5,9.5,5],"texture":"#0"},"west":{"uv":[9,4.5,9.5,5],"texture":"#0"},"up":{"uv":[9,4.5,9.5,5],"texture":"#0"},"down":{"uv":[9,4.5,9.5,5],"texture":"#0"}}},{"from":[12,9,3],"to":[13,10,4],"rotation":{"angle":0,"axis":"y","origin":[16,0,0]},"faces":{"north":{"uv":[9.5,4.5,9,5],"texture":"#0"},"east":{"uv":[9.5,4.5,9,5],"texture":"#0"},"south":{"uv":[9.5,4.5,9,5],"texture":"#0"},"west":{"uv":[9.5,4.5,9,5],"texture":"#0"},"up":{"uv":[9.5,4.5,9,5],"texture":"#0"},"down":{"uv":[9.5,4.5,9,5],"texture":"#0"}}}],"display":{"gui":{"rotation":[23,135,0],"translation":[0.25,3.75,0],"scale":[0.73,0.73,0.73]},"head":{"translation":[0,15.5,0],"scale":[1.6,1.6,1.6]},"thirdperson_righthand":{"rotation":[90.0,0.0,0.0],"translation":[-1.0,-2.0,22.832031],"scale":[0.9375,0.9375,0.9375]}}}