{"credit":"Made with Blockbench","texture_size":[128,128],"textures":{"0":"custom/cosmetics/lunar/lunar_dragon_balloon","particle":"custom/cosmetics/lunar/lunar_dragon_balloon"},"elements":[{"from":[1,0,-2],"to":[15,10,19],"rotation":{"angle":0,"axis":"y","origin":[0,0,-2]},"faces":{"north":{"uv":[2.625,0,4.375,1.25],"texture":"#0"},"east":{"uv":[0,0,2.625,1.25],"texture":"#0"},"south":{"uv":[4.375,0,6.125,1.25],"texture":"#0"},"west":{"uv":[2.625,0,0,1.25],"texture":"#0"},"up":{"uv":[0,1.25,1.75,3.875],"rotation":180,"texture":"#0"},"down":{"uv":[1.75,1.25,3.5,3.875],"texture":"#0"}}},{"from":[1,10,10],"to":[15,14,19],"rotation":{"angle":0,"axis":"y","origin":[0,0,-2]},"faces":{"north":{"uv":[0,3.875,1.75,4.375],"texture":"#0"},"east":{"uv":[4.625,1.25,3.5,1.75],"texture":"#0"},"south":{"uv":[3.5,3.25,5.25,3.75],"texture":"#0"},"west":{"uv":[3.5,1.25,4.625,1.75],"texture":"#0"},"up":{"uv":[3.5,3.875,5.25,5],"texture":"#0"}}},{"from":[1,14,10],"to":[15,18,10],"rotation":{"angle":22.5,"axis":"x","origin":[8,14,10]},"faces":{"north":{"uv":[1.75,3.875,3.5,4.375],"texture":"#0"},"south":{"uv":[1.75,3.875,3.5,4.375],"texture":"#0"}}},{"name":"cube inverted","from":[15,10,19],"to":[1,0,-2],"rotation":{"angle":0,"axis":"y","origin":[0,0,-2]},"faces":{"north":{"uv":[4.375,1.25,6.125,0],"texture":"#0"},"east":{"uv":[2.625,1.25,0,0],"texture":"#0"},"south":{"uv":[2.625,1.25,4.375,0],"texture":"#0"},"west":{"uv":[0,1.25,2.625,0],"texture":"#0"},"up":{"uv":[3.5,1.25,1.75,3.875],"texture":"#0"},"down":{"uv":[1.75,1.25,0,3.875],"rotation":180,"texture":"#0"}}},{"from":[4,10,-2],"to":[12,12,3],"rotation":{"angle":0,"axis":"y","origin":[0,0,-2]},"faces":{"north":{"uv":[3.5,2,4.5,2.25],"texture":"#0"},"east":{"uv":[4.125,1.75,3.5,2],"texture":"#0"},"south":{"uv":[3.5,2.875,4.5,3.125],"texture":"#0"},"west":{"uv":[3.5,1.75,4.125,2],"texture":"#0"},"up":{"uv":[3.5,2.25,4.5,2.875],"rotation":180,"texture":"#0"}}},{"from":[2,11,13],"to":[5,22,16],"rotation":{"angle":45,"axis":"x","origin":[3.5,13.5,16.25]},"faces":{"north":{"uv":[5,1.875,5.375,3.25],"texture":"#0"},"east":{"uv":[5,1.875,4.625,3.25],"texture":"#0"},"south":{"uv":[5,1.875,5.375,3.25],"texture":"#0"},"west":{"uv":[4.625,1.875,5,3.25],"texture":"#0"},"down":{"uv":[4.875,2.875,5,3.25],"texture":"#0"}}},{"from":[2,22,13],"to":[5,27,19],"rotation":{"angle":45,"axis":"x","origin":[3.5,13.5,16.25]},"faces":{"north":{"uv":[5.375,1.625,5.75,2.25],"texture":"#0"},"east":{"uv":[5.375,1.25,4.625,1.875],"texture":"#0"},"south":{"uv":[5.375,1.625,5.75,2.25],"texture":"#0"},"west":{"uv":[4.625,1.25,5.375,1.875],"texture":"#0"},"up":{"uv":[5.375,1.25,6.125,1.625],"rotation":90,"texture":"#0"},"down":{"uv":[5.375,2.125,5.75,2.25],"texture":"#0"}}},{"from":[11,11,13],"to":[14,22,16],"rotation":{"angle":45,"axis":"x","origin":[3.5,13.5,16.25]},"faces":{"north":{"uv":[5,1.875,5.375,3.25],"texture":"#0"},"east":{"uv":[5,1.875,4.625,3.25],"texture":"#0"},"south":{"uv":[5,1.875,5.375,3.25],"texture":"#0"},"west":{"uv":[4.625,1.875,5,3.25],"texture":"#0"},"down":{"uv":[4.875,2.875,5,3.25],"texture":"#0"}}},{"from":[11,22,13],"to":[14,27,19],"rotation":{"angle":45,"axis":"x","origin":[3.5,13.5,16.25]},"faces":{"north":{"uv":[5.375,1.625,5.75,2.25],"texture":"#0"},"east":{"uv":[5.375,1.25,4.625,1.875],"texture":"#0"},"south":{"uv":[5.375,1.625,5.75,2.25],"texture":"#0"},"west":{"uv":[4.625,1.25,5.375,1.875],"texture":"#0"},"up":{"uv":[5.375,1.25,6.125,1.625],"rotation":90,"texture":"#0"},"down":{"uv":[5.375,2.125,5.75,2.25],"texture":"#0"}}},{"from":[1,10,10],"to":[15,14,19],"rotation":{"angle":0,"axis":"y","origin":[0,0,-2]},"faces":{"north":{"uv":[6.125,3.875,7.875,4.375],"texture":"#0","tintindex":0},"east":{"uv":[10.75,1.25,9.625,1.75],"texture":"#0","tintindex":0},"south":{"uv":[9.625,3.25,11.375,3.75],"texture":"#0","tintindex":0},"west":{"uv":[9.625,1.25,10.75,1.75],"texture":"#0","tintindex":0},"up":{"uv":[9.625,3.875,11.375,5],"texture":"#0","tintindex":0}}},{"from":[1,0,-2],"to":[15,10,19],"rotation":{"angle":0,"axis":"y","origin":[0,0,-2]},"faces":{"north":{"uv":[8.75,0,10.5,1.25],"texture":"#0","tintindex":0},"east":{"uv":[6.125,0,8.75,1.25],"texture":"#0","tintindex":0},"south":{"uv":[10.5,0,12.25,1.25],"texture":"#0","tintindex":0},"west":{"uv":[8.75,0,6.125,1.25],"texture":"#0","tintindex":0},"up":{"uv":[6.125,1.25,7.875,3.875],"rotation":180,"texture":"#0","tintindex":0},"down":{"uv":[7.875,1.25,9.625,3.875],"texture":"#0","tintindex":0}}},{"name":"cube inverted","from":[15,10,19],"to":[1,0,-2],"rotation":{"angle":0,"axis":"y","origin":[0,0,-2]},"faces":{"north":{"uv":[10.5,1.25,12.25,0],"texture":"#0","tintindex":0},"east":{"uv":[8.75,1.25,6.125,0],"texture":"#0","tintindex":0},"south":{"uv":[8.75,1.25,10.5,0],"texture":"#0","tintindex":0},"west":{"uv":[6.125,1.25,8.75,0],"texture":"#0","tintindex":0},"up":{"uv":[9.625,1.25,7.875,3.875],"texture":"#0","tintindex":0},"down":{"uv":[7.875,1.25,6.125,3.875],"rotation":180,"texture":"#0","tintindex":0}}}],"display":{"gui":{"rotation":[30,135,0],"translation":[-1,-2.25,0],"scale":[0.44,0.44,0.44]},"head":{"translation":[0,-3.25,-25],"scale":[2.2857,2.2857,2.2857]}},"groups":[0,1,2,3,4,{"name":"group","origin":[0,0,0],"color":0,"children":[5,6]},{"name":"group","origin":[0,0,0],"color":0,"children":[7,8]},{"name":"group","origin":[0,0,-2],"color":0,"children":[9,10,11]}]}