{"credit":"Made with Blockbench","texture_size":[128,128],"textures":{"0":"custom/cosmetics/lunar/lunar_rabbit_balloon","particle":"custom/cosmetics/lunar/lunar_rabbit_balloon"},"elements":[{"from":[-2.5,10,4],"to":[2.5,15,6],"rotation":{"angle":-45,"axis":"z","origin":[-18.5,-6.5,11]},"faces":{"north":{"uv":[7,0.75,7.625,1.375],"rotation":90,"texture":"#0"},"east":{"uv":[7.625,1.25,7,1.375],"rotation":270,"texture":"#0"},"south":{"uv":[7,1.375,7.625,0.75],"rotation":90,"texture":"#0"},"west":{"uv":[7.625,0.75,7,0.875],"rotation":270,"texture":"#0"},"up":{"uv":[7,0.75,7.125,1.375],"rotation":270,"texture":"#0"},"down":{"uv":[7.5,0.75,7.625,1.375],"rotation":270,"texture":"#0"}}},{"from":[0,0,-1],"to":[16,12,14],"rotation":{"angle":0,"axis":"y","origin":[0,-6,12]},"faces":{"north":{"uv":[0,2,2,3.5],"texture":"#0"},"east":{"uv":[4,2,2.125,3.5],"texture":"#0"},"south":{"uv":[0,3.625,2,5.125],"texture":"#0"},"west":{"uv":[2.125,2,4,3.5],"texture":"#0"},"up":{"uv":[0,0,2,1.875],"rotation":180,"texture":"#0"},"down":{"uv":[2.125,0,4.125,1.875],"texture":"#0"}}},{"from":[-4.5,12,9],"to":[2.5,32,11],"rotation":{"angle":22.5,"axis":"z","origin":[3.5,22,10]},"faces":{"north":{"uv":[5,0,4.125,2.5],"texture":"#0"},"east":{"uv":[4.25,0,4.125,2.5],"texture":"#0"},"south":{"uv":[4.875,2.625,4,5.125],"texture":"#0"},"west":{"uv":[4.25,0,4.125,2.5],"texture":"#0"},"up":{"uv":[5,0,4.125,0.125],"texture":"#0"},"down":{"uv":[4.875,5,4,5.125],"texture":"#0"}}},{"from":[13.5,12,9],"to":[20.5,32,11],"rotation":{"angle":-22.5,"axis":"z","origin":[12.5,22,10]},"faces":{"north":{"uv":[4.125,0,5,2.5],"texture":"#0"},"east":{"uv":[4.125,0,4.25,2.5],"texture":"#0"},"south":{"uv":[4,2.625,4.875,5.125],"texture":"#0"},"west":{"uv":[4.125,0,4.25,2.5],"texture":"#0"},"up":{"uv":[4.125,0,5,0.125],"texture":"#0"},"down":{"uv":[4,5,4.875,5.125],"texture":"#0"}}},{"from":[-6,0,-1],"to":[0,10,-1],"rotation":{"angle":0,"axis":"y","origin":[0,-6,12]},"faces":{"north":{"uv":[5,0,5.75,1.25],"texture":"#0"},"south":{"uv":[5.75,0,5,1.25],"texture":"#0"}}},{"from":[16,0,-1],"to":[22,10,-1],"rotation":{"angle":0,"axis":"y","origin":[16,-6,12]},"faces":{"north":{"uv":[5.75,0,5,1.25],"texture":"#0"},"south":{"uv":[5,0,5.75,1.25],"texture":"#0"}}},{"from":[3,0,-4],"to":[13,6,-1],"rotation":{"angle":0,"axis":"y","origin":[0,-6,12]},"faces":{"north":{"uv":[0,5.125,1.25,5.875],"texture":"#0"},"east":{"uv":[2.875,5.125,2.5,5.875],"texture":"#0"},"west":{"uv":[2.5,5.125,2.875,5.875],"texture":"#0"},"up":{"uv":[1.25,5.5,2.5,5.125],"texture":"#0"},"down":{"uv":[1.25,5.875,2.5,5.5],"texture":"#0"}}},{"from":[3,0,-4],"to":[13,6,-1],"rotation":{"angle":0,"axis":"y","origin":[0,-6,12]},"faces":{"north":{"uv":[0,11.125,1.25,11.875],"texture":"#0","tintindex":0},"east":{"uv":[2.875,11.125,2.5,11.875],"texture":"#0","tintindex":0},"west":{"uv":[2.5,11.125,2.875,11.875],"texture":"#0","tintindex":0},"up":{"uv":[1.25,11.5,2.5,11.125],"texture":"#0","tintindex":0},"down":{"uv":[1.25,11.875,2.5,11.5],"texture":"#0","tintindex":0}}},{"from":[0,0,-1],"to":[16,12,14],"rotation":{"angle":0,"axis":"y","origin":[0,-6,12]},"faces":{"north":{"uv":[0,8,2,9.5],"texture":"#0","tintindex":0},"east":{"uv":[4,8,2.125,9.5],"texture":"#0","tintindex":0},"south":{"uv":[0,9.625,2,11.125],"texture":"#0","tintindex":0},"west":{"uv":[2.125,8,4,9.5],"texture":"#0","tintindex":0},"up":{"uv":[0,6,2,7.875],"rotation":180,"texture":"#0","tintindex":0},"down":{"uv":[2.125,6,4.125,7.875],"texture":"#0","tintindex":0}}},{"from":[-4.5,12,9],"to":[2.5,32,11],"rotation":{"angle":22.5,"axis":"z","origin":[3.5,22,10]},"faces":{"north":{"uv":[5,6,4.125,8.5],"texture":"#0","tintindex":0},"east":{"uv":[4.25,6,4.125,8.5],"texture":"#0","tintindex":0},"south":{"uv":[4.875,8.625,4,11.125],"texture":"#0","tintindex":0},"west":{"uv":[4.25,6,4.125,8.5],"texture":"#0","tintindex":0},"up":{"uv":[5,6,4.125,6.125],"texture":"#0","tintindex":0},"down":{"uv":[4.875,11,4,11.125],"texture":"#0","tintindex":0}}},{"from":[13.5,12,9],"to":[20.5,32,11],"rotation":{"angle":-22.5,"axis":"z","origin":[12.5,22,10]},"faces":{"north":{"uv":[4.125,6,5,8.5],"texture":"#0","tintindex":0},"east":{"uv":[4.125,6,4.25,8.5],"texture":"#0","tintindex":0},"south":{"uv":[4,8.625,4.875,11.125],"texture":"#0","tintindex":0},"west":{"uv":[4.125,6,4.25,8.5],"texture":"#0","tintindex":0},"up":{"uv":[4.125,6,5,6.125],"texture":"#0","tintindex":0},"down":{"uv":[4,11,4.875,11.125],"texture":"#0","tintindex":0}}},{"from":[-6,0,-1],"to":[0,10,-1],"rotation":{"angle":0,"axis":"y","origin":[0,-6,12]},"faces":{"north":{"uv":[5,6,5.75,7.25],"texture":"#0","tintindex":0},"south":{"uv":[5.75,6,5,7.25],"texture":"#0","tintindex":0}}},{"from":[16,0,-1],"to":[22,10,-1],"rotation":{"angle":0,"axis":"y","origin":[16,-6,12]},"faces":{"north":{"uv":[5.75,6,5,7.25],"texture":"#0","tintindex":0},"south":{"uv":[5,6,5.75,7.25],"texture":"#0","tintindex":0}}},{"from":[1.5,-15,6],"to":[5.5,-6,6],"rotation":{"angle":0,"axis":"z","origin":[1.5,-7.5,5]},"faces":{"north":{"uv":[5.75,0.75,6.25,1.875],"texture":"#0"},"south":{"uv":[5.75,0.75,6.25,1.875],"texture":"#0"}}},{"from":[1.5,-15,6],"to":[5.5,-6,6],"rotation":{"angle":0,"axis":"z","origin":[1.5,-7.5,5]},"faces":{"north":{"uv":[5.75,6.75,6.25,7.875],"texture":"#0","tintindex":0},"south":{"uv":[5.75,6.75,6.25,7.875],"texture":"#0","tintindex":0}}},{"from":[10.5,-15,6],"to":[14.5,-6,6],"rotation":{"angle":0,"axis":"z","origin":[14.5,-7.5,5]},"faces":{"north":{"uv":[6.25,6.75,5.75,7.875],"texture":"#0","tintindex":0},"south":{"uv":[6.25,6.75,5.75,7.875],"texture":"#0","tintindex":0}}},{"from":[10.5,-15,6],"to":[14.5,-6,6],"rotation":{"angle":0,"axis":"z","origin":[14.5,-7.5,5]},"faces":{"north":{"uv":[6.25,0.75,5.75,1.875],"texture":"#0"},"south":{"uv":[6.25,0.75,5.75,1.875],"texture":"#0"}}},{"from":[3,-6,6],"to":[4,1,6],"rotation":{"angle":0,"axis":"y","origin":[-8,-6,-8]},"faces":{"north":{"uv":[5,2.625,5.125,3.5],"texture":"#0"},"south":{"uv":[5,2.625,5.125,3.5],"texture":"#0"}}},{"from":[12,-6,6],"to":[13,1,6],"rotation":{"angle":0,"axis":"y","origin":[24,-6,-8]},"faces":{"north":{"uv":[5.125,2.625,5,3.5],"texture":"#0"},"south":{"uv":[5.125,2.625,5,3.5],"texture":"#0"}}},{"from":[7,-4,5],"to":[9,2,5],"rotation":{"angle":0,"axis":"y","origin":[0,-1,0]},"faces":{"north":{"uv":[5.75,0,6,0.75],"texture":"#0"},"south":{"uv":[5.75,0,6,0.75],"texture":"#0"}}}],"display":{"thirdperson_righthand":{"rotation":[62,45,0],"scale":[0.33,0.33,0.33]},"thirdperson_lefthand":{"rotation":[62,45,0],"scale":[0.33,0.33,0.33]},"firstperson_righthand":{"rotation":[0,117,0],"translation":[11.25,-1.25,-8],"scale":[0.56,0.56,0.56]},"firstperson_lefthand":{"rotation":[0,117,0],"translation":[11.25,-1.25,-8],"scale":[0.56,0.56,0.56]},"ground":{"translation":[0,3.75,0],"scale":[0.43,0.43,0.43]},"gui":{"rotation":[30,135,0],"translation":[0.25,-0.25,0],"scale":[0.32,0.32,0.32]},"head":{"translation":[0,0,3.25],"scale":[2.2857,2.2857,2.2857]},"fixed":{"rotation":[90,0,0],"translation":[0,-8,0],"scale":[4,4,4]}},"groups":[0,{"name":"group","origin":[4,8,4],"color":0,"children":[]},{"name":"group","origin":[12,8,4],"color":0,"children":[1,2,3,4,5,6,{"name":"group","origin":[12,8,4],"color":0,"children":[7,8,9,10,11,12,13,14,15,16]}]},17,18,19]}