{"credit":"Made with Blockbench","texture_size":[128,128],"textures":{"0":"custom/cosmetics/lunar/lunar_rabbit_balloon","particle":"custom/cosmetics/lunar/lunar_rabbit_balloon"},"elements":[{"from":[6,-15,8],"to":[10,-6,8],"rotation":{"angle":0,"axis":"z","origin":[1.5,-7.5,5]},"faces":{"north":{"uv":[5.75,0.75,6.25,1.875],"texture":"#0"},"south":{"uv":[5.75,0.75,6.25,1.875],"texture":"#0"}}},{"from":[6,-15,8],"to":[10,-6,8],"rotation":{"angle":0,"axis":"z","origin":[1.5,-7.5,5]},"faces":{"north":{"uv":[5.75,6.75,6.25,7.875],"texture":"#0","tintindex":0},"south":{"uv":[5.75,6.75,6.25,7.875],"texture":"#0","tintindex":0}}},{"from":[7.5,-6,8],"to":[8.5,1,8],"rotation":{"angle":0,"axis":"y","origin":[-8,-6,-8]},"faces":{"north":{"uv":[5,2.625,5.125,3.5],"texture":"#0"},"south":{"uv":[5,2.625,5.125,3.5],"texture":"#0"}}}],"display":{"thirdperson_righthand":{"rotation":[62,45,0],"scale":[0.33,0.33,0.33]},"thirdperson_lefthand":{"rotation":[62,45,0],"scale":[0.33,0.33,0.33]},"firstperson_righthand":{"rotation":[0,117,0],"translation":[11.25,-1.25,-8],"scale":[0.56,0.56,0.56]},"firstperson_lefthand":{"rotation":[0,117,0],"translation":[11.25,-1.25,-8],"scale":[0.56,0.56,0.56]},"ground":{"translation":[0,3.75,0],"scale":[0.43,0.43,0.43]},"gui":{"rotation":[30,135,0],"translation":[0.25,-0.25,0],"scale":[0.32,0.32,0.32]},"head":{"rotation":[0,90,0],"translation":[0,11.25,0],"scale":[2.2857,2.2857,2.2857]},"fixed":{"rotation":[90,0,0],"translation":[0,-8,0],"scale":[4,4,4]}},"groups":[{"name":"group","origin":[4,8,4],"color":0,"children":[]},{"name":"group","origin":[12,8,4],"color":0,"children":[{"name":"group","origin":[12,8,4],"color":0,"children":[0,1]}]},2]}