{"credit":"Made with Blockbench","texture_size":[32,32],"textures":{"0":"custom/cosmetics/lunar/lunar_rabbit_mask","particle":"custom/cosmetics/lunar/lunar_rabbit_mask"},"elements":[{"from":[4,0,4],"to":[12,6,12],"faces":{"north":{"uv":[4,0,8,3],"texture":"#0"},"east":{"uv":[0,0,4,3],"texture":"#0"},"south":{"uv":[4,3.5,8,6.5],"texture":"#0"},"west":{"uv":[4,0,0,3],"texture":"#0"},"up":{"uv":[0,3,4,7],"rotation":180,"texture":"#0"}}},{"from":[5.5,0,1],"to":[10.5,2,4],"faces":{"north":{"uv":[8,1.5,10.5,2.5],"texture":"#0"},"east":{"uv":[12.5,1.5,11,2.5],"texture":"#0"},"west":{"uv":[11,1.5,12.5,2.5],"texture":"#0"},"up":{"uv":[8,0,10.5,1.5],"rotation":180,"texture":"#0"},"down":{"uv":[11,0,13.5,1.5],"texture":"#0"}}},{"name":"cube inverted","from":[12,6,12],"to":[4,0,4],"faces":{"north":{"uv":[4,6.5,8,3.5],"texture":"#0"},"east":{"uv":[4,3,0,0],"texture":"#0"},"south":{"uv":[4,3,8,0],"texture":"#0"},"west":{"uv":[0,3,4,0],"texture":"#0"},"down":{"uv":[4,3,0,7],"rotation":180,"texture":"#0"}}},{"from":[10.5,5.75,9],"to":[13.5,14.75,10],"rotation":{"angle":-22.5,"axis":"z","origin":[10.5,10.5,9.5]},"faces":{"north":{"uv":[9.5,3,8,7.5],"texture":"#0"},"east":{"uv":[9,3,9.5,7.5],"texture":"#0"},"south":{"uv":[11,3,12.5,7.5],"texture":"#0"},"west":{"uv":[8.5,3,8,7.5],"texture":"#0"},"up":{"uv":[8,3,9.5,3.5],"texture":"#0"},"down":{"uv":[9.5,7,9,7.5],"texture":"#0"}}},{"from":[2.5,5.75,9],"to":[5.5,14.75,10],"rotation":{"angle":22.5,"axis":"z","origin":[5.5,10.5,9.5]},"faces":{"north":{"uv":[8,3,9.5,7.5],"texture":"#0"},"east":{"uv":[8.5,3,8,7.5],"texture":"#0"},"south":{"uv":[12.5,3,11,7.5],"texture":"#0"},"west":{"uv":[9,3,9.5,7.5],"texture":"#0"},"up":{"uv":[9.5,3,8,3.5],"texture":"#0"},"down":{"uv":[9,7,9.5,7.5],"texture":"#0"}}},{"from":[1.5,5.5,10.5],"to":[2.5,12.5,10.5],"rotation":{"angle":-22.5,"axis":"x","origin":[8,9,9.5]},"faces":{"north":{"uv":[10,3,10.5,6.5],"texture":"#0"},"south":{"uv":[10,3,10.5,6.5],"texture":"#0"}}},{"from":[6.75,-5.375,9.15],"to":[7.75,1.625,9.15],"rotation":{"angle":-22.5,"axis":"x","origin":[8,9,9.5]},"faces":{"north":{"uv":[10,3,10.5,6.5],"texture":"#0"},"south":{"uv":[10,3,10.5,6.5],"texture":"#0"}}},{"from":[8.25,-5.375,9.15],"to":[9.25,1.625,9.15],"rotation":{"angle":-22.5,"axis":"x","origin":[8,9,9.5]},"faces":{"north":{"uv":[10,3,10.5,6.5],"texture":"#0"},"south":{"uv":[10,3,10.5,6.5],"texture":"#0"}}},{"from":[13.5,5.5,10.5],"to":[14.5,12.5,10.5],"rotation":{"angle":-22.5,"axis":"x","origin":[8,9,9.5]},"faces":{"north":{"uv":[10.5,3,10,6.5],"texture":"#0"},"south":{"uv":[10.5,3,10,6.5],"texture":"#0"}}},{"from":[4,0,4],"to":[12,6,12],"faces":{"north":{"uv":[4,8,8,11],"texture":"#0","tintindex":0},"east":{"uv":[0,8,4,11],"texture":"#0","tintindex":0},"south":{"uv":[4,11.5,8,14.5],"texture":"#0","tintindex":0},"west":{"uv":[4,8,0,11],"texture":"#0","tintindex":0},"up":{"uv":[0,11,4,15],"rotation":180,"texture":"#0","tintindex":0}}},{"from":[5.5,0,1],"to":[10.5,2,4],"faces":{"north":{"uv":[8,9.5,10.5,10.5],"texture":"#0","tintindex":0},"east":{"uv":[12.5,9.5,11,10.5],"texture":"#0","tintindex":0},"west":{"uv":[11,9.5,12.5,10.5],"texture":"#0","tintindex":0},"up":{"uv":[8,8,10.5,9.5],"rotation":180,"texture":"#0","tintindex":0},"down":{"uv":[11,8,13.5,9.5],"texture":"#0","tintindex":0}}},{"name":"cube inverted","from":[12,6,12],"to":[4,0,4],"faces":{"north":{"uv":[4,14.5,8,11.5],"texture":"#0","tintindex":0},"east":{"uv":[4,11,0,8],"texture":"#0","tintindex":0},"south":{"uv":[4,11,8,8],"texture":"#0","tintindex":0},"west":{"uv":[0,11,4,8],"texture":"#0","tintindex":0},"down":{"uv":[4,11,0,15],"rotation":180,"texture":"#0","tintindex":0}}},{"from":[10.5,5.75,9],"to":[13.5,14.75,10],"rotation":{"angle":-22.5,"axis":"z","origin":[10.5,10.5,9.5]},"faces":{"north":{"uv":[9.5,11,8,15.5],"texture":"#0","tintindex":0},"east":{"uv":[9,11,9.5,15.5],"texture":"#0","tintindex":0},"south":{"uv":[11,11,12.5,15.5],"texture":"#0","tintindex":0},"west":{"uv":[8.5,11,8,15.5],"texture":"#0","tintindex":0},"up":{"uv":[8,11,9.5,11.5],"texture":"#0","tintindex":0},"down":{"uv":[9.5,15,9,15.5],"texture":"#0","tintindex":0}}},{"from":[2.5,5.75,9],"to":[5.5,14.75,10],"rotation":{"angle":22.5,"axis":"z","origin":[5.5,10.5,9.5]},"faces":{"north":{"uv":[8,11,9.5,15.5],"texture":"#0","tintindex":0},"east":{"uv":[8.5,11,8,15.5],"texture":"#0","tintindex":0},"south":{"uv":[12.5,11,11,15.5],"texture":"#0","tintindex":0},"west":{"uv":[9,11,9.5,15.5],"texture":"#0","tintindex":0},"up":{"uv":[9.5,11,8,11.5],"texture":"#0","tintindex":0},"down":{"uv":[9,15,9.5,15.5],"texture":"#0","tintindex":0}}},{"from":[1.5,5.5,10.5],"to":[2.5,12.5,10.5],"rotation":{"angle":-22.5,"axis":"x","origin":[8,9,9.5]},"faces":{"north":{"uv":[10,11,10.5,14.5],"texture":"#0","tintindex":0},"south":{"uv":[10,11,10.5,14.5],"texture":"#0","tintindex":0}}},{"from":[13.5,5.5,10.5],"to":[14.5,12.5,10.5],"rotation":{"angle":-22.5,"axis":"x","origin":[8,9,9.5]},"faces":{"north":{"uv":[10.5,11,10,14.5],"texture":"#0","tintindex":0},"south":{"uv":[10.5,11,10,14.5],"texture":"#0","tintindex":0}}},{"from":[6.75,-5.375,9.15],"to":[7.75,1.625,9.15],"rotation":{"angle":-22.5,"axis":"x","origin":[8,9,9.5]},"faces":{"north":{"uv":[10,11,10.5,14.5],"texture":"#0","tintindex":0},"south":{"uv":[10,11,10.5,14.5],"texture":"#0","tintindex":0}}},{"from":[8.25,-5.375,9.15],"to":[9.25,1.625,9.15],"rotation":{"angle":-22.5,"axis":"x","origin":[8,9,9.5]},"faces":{"north":{"uv":[10,11,10.5,14.5],"texture":"#0","tintindex":0},"south":{"uv":[10,11,10.5,14.5],"texture":"#0","tintindex":0}}}],"display":{"gui":{"rotation":[30,135,0],"translation":[0,0.75,0],"scale":[0.83,0.83,0.83]},"head":{"rotation":[11,0,0],"translation":[0,14.5,2],"scale":[1.94,1.94,1.94]},"thirdperson_righthand":{"rotation":[101.0,0,0],"translation":[-1.0,-3.25,22.246094],"scale":[1.1367188,1.1367188,1.1367188]}}}