{"credit":"Made with Blockbench","texture_size":[32,32],"textures":{"0":"custom/cosmetics/lunar/ornate_fan","particle":"custom/cosmetics/lunar/ornate_fan"},"elements":[{"from":[15,0,0],"to":[16,1,16],"rotation":{"angle":0,"axis":"y","origin":[15.5,0.5,0.5]},"faces":{"north":{"uv":[0,7.5,0.5,8],"texture":"#0"},"east":{"uv":[0.5,8,0,0],"rotation":90,"texture":"#0"},"south":{"uv":[0,0,0.5,0.5],"texture":"#0"},"west":{"uv":[0,0,0.5,8],"rotation":90,"texture":"#0"},"up":{"uv":[0,0,0.5,8],"rotation":180,"texture":"#0"},"down":{"uv":[0,0,0.5,8],"texture":"#0"}}},{"from":[0,0,0],"to":[16,1,1],"rotation":{"angle":0,"axis":"y","origin":[15.5,0.5,0.5]},"faces":{"north":{"uv":[0,0,0.5,8],"rotation":90,"texture":"#0"},"east":{"uv":[0,7.5,0.5,8],"texture":"#0"},"south":{"uv":[0.5,8,0,0],"rotation":90,"texture":"#0"},"west":{"uv":[0,0,0.5,0.5],"texture":"#0"},"up":{"uv":[0,0,0.5,8],"rotation":270,"texture":"#0"},"down":{"uv":[0,0,0.5,8],"rotation":270,"texture":"#0"}}},{"from":[13,-0.5,-2],"to":[18,1.5,3],"rotation":{"angle":0,"axis":"y","origin":[15.5,0.5,1.5]},"faces":{"north":{"uv":[0,10,2.5,10.5],"texture":"#0"},"east":{"uv":[2.5,10,0,10.5],"texture":"#0"},"south":{"uv":[2.5,8,0,8.5],"texture":"#0"},"west":{"uv":[0,8,2.5,8.5],"texture":"#0"},"up":{"uv":[0,8,2.5,10.5],"rotation":180,"texture":"#0"},"down":{"uv":[0,8,2.5,10.5],"rotation":270,"texture":"#0"}}},{"from":[0,0.5,0],"to":[16,0.5,16],"faces":{"up":{"uv":[0,0,8,8],"rotation":180,"texture":"#0"},"down":{"uv":[0,8,8,0],"rotation":180,"texture":"#0"}}},{"from":[0,0.5,0],"to":[16,0.5,16],"faces":{"up":{"uv":[8,0,16,8],"rotation":180,"texture":"#0","tintindex":0},"down":{"uv":[8,8,16,0],"rotation":180,"texture":"#0","tintindex":0}}}],"gui_light":"front","display":{"thirdperson_righthand":{"rotation":[-68.0,22.0,-0.0],"translation":[-5.6875,9.484375,-0.78125],"scale":[0.83437496,0.83437496,0.83437496]},"thirdperson_lefthand":{"rotation":[-68,-22,0],"translation":[4,10.25,-1.5],"scale":[0.89,0.89,0.89]},"firstperson_righthand":{"translation":[17.5,0,0],"scale":[0,0,0]},"firstperson_lefthand":{"translation":[17.5,0,0],"scale":[0,0,0]},"gui":{"rotation":[-75,80,0],"translation":[0.5,2.5,0],"scale":[0.72,0.72,0.72]}}}