{"credit":"Made with Blockbench","texture_size":[128,128],"textures":{"0":"custom/cosmetics/lunar/ornate_parasol","particle":"custom/cosmetics/lunar/ornate_parasol"},"elements":[{"from":[-16,27,-16],"to":[32,27,32],"faces":{"up":{"uv":[0,0,6,6],"texture":"#0"},"down":{"uv":[0,6,6,0],"texture":"#0"}}},{"from":[-16,27,-16],"to":[32,27,32],"faces":{"up":{"uv":[0,6,6,12],"texture":"#0","tintindex":0},"down":{"uv":[0,12,6,6],"texture":"#0","tintindex":0}}},{"from":[-16,26.5,-16],"to":[32,26.5,32],"faces":{"up":{"uv":[6,6,12,0],"texture":"#0"},"down":{"uv":[6,6,12,0],"texture":"#0"}}},{"from":[7,-8,7],"to":[9,32,9],"faces":{"north":{"uv":[6.25,6,6,11],"texture":"#0"},"east":{"uv":[6,6,6.25,11],"texture":"#0"},"south":{"uv":[6.25,6,6,11],"texture":"#0"},"west":{"uv":[6,6,6.25,11],"texture":"#0"},"up":{"uv":[6,6,6.25,6.25],"texture":"#0"},"down":{"uv":[6.125,10.875,6.25,11],"texture":"#0"}}}],"display":{"thirdperson_righthand":{"rotation":[99.0,-0.0,10.0],"translation":[-3.109375,-0.828125,12.34375],"scale":[0.9375,0.9375,0.9375]},"thirdperson_lefthand":{"rotation":[99,0,-10],"translation":[1.25,-0.75,12.5]},"firstperson_righthand":{"translation":[18.75,0,0],"scale":[0,0,0]},"firstperson_lefthand":{"translation":[18.75,0,0],"scale":[0,0,0]},"gui":{"rotation":[42,-8,-31],"translation":[-2.5,-2.75,0],"scale":[0.33,0.33,0.33]}}}