{"credit":"Made with Blockbench","texture_size":[64,64],"textures":{"1":"custom/cosmetics/lunar/spirit_dragons_fast"},"elements":[{"from":[-16,-16,8],"to":[32,32,8],"faces":{"north":{"uv":[0,0,12.5,12.5],"texture":"#1","tintindex":0},"south":{"uv":[12.5,0,0,12.5],"texture":"#1","tintindex":0}}}],"gui_light":"front","display":{"thirdperson_righthand":{"rotation":[90,0,0],"translation":[0,-2,9.25]},"gui":{"scale":[0.29,0.29,0.29]},"head":{"rotation":[-15,0,0],"translation":[0,-25.5,22.25],"scale":[1.64,1.6,1.6]}}}