{"credit":"Made with Blockbench","texture_size":[64,64],"textures":{"0":"custom/cosmetics/lunar/spirit_dragons","particle":"custom/cosmetics/lunar/spirit_dragons"},"elements":[{"from":[-16,-16,8],"to":[32,32,8],"faces":{"north":{"uv":[0,0,12.5,12.5],"texture":"#0","tintindex":0},"south":{"uv":[12.5,0,0,12.5],"texture":"#0","tintindex":0}}}],"gui_light":"front","display":{"gui":{"scale":[0.29,0.29,0.29]},"head":{"rotation":[-15,0,0],"translation":[0,-25.5,22.25],"scale":[1.64,1.6,1.6]},"thirdperson_righthand":{"rotation":[75.0,0,0],"translation":[-1.0,-15.90625,31.662498],"scale":[1.025,1.0,1.0]}}}