{"credit":"Made with Blockbench","texture_size":[64,64],"textures":{"0":"custom/cosmetics/lunar/veiled_hat","particle":"custom/cosmetics/lunar/veiled_hat"},"elements":[{"from":[-4,7,-4],"to":[20,8,20],"faces":{"north":{"uv":[0,0,6,0.25],"texture":"#0"},"east":{"uv":[0,0,6,0.25],"texture":"#0"},"south":{"uv":[0,0,6,0.25],"texture":"#0"},"west":{"uv":[0,0,6,0.25],"texture":"#0"},"up":{"uv":[0,0,6,6],"texture":"#0"},"down":{"uv":[0,0,6,6],"texture":"#0"}}},{"from":[-4.1,-10.1,-4.1],"to":[20.1,8.1,20.1],"faces":{"north":{"uv":[12,6.25,6,10.75],"texture":"#0"},"east":{"uv":[6,6.25,12,10.75],"texture":"#0"},"south":{"uv":[0,6.25,6,10.75],"texture":"#0"},"west":{"uv":[6,6.25,0,10.75],"texture":"#0"},"up":{"uv":[6,0,12,6],"rotation":180,"texture":"#0"}}},{"from":[-4.225,-14.65,9.95],"to":[2.525,8.35,11.95],"rotation":{"angle":0,"axis":"z","origin":[-1,7,10]},"faces":{"west":{"uv":[12.25,0,12.75,5.75],"texture":"#0","tintindex":0},"up":{"uv":[12.25,0,12.75,1],"rotation":90,"texture":"#0","tintindex":0}}},{"from":[4.05,-14.65,13.475],"to":[6.05,8.35,20.225],"rotation":{"angle":0,"axis":"z","origin":[-1,7,6]},"faces":{"south":{"uv":[12.75,0,12.25,5.75],"texture":"#0","tintindex":0},"up":{"uv":[12.25,1,12.75,0],"rotation":180,"texture":"#0","tintindex":0}}},{"name":"cube inverted","from":[20.1,8.1,20.1],"to":[-4.1,-10.1,-4.1],"faces":{"north":{"uv":[0,10.75,6,6.25],"texture":"#0"},"east":{"uv":[6,10.75,0,6.25],"texture":"#0"},"south":{"uv":[12,10.75,6,6.25],"texture":"#0"},"west":{"uv":[6,10.75,12,6.25],"texture":"#0"},"down":{"uv":[12,0,6,6],"rotation":180,"texture":"#0"}}},{"from":[-4.1,-10.05,-4.1],"to":[-3.1,-7.05,-3.1],"faces":{"north":{"uv":[13.75,0,14,0.75],"texture":"#0","tintindex":0},"west":{"uv":[13.75,0,14,0.75],"texture":"#0","tintindex":0}}},{"from":[19.1,-10.05,19.1],"to":[20.1,-7.05,20.1],"rotation":{"angle":0,"axis":"y","origin":[16,0,16]},"faces":{"east":{"uv":[13.75,0,14,0.75],"texture":"#0","tintindex":0},"south":{"uv":[13.75,0,14,0.75],"texture":"#0","tintindex":0}}},{"from":[-4.1,-13.05,19.1],"to":[-3.1,-10.05,20.1],"rotation":{"angle":0,"axis":"y","origin":[0,0,16]},"faces":{"south":{"uv":[14,0,13.75,0.75],"texture":"#0","tintindex":0},"west":{"uv":[14,0,13.75,0.75],"texture":"#0","tintindex":0}}},{"name":"cube inverted","from":[-3.1,-10.05,20.1],"to":[-4.1,-13.05,19.1],"rotation":{"angle":0,"axis":"y","origin":[0,0,16]},"faces":{"north":{"uv":[14,0.75,13.75,0],"texture":"#0","tintindex":0},"east":{"uv":[14,0.75,13.75,0],"texture":"#0","tintindex":0}}},{"name":"cube inverted","from":[-3.1,-7.05,-3.1],"to":[-4.1,-10.05,-4.1],"faces":{"east":{"uv":[13.75,0.75,14,0],"texture":"#0","tintindex":0},"south":{"uv":[13.75,0.75,14,0],"texture":"#0","tintindex":0}}},{"name":"cube inverted","from":[20.1,-7.05,20.1],"to":[19.1,-10.05,19.1],"rotation":{"angle":0,"axis":"y","origin":[16,0,16]},"faces":{"north":{"uv":[13.75,0.75,14,0],"texture":"#0","tintindex":0},"west":{"uv":[13.75,0.75,14,0],"texture":"#0","tintindex":0}}},{"from":[20,-9,4],"to":[22,7,4],"rotation":{"angle":-45,"axis":"y","origin":[20,-1,3]},"faces":{"north":{"uv":[13,0,13.5,4],"texture":"#0"},"south":{"uv":[13.5,0,13,4],"texture":"#0"}}},{"from":[20,-9,4],"to":[22,7,4],"rotation":{"angle":-45,"axis":"y","origin":[20,-1,3]},"faces":{"north":{"uv":[14.5,0,15,4],"texture":"#0","tintindex":0},"south":{"uv":[15,0,14.5,4],"texture":"#0","tintindex":0}}},{"from":[-6,-9,-10],"to":[-4,7,-10],"rotation":{"angle":-45,"axis":"y","origin":[-4,-1,13]},"faces":{"north":{"uv":[13.5,0,13,4],"texture":"#0"},"south":{"uv":[13,0,13.5,4],"texture":"#0"}}},{"from":[-6,-9,-10],"to":[-4,7,-10],"rotation":{"angle":-45,"axis":"y","origin":[-4,-1,13]},"faces":{"north":{"uv":[15,0,14.5,4],"texture":"#0","tintindex":0},"south":{"uv":[14.5,0,15,4],"texture":"#0","tintindex":0}}},{"from":[2,8,2],"to":[14,13,14],"faces":{"north":{"uv":[0,14.5,3,16],"texture":"#0"},"east":{"uv":[0,14.5,3,16],"texture":"#0"},"south":{"uv":[0,14.5,3,16],"texture":"#0"},"west":{"uv":[0,14.5,3,16],"texture":"#0"},"up":{"uv":[3,13,6,16],"texture":"#0"}}},{"name":"cube inverted","from":[14,13,14],"to":[2,8,2],"faces":{"north":{"uv":[0,16,3,14.5],"texture":"#0"},"east":{"uv":[0,16,3,14.5],"texture":"#0"},"south":{"uv":[0,16,3,14.5],"texture":"#0"},"west":{"uv":[0,16,3,14.5],"texture":"#0"},"down":{"uv":[6,13,3,16],"texture":"#0"}}},{"name":"cube inverted","from":[20,8,20],"to":[-4,7,-4],"faces":{"north":{"uv":[0,0.25,6,0],"texture":"#0"},"east":{"uv":[0,0.25,6,0],"texture":"#0"},"south":{"uv":[0,0.25,6,0],"texture":"#0"},"west":{"uv":[0,0.25,6,0],"texture":"#0"},"up":{"uv":[6,0,0,6],"texture":"#0"},"down":{"uv":[6,0,0,6],"texture":"#0"}}},{"name":"cube inverted","from":[6.05,8.35,20.225],"to":[4.05,-14.65,13.475],"rotation":{"angle":0,"axis":"z","origin":[-1,7,6]},"faces":{"north":{"uv":[12.75,5.75,12.25,0],"texture":"#0","tintindex":0},"down":{"uv":[12.75,1,12.25,0],"rotation":180,"texture":"#0","tintindex":0}}},{"name":"cube inverted","from":[2.525,8.35,11.95],"to":[-4.225,-14.65,9.95],"rotation":{"angle":0,"axis":"z","origin":[-1,7,10]},"faces":{"east":{"uv":[12.25,5.75,12.75,0],"texture":"#0","tintindex":0},"down":{"uv":[12.25,1,12.75,0],"rotation":90,"texture":"#0","tintindex":0}}}],"display":{"gui":{"rotation":[30,-135,0],"translation":[0,3.25,0],"scale":[0.44,0.44,0.44]},"head":{"rotation":[3,45,0],"translation":[0,7,0.5],"scale":[1.35,1.35,1.35]},"thirdperson_righthand":{"rotation":[93.0,45,0],"translation":[-1.0,-2.3125,17.851562],"scale":[0.7910156,0.7910156,0.7910156]}},"groups":[0,1,2,3,4,5,6,7,8,9,10,{"name":"group","origin":[0,0,0],"color":0,"children":[11,12]},{"name":"group","origin":[0,0,0],"color":0,"children":[13,14]},15,16,17,18,19]}