{"credit":"Made with Blockbench","texture_size":[32,32],"textures":{"0":"custom/cosmetics/patrick/clover_umbrella","particle":"custom/cosmetics/patrick/clover_umbrella"},"elements":[{"from":[5,31,5],"to":[11,32,11],"rotation":{"angle":0,"axis":"y","origin":[0,31,0]},"faces":{"north":{"uv":[0,10.5,3,11],"texture":"#0"},"east":{"uv":[0,10.5,3,11],"texture":"#0"},"south":{"uv":[0,10.5,3,11],"texture":"#0"},"west":{"uv":[0,10.5,3,11],"texture":"#0"},"up":{"uv":[0,8,3,11],"texture":"#0"},"down":{"uv":[0,8,3,11],"texture":"#0"}}},{"from":[0,32,11],"to":[16,32,27],"rotation":{"angle":22.5,"axis":"x","origin":[8,32,11]},"faces":{"up":{"uv":[0,0,8,8],"rotation":180,"texture":"#0"},"down":{"uv":[0,0,8,8],"texture":"#0"}}},{"from":[0,32,-11],"to":[16,32,5],"rotation":{"angle":-22.5,"axis":"x","origin":[8,32,5]},"faces":{"up":{"uv":[0,0,8,8],"texture":"#0"},"down":{"uv":[0,0,8,8],"rotation":180,"texture":"#0"}}},{"from":[11,32,0],"to":[27,32,16],"rotation":{"angle":-22.5,"axis":"z","origin":[11,32,8]},"faces":{"up":{"uv":[0,0,8,8],"rotation":90,"texture":"#0"},"down":{"uv":[0,0,8,8],"rotation":90,"texture":"#0"}}},{"from":[-11,32,0],"to":[5,32,16],"rotation":{"angle":22.5,"axis":"z","origin":[5,32,8]},"faces":{"up":{"uv":[0,0,8,8],"rotation":270,"texture":"#0"},"down":{"uv":[0,0,8,8],"rotation":270,"texture":"#0"}}},{"from":[7,-1,7],"to":[9,31,9],"faces":{"north":{"uv":[15,0,16,16],"texture":"#0"},"east":{"uv":[15,0,16,16],"texture":"#0"},"south":{"uv":[16,0,15,16],"texture":"#0"},"west":{"uv":[16,0,15,16],"texture":"#0"},"down":{"uv":[1,11,1.5,11.5],"texture":"#0"}}},{"from":[1,-8,8],"to":[9,-1,8],"faces":{"north":{"uv":[1,11,5,14.5],"texture":"#0"},"south":{"uv":[5,11,1,14.5],"texture":"#0"}}},{"from":[9,11,4],"to":[14,11,11],"rotation":{"angle":-22.5,"axis":"z","origin":[9,11,7]},"faces":{"up":{"uv":[8,0,11.5,2.5],"rotation":90,"texture":"#0"},"down":{"uv":[8,0,11.5,2.5],"rotation":90,"texture":"#0"}}},{"from":[2,20,4],"to":[7,20,11],"rotation":{"angle":22.5,"axis":"z","origin":[7,20,7.5]},"faces":{"up":{"uv":[8,0,11.5,2.5],"rotation":270,"texture":"#0"},"down":{"uv":[8,0,11.5,2.5],"rotation":270,"texture":"#0"}}}],"display":{"thirdperson_righthand":{"rotation":[90.0,-165.0,-8.0],"translation":[-3.109375,0.109375,10.234375],"scale":[0.9375,0.9375,0.9375]},"thirdperson_lefthand":{"rotation":[90,165,8],"translation":[1.25,0.25,10.25]},"firstperson_righthand":{"rotation":[24,106,8],"translation":[12,-1.25,-4.5]},"firstperson_lefthand":{"rotation":[24,106,8],"translation":[12,-1.25,-4.5],"scale":[0,0,0]},"gui":{"rotation":[10,-37,-46],"translation":[-2.75,-3.25,0],"scale":[0.42,0.42,0.42]}},"groups":[{"name":"group","origin":[5,1,8],"children":[0,1,2,3,4]},5,6,7,8]}