{"credit":"Made with Blockbench","texture_size":[64,64],"textures":{"0":"custom/cosmetics/patrick/rainbow_balloon","particle":"custom/cosmetics/patrick/rainbow_balloon"},"elements":[{"from":[0,0,0],"to":[16,16,16],"faces":{"north":{"uv":[0,0,4,4],"texture":"#0","tintindex":0},"east":{"uv":[8,0,4,4],"texture":"#0","tintindex":0},"south":{"uv":[4,0,0,4],"texture":"#0","tintindex":0},"west":{"uv":[4,0,8,4],"texture":"#0","tintindex":0},"up":{"uv":[4,4,0,8],"texture":"#0","tintindex":0},"down":{"uv":[8,8,4,4],"texture":"#0","tintindex":0}}},{"from":[-7,0,3],"to":[0,9,13],"faces":{"north":{"uv":[8,1.75,9.75,4],"texture":"#0","tintindex":0},"south":{"uv":[12.25,1.75,14,4],"texture":"#0","tintindex":0},"west":{"uv":[9.75,1.75,12.25,4],"texture":"#0","tintindex":0},"up":{"uv":[8,0,10.5,1.75],"rotation":90,"texture":"#0","tintindex":0},"down":{"uv":[13,0,10.5,1.75],"rotation":90,"texture":"#0","tintindex":0}}},{"from":[16,0,3],"to":[23,9,13],"rotation":{"angle":0,"axis":"y","origin":[16,0,16]},"faces":{"north":{"uv":[12.25,1.75,14,4],"texture":"#0","tintindex":0},"east":{"uv":[12.25,1.75,9.75,4],"texture":"#0","tintindex":0},"south":{"uv":[8,1.75,9.75,4],"texture":"#0","tintindex":0},"up":{"uv":[8,1.75,10.5,0],"rotation":90,"texture":"#0","tintindex":0},"down":{"uv":[13,1.75,10.5,0],"rotation":90,"texture":"#0","tintindex":0}}}],"display":{"gui":{"rotation":[30,-45,0],"translation":[0,0.25,0],"scale":[0.54,0.54,0.54]},"head":{"translation":[0,-4,-16],"scale":[2.2857,2.2857,2.2857]}}}