{"credit":"Made with Blockbench","texture_size":[64,64],"textures":{"0":"custom/cosmetics/patrick/rainbow_balloon","particle":"custom/cosmetics/patrick/rainbow_balloon"},"elements":[{"from":[5,0,0],"to":[11,12,16],"faces":{"north":{"uv":[4,8,5.5,11],"texture":"#0"},"east":{"uv":[0,8,4,11],"texture":"#0"},"south":{"uv":[4,8,5.5,11],"texture":"#0"},"west":{"uv":[0,8,4,11],"texture":"#0"},"up":{"uv":[4,11,8,12.5],"rotation":90,"texture":"#0"},"down":{"uv":[0,11,4,12.5],"rotation":90,"texture":"#0"}}}],"display":{"gui":{"rotation":[35,53,0],"translation":[0,1.5,0],"scale":[0.78,0.78,0.78]},"head":{"translation":[0,-2.5,0],"scale":[2.2857,2.2857,2.2857]}}}