{"credit":"Made with Blockbench","texture_size":[32,32],"textures":{"0":"custom/cosmetics/patrick/rainbow_hat","1":"custom/cosmetics/patrick/rainbow_hat_ani","particle":"custom/cosmetics/patrick/rainbow_hat"},"elements":[{"from":[-1,2,6],"to":[4,7,11],"faces":{"north":{"uv":[0,0,2.5,2.5],"texture":"#0"},"east":{"uv":[0,0,2.5,2.5],"texture":"#0"},"south":{"uv":[2.5,0,0,2.5],"texture":"#0"},"west":{"uv":[2.5,0,5,2.5],"texture":"#0"},"up":{"uv":[5,2.5,7.5,0],"rotation":90,"texture":"#0"},"down":{"uv":[0,2.5,2.5,5],"texture":"#0"}}},{"from":[12,2,6],"to":[17,7,11],"faces":{"north":{"uv":[5,0,2.5,2.5],"texture":"#0"},"east":{"uv":[0,0,2.5,2.5],"texture":"#0"},"south":{"uv":[5,0,2.5,2.5],"texture":"#0"},"west":{"uv":[0,0,2.5,2.5],"texture":"#0"},"up":{"uv":[5,2.5,7.5,0],"rotation":180,"texture":"#0"},"down":{"uv":[0,2.5,2.5,5],"texture":"#0"}}},{"from":[-5,3,8.5],"to":[21,17,8.5],"rotation":{"angle":0,"axis":"x","origin":[8,7,8.5]},"faces":{"north":{"uv":[1.5,5,14.5,12],"texture":"#0","tintindex":0},"south":{"uv":[14.5,5,1.5,12],"texture":"#0","tintindex":0}}},{"from":[-5,3,8.5],"to":[21,17,8.5],"rotation":{"angle":0,"axis":"x","origin":[8,7,8.5]},"faces":{"north":{"uv":[1.5,5,14.5,12],"texture":"#1","tintindex":0},"south":{"uv":[14.5,5,1.5,12],"texture":"#1","tintindex":0}}}],"display":{"gui":{"rotation":[30,-45,0],"scale":[0.75,0.75,0.75]},"head":{"rotation":[8,0,0],"translation":[0,6.5,0.75],"scale":[1.61,1.61,1.61]},"thirdperson_righthand":{"rotation":[98.0,0,0],"translation":[-1.0,-2.46875,17.558594],"scale":[0.9433594,0.9433594,0.9433594]}}}