{"credit":"Made with Blockbench","texture_size":[64,64],"textures":{"0":"custom/cosmetics/cyber/jet_pack","1":"custom/cosmetics/cyber/jet_pack_flame","particle":"custom/cosmetics/cyber/jet_pack"},"elements":[{"from":[-3,3,9],"to":[5,10,11],"rotation":{"angle":45,"axis":"y","origin":[5,6.5,10]},"faces":{"north":{"uv":[3.5,0,1.5,1.75],"texture":"#0"},"east":{"uv":[0.75,1.25,0.25,1.75],"texture":"#0"},"south":{"uv":[1.5,0,3.5,1.75],"texture":"#0"},"up":{"uv":[1.5,4,2,2],"rotation":90,"texture":"#0"},"down":{"uv":[2.25,4,2.75,2],"rotation":90,"texture":"#0"}}},{"from":[-8,1,7.5],"to":[-3,12,12.5],"rotation":{"angle":45,"axis":"y","origin":[5,6.5,10]},"faces":{"north":{"uv":[0,0,1.25,2.75],"texture":"#0"},"east":{"uv":[0,0,1.25,2.75],"texture":"#0"},"south":{"uv":[0,0,1.25,2.75],"texture":"#0"},"west":{"uv":[0,0,1.25,2.75],"texture":"#0"},"up":{"uv":[0,3,1.25,4.25],"rotation":90,"texture":"#0"},"down":{"uv":[0,3,1.25,4.25],"rotation":180,"texture":"#0"}}},{"from":[-8,1,7.5],"to":[-3,12,12.5],"rotation":{"angle":45,"axis":"y","origin":[5,6.5,10]},"faces":{"north":{"uv":[4.5,0,5.75,2.75],"texture":"#0","tintindex":0},"east":{"uv":[4.5,0,5.75,2.75],"texture":"#0","tintindex":0},"south":{"uv":[4.5,0,5.75,2.75],"texture":"#0","tintindex":0},"west":{"uv":[4.5,0,5.75,2.75],"texture":"#0","tintindex":0},"up":{"uv":[4.5,3,5.75,4.25],"rotation":90,"texture":"#0","tintindex":0},"down":{"uv":[4.5,3,5.75,4.25],"rotation":180,"texture":"#0","tintindex":0}}},{"from":[-3,3,9],"to":[5,10,11],"rotation":{"angle":45,"axis":"y","origin":[5,6.5,10]},"faces":{"north":{"uv":[8,0,6,1.75],"texture":"#0","tintindex":0},"east":{"uv":[5.25,1.25,4.75,1.75],"texture":"#0","tintindex":0},"south":{"uv":[6,0,8,1.75],"texture":"#0","tintindex":0},"up":{"uv":[6,4,6.5,2],"rotation":90,"texture":"#0","tintindex":0},"down":{"uv":[6.75,4,7.25,2],"rotation":90,"texture":"#0","tintindex":0}}},{"from":[-8,12,9.5],"to":[-8,18,10.5],"rotation":{"angle":45,"axis":"y","origin":[5,7.5,10]},"faces":{"east":{"uv":[3,2,3.25,3.5],"texture":"#0"},"west":{"uv":[3,2,3.25,3.5],"texture":"#0"}}},{"from":[24,12,9.5],"to":[24,18,10.5],"rotation":{"angle":-45,"axis":"y","origin":[11,7.5,10]},"faces":{"east":{"uv":[3.25,2,3,3.5],"texture":"#0"},"west":{"uv":[3.25,2,3,3.5],"texture":"#0"}}},{"from":[-8,12,9.5],"to":[-8,18,10.5],"rotation":{"angle":45,"axis":"y","origin":[5,7.5,10]},"faces":{"east":{"uv":[7.5,2,7.75,3.5],"texture":"#0","tintindex":0},"west":{"uv":[7.5,2,7.75,3.5],"texture":"#0","tintindex":0}}},{"from":[24,12,9.5],"to":[24,18,10.5],"rotation":{"angle":-45,"axis":"y","origin":[11,7.5,10]},"faces":{"east":{"uv":[7.75,2,7.5,3.5],"texture":"#0","tintindex":0},"west":{"uv":[7.75,2,7.5,3.5],"texture":"#0","tintindex":0}}},{"from":[-7,-11,8.5],"to":[-4,1,11.5],"rotation":{"angle":45,"axis":"y","origin":[5,6.5,10]},"faces":{"north":{"uv":[9,0,6,12],"texture":"#1","tintindex":0},"east":{"uv":[6,0,9,12],"texture":"#1","tintindex":0},"south":{"uv":[9,0,6,12],"texture":"#1","tintindex":0},"west":{"uv":[6,0,9,12],"texture":"#1","tintindex":0}}},{"name":"cube inverted","from":[-4,1,11.5],"to":[-7,-11,8.5],"rotation":{"angle":45,"axis":"y","origin":[5,6.5,10]},"faces":{"north":{"uv":[9,12,6,0],"texture":"#1","tintindex":0},"east":{"uv":[6,12,9,0],"texture":"#1","tintindex":0},"south":{"uv":[9,12,6,0],"texture":"#1","tintindex":0},"west":{"uv":[6,12,9,0],"texture":"#1","tintindex":0}}},{"from":[20,-11,8.5],"to":[23,1,11.5],"rotation":{"angle":-45,"axis":"y","origin":[11,6.5,10]},"faces":{"north":{"uv":[6,0,9,12],"texture":"#1","tintindex":0},"east":{"uv":[9,0,6,12],"texture":"#1","tintindex":0},"south":{"uv":[6,0,9,12],"texture":"#1","tintindex":0},"west":{"uv":[9,0,6,12],"texture":"#1","tintindex":0}}},{"name":"cube inverted","from":[23,1,11.5],"to":[20,-11,8.5],"rotation":{"angle":-45,"axis":"y","origin":[11,6.5,10]},"faces":{"north":{"uv":[6,12,9,0],"texture":"#1","tintindex":0},"east":{"uv":[9,12,6,0],"texture":"#1","tintindex":0},"south":{"uv":[6,12,9,0],"texture":"#1","tintindex":0},"west":{"uv":[9,12,6,0],"texture":"#1","tintindex":0}}},{"from":[11,3,9],"to":[19,10,11],"rotation":{"angle":-45,"axis":"y","origin":[11,6.5,10]},"faces":{"north":{"uv":[1.5,0,3.5,1.75],"texture":"#0"},"south":{"uv":[3.5,0,1.5,1.75],"texture":"#0"},"west":{"uv":[0.75,1.25,0.25,1.75],"texture":"#0"},"up":{"uv":[1.5,2,2,4],"rotation":90,"texture":"#0"},"down":{"uv":[2.25,2,2.75,4],"rotation":90,"texture":"#0"}}},{"from":[19,1,7.5],"to":[24,12,12.5],"rotation":{"angle":-45,"axis":"y","origin":[11,6.5,10]},"faces":{"north":{"uv":[0,0,1.25,2.75],"texture":"#0"},"east":{"uv":[0,0,1.25,2.75],"texture":"#0"},"south":{"uv":[0,0,1.25,2.75],"texture":"#0"},"west":{"uv":[0,0,1.25,2.75],"texture":"#0"},"up":{"uv":[0,3,1.25,4.25],"rotation":180,"texture":"#0"},"down":{"uv":[0,3,1.25,4.25],"rotation":90,"texture":"#0"}}},{"from":[19,1,7.5],"to":[24,12,12.5],"rotation":{"angle":-45,"axis":"y","origin":[11,6.5,10]},"faces":{"north":{"uv":[4.5,0,5.75,2.75],"texture":"#0","tintindex":0},"east":{"uv":[4.5,0,5.75,2.75],"texture":"#0","tintindex":0},"south":{"uv":[4.5,0,5.75,2.75],"texture":"#0","tintindex":0},"west":{"uv":[4.5,0,5.75,2.75],"texture":"#0","tintindex":0},"up":{"uv":[4.5,3,5.75,4.25],"rotation":180,"texture":"#0","tintindex":0},"down":{"uv":[4.5,3,5.75,4.25],"rotation":90,"texture":"#0","tintindex":0}}},{"from":[11,3,9],"to":[19,10,11],"rotation":{"angle":-45,"axis":"y","origin":[11,6.5,10]},"faces":{"north":{"uv":[6,0,8,1.75],"texture":"#0","tintindex":0},"south":{"uv":[8,0,6,1.75],"texture":"#0","tintindex":0},"west":{"uv":[5.25,1.25,4.75,1.75],"texture":"#0","tintindex":0},"up":{"uv":[6,2,6.5,4],"rotation":90,"texture":"#0","tintindex":0},"down":{"uv":[6.75,2,7.25,4],"rotation":90,"texture":"#0","tintindex":0}}},{"from":[3,-6.65,8.5],"to":[5,5.35,10.5],"rotation":{"angle":0,"axis":"x","origin":[8,3.85,9.5]},"faces":{"north":{"uv":[4.5,5.75,1.5,6.25],"rotation":270,"texture":"#0"},"east":{"uv":[1.5,4.25,4.5,4.75],"rotation":90,"texture":"#0"},"south":{"uv":[1.5,5.5,4.5,5],"rotation":90,"texture":"#0"},"west":{"uv":[4.5,4.25,1.5,4.75],"rotation":270,"texture":"#0"},"up":{"uv":[1.5,5,2,5.5],"rotation":90,"texture":"#0"},"down":{"uv":[4,4.25,4.5,4.75],"rotation":180,"texture":"#0"}}},{"from":[3,-6.65,3.5],"to":[5,-4.65,8.5],"rotation":{"angle":0,"axis":"x","origin":[8,3.85,9.5]},"faces":{"north":{"uv":[3.75,0,4.25,0.25],"rotation":180,"texture":"#0","tintindex":0},"east":{"uv":[3.75,0,4.25,1.25],"rotation":90,"texture":"#0","tintindex":0},"south":{"uv":[0,0,0.5,0.5],"texture":"#missing","tintindex":0},"west":{"uv":[3.75,0,4.25,1.25],"rotation":270,"texture":"#0","tintindex":0},"up":{"uv":[3.75,0,4.25,1.25],"texture":"#0","tintindex":0},"down":{"uv":[3.75,0,4.25,1.25],"rotation":180,"texture":"#0","tintindex":0}}},{"from":[11,-6.65,3.5],"to":[13,-4.65,8.5],"rotation":{"angle":0,"axis":"x","origin":[8,3.85,9.5]},"faces":{"north":{"uv":[4.25,0,3.75,0.25],"rotation":180,"texture":"#0","tintindex":0},"east":{"uv":[4.25,0,3.75,1.25],"rotation":90,"texture":"#0","tintindex":0},"south":{"uv":[0.5,0,0,0.5],"texture":"#missing","tintindex":0},"west":{"uv":[4.25,0,3.75,1.25],"rotation":270,"texture":"#0","tintindex":0},"up":{"uv":[4.25,0,3.75,1.25],"texture":"#0","tintindex":0},"down":{"uv":[4.25,0,3.75,1.25],"rotation":180,"texture":"#0","tintindex":0}}},{"from":[11,-6.65,8.5],"to":[13,5.35,10.5],"rotation":{"angle":0,"axis":"x","origin":[8,3.85,9.5]},"faces":{"north":{"uv":[4.5,6.25,1.5,5.75],"rotation":270,"texture":"#0"},"east":{"uv":[1.5,4.25,4.5,4.75],"rotation":90,"texture":"#0"},"south":{"uv":[1.5,5,4.5,5.5],"rotation":90,"texture":"#0"},"west":{"uv":[4.5,4.25,1.5,4.75],"rotation":270,"texture":"#0"},"up":{"uv":[1.5,5,2,5.5],"rotation":90,"texture":"#0"},"down":{"uv":[4.5,4.25,4,4.75],"rotation":180,"texture":"#0"}}},{"from":[5,1,8],"to":[11,10,11],"faces":{"north":{"uv":[1.5,5,2,5.5],"rotation":90,"texture":"#0"},"east":{"uv":[11,0,11.75,2.25],"texture":"#0"},"south":{"uv":[8,0,9.5,2.25],"texture":"#0"},"west":{"uv":[11.75,0,11,2.25],"texture":"#0"},"up":{"uv":[8,0,9.5,0.25],"texture":"#0"},"down":{"uv":[8,2,9.5,2.25],"texture":"#0"}}},{"from":[5,1,8],"to":[11,10,11],"faces":{"south":{"uv":[9.5,0,11,2.25],"texture":"#0","tintindex":0}}}],"gui_light":"front","display":{"thirdperson_righthand":{"rotation":[90,0,0],"translation":[-1,-2,18]},"thirdperson_lefthand":{"rotation":[90,0,0],"translation":[-1,-2,18]},"gui":{"rotation":[30,0,0],"translation":[0,3.5,0],"scale":[0.55,0.55,0.55]},"head":{"rotation":[-13,0,0],"translation":[0,-44.75,-0.75],"scale":[1.6,1.6,1.6]}},"groups":[{"name":"group","origin":[0,0,0],"color":0,"children":[0,1,2,3,4,5,6,7,8,9,10,11]},{"name":"group","origin":[0,0,0],"color":0,"children":[12,13,14,15]},{"name":"group","origin":[16,0,0],"color":0,"children":[16,17,18,19]},20,21]}