{"credit":"Made with Blockbench","texture_size":[64,64],"textures":{"0":"custom/cosmetics/cyber/ufo_balloon","2":"custom/cosmetics/cyber/ufo_balloon_side_lights_active","particle":"custom/cosmetics/cyber/ufo_balloon"},"elements":[{"from":[-3,11.9,14],"to":[2,11.9,19],"rotation":{"angle":0,"axis":"y","origin":[0,12,16]},"faces":{"down":{"uv":[6.75,9.75,8,8.5],"rotation":180,"texture":"#0","tintindex":0}}},{"from":[-3,11.9,-3],"to":[2,11.9,2],"rotation":{"angle":0,"axis":"y","origin":[0,12,0]},"faces":{"down":{"uv":[6.75,8.5,8,9.75],"rotation":180,"texture":"#0","tintindex":0}}},{"from":[14,11.9,-3],"to":[19,11.9,2],"rotation":{"angle":0,"axis":"y","origin":[16,12,0]},"faces":{"down":{"uv":[8,8.5,6.75,9.75],"rotation":180,"texture":"#0","tintindex":0}}},{"from":[14,11.9,14],"to":[19,11.9,19],"rotation":{"angle":0,"axis":"y","origin":[16,12,16]},"faces":{"down":{"uv":[8,9.75,6.75,8.5],"rotation":180,"texture":"#0","tintindex":0}}},{"from":[-5,12,-5],"to":[21,18,21],"rotation":{"angle":0,"axis":"y","origin":[8,13,8]},"faces":{"north":{"uv":[0,6.75,6.5,8.25],"texture":"#0"},"east":{"uv":[0,6.75,6.5,8.25],"texture":"#0"},"south":{"uv":[0,6.75,6.5,8.25],"texture":"#0"},"west":{"uv":[0,6.75,6.5,8.25],"texture":"#0"},"up":{"uv":[0,0,6.5,6.5],"texture":"#0"},"down":{"uv":[0,8.5,6.5,15],"texture":"#0"}}},{"from":[-5,12,-5],"to":[21,18,21],"rotation":{"angle":0,"axis":"y","origin":[8,13,8]},"faces":{"north":{"uv":[0,0,13,3],"texture":"#2","tintindex":0},"east":{"uv":[0,0,13,3],"texture":"#2","tintindex":0},"south":{"uv":[0,0,13,3],"texture":"#2","tintindex":0},"west":{"uv":[0,0,13,3],"texture":"#2","tintindex":0}}}],"display":{"gui":{"rotation":[18,166,0],"translation":[0,-3,0],"scale":[0.44,0.44,0.44]},"head":{"translation":[0,-18,0],"scale":[2.2857,2.2857,2.2857]}},"groups":[{"name":"group","origin":[16,0,16],"color":0,"children":[0,1,2,3,4,5]}]}