{"credit":"Made with Blockbench","texture_size":[64,64],"textures":{"0":"custom/cosmetics/cyber/ufo_balloon","1":"custom/cosmetics/cyber/ufo_balloon_eyes","2":"custom/cosmetics/cyber/ufo_balloon_side_lights","3":"custom/cosmetics/cyber/ufo_balloon_beam","particle":"custom/cosmetics/cyber/ufo_balloon"},"elements":[{"from":[-3,11.9,14],"to":[2,11.9,19],"rotation":{"angle":0,"axis":"y","origin":[0,12,16]},"faces":{"down":{"uv":[6.75,9.75,8,8.5],"rotation":180,"texture":"#0","tintindex":0}}},{"from":[-3,11.9,-3],"to":[2,11.9,2],"rotation":{"angle":0,"axis":"y","origin":[0,12,0]},"faces":{"down":{"uv":[6.75,8.5,8,9.75],"rotation":180,"texture":"#0","tintindex":0}}},{"from":[14,11.9,-3],"to":[19,11.9,2],"rotation":{"angle":0,"axis":"y","origin":[16,12,0]},"faces":{"down":{"uv":[8,8.5,6.75,9.75],"rotation":180,"texture":"#0","tintindex":0}}},{"from":[14,11.9,14],"to":[19,11.9,19],"rotation":{"angle":0,"axis":"y","origin":[16,12,16]},"faces":{"down":{"uv":[8,9.75,6.75,8.5],"rotation":180,"texture":"#0","tintindex":0}}},{"from":[-5,12,-5],"to":[21,18,21],"rotation":{"angle":0,"axis":"y","origin":[8,13,8]},"faces":{"north":{"uv":[0,6.75,6.5,8.25],"texture":"#0"},"east":{"uv":[0,6.75,6.5,8.25],"texture":"#0"},"south":{"uv":[0,6.75,6.5,8.25],"texture":"#0"},"west":{"uv":[0,6.75,6.5,8.25],"texture":"#0"},"up":{"uv":[0,0,6.5,6.5],"texture":"#0"},"down":{"uv":[0,8.5,6.5,15],"texture":"#0"}}},{"from":[-5,12,-5],"to":[21,18,21],"rotation":{"angle":0,"axis":"y","origin":[8,13,8]},"faces":{"north":{"uv":[0,0,13,3],"texture":"#2","tintindex":0},"east":{"uv":[0,0,13,3],"texture":"#2","tintindex":0},"south":{"uv":[0,0,13,3],"texture":"#2","tintindex":0},"west":{"uv":[0,0,13,3],"texture":"#2","tintindex":0}}},{"from":[9.25,24.75,11],"to":[11.25,31.75,11],"rotation":{"angle":-22.5,"axis":"z","origin":[10,25,11]},"faces":{"north":{"uv":[8.75,6.25,8.25,8],"texture":"#0","tintindex":0},"south":{"uv":[8.25,6.25,8.75,8],"texture":"#0","tintindex":0}}},{"from":[3,10,3],"to":[13,12,13],"rotation":{"angle":0,"axis":"y","origin":[8,13,8]},"faces":{"north":{"uv":[10.25,6,12.75,6.5],"texture":"#0"},"east":{"uv":[10.25,6,12.75,6.5],"texture":"#0"},"south":{"uv":[10.25,6,12.75,6.5],"texture":"#0"},"west":{"uv":[10.25,6,12.75,6.5],"texture":"#0"},"down":{"uv":[10.25,6.75,12.75,9.25],"rotation":90,"texture":"#0"}}},{"from":[1,18,1],"to":[15,28,15],"rotation":{"angle":0,"axis":"y","origin":[0,12,0]},"faces":{"north":{"uv":[6.5,0,10,2.5],"texture":"#0"},"east":{"uv":[6.5,0,10,2.5],"texture":"#0"},"south":{"uv":[6.5,0,10,2.5],"texture":"#0"},"west":{"uv":[6.5,0,10,2.5],"texture":"#0"},"up":{"uv":[10.25,0,13.75,3.5],"rotation":180,"texture":"#0"}}},{"from":[1,18.15,1],"to":[15,18.15,15],"rotation":{"angle":0,"axis":"y","origin":[0,12,0]},"faces":{"up":{"uv":[6.5,2.75,10,6.25],"rotation":180,"texture":"#0"}}},{"from":[5,18.5,4.75],"to":[11,18.5,9.75],"rotation":{"angle":0,"axis":"y","origin":[0,12,0]},"faces":{"up":{"uv":[6.5,6.25,8,7.5],"rotation":180,"texture":"#0","tintindex":0}}},{"from":[4,20,6],"to":[12,25,14],"rotation":{"angle":0,"axis":"y","origin":[0,12,0]},"faces":{"north":{"uv":[0,0,8,5],"texture":"#1","tintindex":0},"east":{"uv":[8,6,0,11],"texture":"#1","tintindex":0},"south":{"uv":[12.5,3.75,14.5,5],"texture":"#0","tintindex":0},"west":{"uv":[0,6,8,11],"texture":"#1","tintindex":0},"up":{"uv":[10.25,3.75,12.25,5.75],"rotation":180,"texture":"#0","tintindex":0},"down":{"uv":[12.75,4.5,13.25,5],"texture":"#0","tintindex":0}}},{"from":[4,20,6],"to":[12,25,14],"rotation":{"angle":0,"axis":"y","origin":[0,12,0]},"faces":{"north":{"uv":[8,0,16,5],"texture":"#1"},"east":{"uv":[16,6,8,11],"texture":"#1"},"west":{"uv":[8,6,16,11],"texture":"#1"}}},{"from":[7,17,9],"to":[9,21,11],"rotation":{"angle":0,"axis":"y","origin":[0,12,0]},"faces":{"north":{"uv":[12.75,4.25,13.25,5],"texture":"#0","tintindex":0},"east":{"uv":[12.75,4.25,13.25,5],"texture":"#0","tintindex":0},"south":{"uv":[12.75,4.25,13.25,5],"texture":"#0","tintindex":0},"west":{"uv":[12.75,4.25,13.25,5],"texture":"#0","tintindex":0},"up":{"uv":[12.75,4.25,13.25,5],"texture":"#0","tintindex":0},"down":{"uv":[12.75,4.25,13.25,5],"texture":"#0","tintindex":0}}},{"from":[4.75,24.75,11],"to":[6.75,31.75,11],"rotation":{"angle":22.5,"axis":"z","origin":[6,25,11]},"faces":{"north":{"uv":[8.25,6.25,8.75,8],"texture":"#0","tintindex":0},"south":{"uv":[8.75,6.25,8.25,8],"texture":"#0","tintindex":0}}},{"from":[3,2,3],"to":[13,10,13],"faces":{"north":{"uv":[3,0,13,8],"texture":"#3","tintindex":0},"east":{"uv":[3,0,13,8],"texture":"#3","tintindex":0},"south":{"uv":[3,0,13,8],"texture":"#3","tintindex":0},"west":{"uv":[3,0,13,8],"texture":"#3","tintindex":0}}},{"from":[5,-6,5],"to":[11,2,11],"faces":{"north":{"uv":[5,8,11,16],"texture":"#3","tintindex":0},"east":{"uv":[5,8,11,16],"texture":"#3","tintindex":0},"south":{"uv":[5,8,11,16],"texture":"#3","tintindex":0},"west":{"uv":[5,8,11,16],"texture":"#3","tintindex":0}}},{"name":"cube inverted","from":[11,2,11],"to":[5,-6,5],"faces":{"north":{"uv":[5,16,11,8],"texture":"#3","tintindex":0},"east":{"uv":[5,16,11,8],"texture":"#3","tintindex":0},"south":{"uv":[5,16,11,8],"texture":"#3","tintindex":0},"west":{"uv":[5,16,11,8],"texture":"#3","tintindex":0}}},{"name":"cube inverted","from":[13,10,13],"to":[3,2,3],"faces":{"north":{"uv":[3,8,13,0],"texture":"#3","tintindex":0},"east":{"uv":[3,8,13,0],"texture":"#3","tintindex":0},"south":{"uv":[3,8,13,0],"texture":"#3","tintindex":0},"west":{"uv":[3,8,13,0],"texture":"#3","tintindex":0}}}],"display":{"gui":{"rotation":[18,166,0],"translation":[0,-2,0],"scale":[0.4,0.4,0.4]}},"groups":[{"name":"group","origin":[16,0,16],"color":0,"children":[0,1,2,3,4,5]},{"name":"group","origin":[6,13,11],"color":0,"children":[6,7,8,9,10,11,12,13,14,{"name":"group","origin":[0,0,0],"color":0,"children":[15,16,17,18]}]}]}