{"credit":"Made with Blockbench","texture_size":[64,64],"textures":{"0":"custom/cosmetics/punk/eletric_guitar","particle":"custom/cosmetics/punk/eletric_guitar"},"elements":[{"from":[5.87055,-7.45183,6.925],"to":[6.87055,5.54817,8.925],"rotation":{"angle":-45,"axis":"z","origin":[2.07055,0.47317,7.975]},"faces":{"east":{"uv":[0.75,0,1.25,3.2125],"texture":"#0"}}},{"from":[5.87055,-7.45183,6.925],"to":[6.87055,5.54817,8.925],"rotation":{"angle":-45,"axis":"z","origin":[2.07055,0.47317,7.975]},"faces":{"east":{"uv":[0.75,5.5,1.25,8.7125],"texture":"#0","tintindex":0}}},{"from":[6.5,7.5,6.9],"to":[9.5,21.5,7.9],"rotation":{"angle":0,"axis":"z","origin":[2.5,-1.5,8.05]},"faces":{"north":{"uv":[8.5,0,9.25,3.5],"texture":"#0"},"east":{"uv":[8.25,0,8.5,3.5],"texture":"#0"},"south":{"uv":[7.25,0,8,3.5],"texture":"#0"},"west":{"uv":[8.25,0,8.5,3.5],"texture":"#0"},"up":{"uv":[7.25,0,8,0.25],"texture":"#0"},"down":{"uv":[7.25,0,8,0.25],"texture":"#0"}}},{"from":[6.75,0.5,6.65],"to":[7.5,25.25,6.65],"rotation":{"angle":0,"axis":"z","origin":[2.5,-1.5,8.05]},"faces":{"north":{"uv":[9.5,0,9.75,6.5],"texture":"#0"},"south":{"uv":[9.5,0,9.75,6.5],"texture":"#0"}}},{"from":[8.5,0.5,6.65],"to":[9.25,21.5,6.65],"rotation":{"angle":0,"axis":"z","origin":[13.5,-1.5,8.05]},"faces":{"north":{"uv":[9.5,0,9.75,6.5],"texture":"#0"},"east":{"uv":[0.25,0,0,3.5],"texture":"#missing"},"south":{"uv":[0.75,0,0,3.5],"texture":"#missing"},"west":{"uv":[0.25,0,0,3.5],"texture":"#missing"},"up":{"uv":[0.75,0,0,0.25],"texture":"#missing"},"down":{"uv":[0.75,0,0,0.25],"texture":"#missing"}}},{"from":[6.5,20,6.775],"to":[10.5,27,7.775],"rotation":{"angle":22.5,"axis":"z","origin":[8,20.5,7.4]},"faces":{"north":{"uv":[10,0,11,1.75],"texture":"#0","tintindex":0},"east":{"uv":[10.75,0,10.96875,1.75],"texture":"#0","tintindex":0},"south":{"uv":[10,2,11,3.75],"texture":"#0","tintindex":0},"west":{"uv":[10.75,0,10.96875,1.75],"texture":"#0","tintindex":0},"up":{"uv":[10,0,11,0.25],"texture":"#0","tintindex":0},"down":{"uv":[10,1.5,11,1.75],"texture":"#0","tintindex":0}}},{"from":[6.5,20,6.775],"to":[10.5,27,7.775],"rotation":{"angle":22.5,"axis":"z","origin":[8,20.5,7.4]},"faces":{"north":{"uv":[11,0,12,1.75],"texture":"#0"}}},{"from":[1.75,-9,6.925],"to":[3.75,12,8.925],"rotation":{"angle":-22.5,"axis":"z","origin":[2.5,-1.5,7.975]},"faces":{"west":{"uv":[0,0,0.5,5.24375],"texture":"#0"},"up":{"uv":[6.0625,0,6.125,0.2625],"texture":"#0"},"down":{"uv":[0.5,4.8125,0,5.0625],"rotation":90,"texture":"#0"}}},{"from":[1.75,-9,6.925],"to":[3.75,12,8.925],"rotation":{"angle":-22.5,"axis":"z","origin":[2.5,-1.5,7.975]},"faces":{"west":{"uv":[0,5.5,0.5,10.74375],"texture":"#0","tintindex":0},"down":{"uv":[0.5,10.3125,0,10.5625],"rotation":90,"texture":"#0","tintindex":0}}},{"from":[2.59858,-8.2339,6.925],"to":[8.59858,12.7661,6.925],"rotation":{"angle":-22.5,"axis":"z","origin":[0.99858,1.0161,0.975]},"faces":{"north":{"uv":[1.5,0,3,5.25],"texture":"#0","tintindex":0},"south":{"uv":[3,0,1.5,5.25],"texture":"#0","tintindex":0}}},{"from":[2.59858,-8.2339,8.924],"to":[8.59858,12.7661,8.924],"rotation":{"angle":-22.5,"axis":"z","origin":[0.99858,1.0161,35.024]},"faces":{"north":{"uv":[5,0,6.5,5.25],"texture":"#0"},"east":{"uv":[0,0,0,5.25],"texture":"#missing"},"south":{"uv":[6.5,0,5,5.25],"texture":"#0"},"west":{"uv":[0,0,0,5.25],"texture":"#missing"},"down":{"uv":[0,0,1.5,0],"texture":"#missing"}}},{"from":[7.40142,-8.2339,8.924],"to":[13.40142,12.7661,8.924],"rotation":{"angle":22.5,"axis":"z","origin":[15.00142,1.0161,35.024]},"faces":{"north":{"uv":[6.5,0,5,5.25],"texture":"#0"},"east":{"uv":[0,0,0,5.25],"texture":"#missing"},"south":{"uv":[5,0,6.5,5.25],"texture":"#0"},"west":{"uv":[0,0,0,5.25],"texture":"#missing"},"up":{"uv":[1.5,0,0,0],"texture":"#missing"},"down":{"uv":[1.5,0,0,0],"texture":"#missing"}}},{"from":[9.12945,-7.45183,6.95],"to":[10.12945,5.54817,8.95],"rotation":{"angle":45,"axis":"z","origin":[13.92945,0.47317,8]},"faces":{"west":{"uv":[1.25,0,0.75,3.2125],"texture":"#0"}}},{"from":[9.12945,-7.45183,6.95],"to":[10.12945,5.54817,8.95],"rotation":{"angle":45,"axis":"z","origin":[13.92945,0.47317,8]},"faces":{"west":{"uv":[1.25,5.5,0.75,8.7125],"texture":"#0","tintindex":0}}},{"from":[12.25,-9,6.95],"to":[14.25,12,8.95],"rotation":{"angle":22.5,"axis":"z","origin":[13.5,-1.5,8]},"faces":{"east":{"uv":[0.5,0,0,5.2125],"texture":"#0"},"up":{"uv":[6.0625,0,6.375,0.2625],"texture":"#0"},"down":{"uv":[0.5,4.8125,0,5.0625],"rotation":90,"texture":"#0"}}},{"from":[12.25,-9,6.95],"to":[14.25,12,8.95],"rotation":{"angle":22.5,"axis":"z","origin":[13.5,-1.5,8]},"faces":{"east":{"uv":[0.5,5.5,0,10.7125],"texture":"#0","tintindex":0},"down":{"uv":[0.5,10.3125,0,10.5625],"rotation":90,"texture":"#0","tintindex":0}}},{"from":[7.4,-8.25,6.95],"to":[13.4,12.75,6.95],"rotation":{"angle":22.5,"axis":"z","origin":[15,1,1]},"faces":{"north":{"uv":[4.75,0,3.25,5.25],"texture":"#0","tintindex":0},"south":{"uv":[1.5,0,3,5.25],"texture":"#0","tintindex":0}}},{"from":[2.59858,-8.2339,6.925],"to":[8.59858,12.7661,6.925],"rotation":{"angle":-22.5,"axis":"z","origin":[0.99858,1.0161,0.975]},"faces":{"north":{"uv":[1.5,5.5,3,10.75],"texture":"#0"},"south":{"uv":[3,5.5,1.5,10.75],"texture":"#0"}}},{"from":[7.4,-8.25,6.95],"to":[13.4,12.75,6.95],"rotation":{"angle":22.5,"axis":"z","origin":[15,1,1]},"faces":{"north":{"uv":[4.75,5.5,3.25,10.75],"texture":"#0"},"south":{"uv":[1.5,5.5,3,10.75],"texture":"#0"}}},{"from":[8.51254,22.99162,7.275],"to":[9.51254,27.99162,7.275],"rotation":{"angle":22.5,"axis":"z","origin":[12.01254,26.49162,9.525]},"faces":{"north":{"uv":[11.25,0.25,11.5,1.5],"texture":"#0"},"south":{"uv":[11.25,0.25,11.5,1.5],"texture":"#0"}}},{"from":[6.5,-1,5.95],"to":[9.5,1,6.95],"rotation":{"angle":0,"axis":"y","origin":[0,0,10]},"faces":{"north":{"uv":[8.5,3.75,9.25,4.25],"texture":"#0"},"east":{"uv":[8.5,3.75,9.25,4.25],"texture":"#0"},"south":{"uv":[8.5,3.75,9.25,4.25],"texture":"#0"},"west":{"uv":[8.5,3.75,9.25,4.25],"texture":"#0"},"up":{"uv":[8.5,3.75,9.25,4],"texture":"#0"},"down":{"uv":[8.5,4,9.25,4.25],"texture":"#0"}}},{"from":[11.01622,-8.74269,7.95],"to":[13.01622,1.25731,7.95],"rotation":{"angle":22.5,"axis":"z","origin":[10.01622,6.25731,8.95]},"faces":{"north":{"uv":[12.5,0,13,2.5],"texture":"#0"},"south":{"uv":[13,0,12.5,2.5],"texture":"#0"}}},{"from":[2.98378,-2.74269,7.95],"to":[4.98378,7.25731,7.95],"rotation":{"angle":-22.5,"axis":"z","origin":[5.98378,6.25731,8.95]},"faces":{"north":{"uv":[13,0,12.5,2.5],"texture":"#0"},"south":{"uv":[12.5,0,13,2.5],"texture":"#0"}}}],"gui_light":"front","display":{"thirdperson_righthand":{"rotation":[-90,0,-135],"translation":[0,-5.5,17.5]},"gui":{"rotation":[0,180,44],"translation":[0.25,0.75,0.5],"scale":[0.46,0.46,0.46]},"head":{"rotation":[0,-173,50],"translation":[1.25,-47.75,5.5],"scale":[1.6,1.6,1.6]}}}