{"credit":"Made with Blockbench","texture_size":[64,64],"textures":{"0":"custom/cosmetics/punk/punk_hat","particle":"custom/cosmetics/punk/punk_hat"},"elements":[{"from":[3,4.5,4],"to":[13,6.5,14],"rotation":{"angle":22.5,"axis":"x","origin":[8,5.5,10]},"faces":{"north":{"uv":[2.25,4,4.75,4.5],"texture":"#0"},"east":{"uv":[2.25,4,4.75,4.5],"texture":"#0"},"south":{"uv":[2.25,4,4.75,4.5],"texture":"#0"},"west":{"uv":[2.25,4,4.75,4.5],"texture":"#0"},"up":{"uv":[2.25,1.25,4.75,3.75],"texture":"#0"},"down":{"uv":[5,1.25,7.5,3.75],"texture":"#0"}}},{"from":[4,2.98954,4.99792],"to":[12,6.98954,12.99792],"rotation":{"angle":0,"axis":"x","origin":[7,5.98954,9.99792]},"faces":{"north":{"uv":[0,0,2,1],"texture":"#0"},"east":{"uv":[4.25,0,2.25,1],"texture":"#0"},"south":{"uv":[4.5,0,6.5,1],"texture":"#0"},"west":{"uv":[2.25,0,4.25,1],"texture":"#0"},"down":{"uv":[5,4,7,6],"texture":"#0"}}},{"from":[4,3,1],"to":[12,3,5],"rotation":{"angle":-22.5,"axis":"x","origin":[8,3,5]},"faces":{"north":{"uv":[0,0,4,0],"texture":"#missing"},"east":{"uv":[0,0,2,0],"texture":"#missing"},"south":{"uv":[0,0,4,0],"texture":"#missing"},"west":{"uv":[0,0,2,0],"texture":"#missing"},"up":{"uv":[0,1.25,2,2.25],"rotation":180,"texture":"#0"},"down":{"uv":[0,1.25,2,2.25],"texture":"#0"}}},{"from":[3.75,3.25,4.75],"to":[12.25,4.5,13.25],"rotation":{"angle":0,"axis":"y","origin":[0,1,0]},"faces":{"north":{"uv":[0,2.5,1.75,2.75],"texture":"#0","tintindex":0},"east":{"uv":[0,2.5,1.75,2.75],"texture":"#0","tintindex":0},"south":{"uv":[0,2.5,1.75,2.75],"texture":"#0","tintindex":0},"west":{"uv":[0,2.5,1.75,2.75],"texture":"#0","tintindex":0}}},{"from":[3.75,3.25,4.75],"to":[12.25,4.5,13.25],"rotation":{"angle":0,"axis":"y","origin":[0,1,0]},"faces":{"north":{"uv":[0,2.75,1.75,3],"texture":"#0"},"east":{"uv":[0,2.75,1.75,3],"texture":"#0"},"south":{"uv":[0,2.75,1.75,3],"texture":"#0"},"west":{"uv":[0,2.75,1.75,3],"texture":"#0"}}},{"from":[4.25,-3.25,6.65],"to":[11.75,-2.25,11.325],"rotation":{"angle":0,"axis":"y","origin":[0,1,0]},"faces":{"north":{"uv":[0,2.75,1.75,3],"texture":"#0"},"south":{"uv":[0,2.75,1.75,3],"texture":"#0"}}},{"from":[6.25,4.5,4.175],"to":[9.75,8,4.175],"rotation":{"angle":-22.5,"axis":"x","origin":[8,6.5,4]},"faces":{"north":{"uv":[0.5,3,1.5,4],"texture":"#0","tintindex":0},"east":{"uv":[0,0,0,1],"texture":"#missing","tintindex":0},"south":{"uv":[0.5,3,1.5,4],"texture":"#0","tintindex":0},"west":{"uv":[0,0,0,1],"texture":"#missing","tintindex":0},"up":{"uv":[0,0,1,0],"texture":"#missing"},"down":{"uv":[0,0,1,0],"texture":"#missing"}}},{"from":[2.5,3.29027,4.24382],"to":[4.5,4.29027,4.24382],"rotation":{"angle":-45,"axis":"y","origin":[3,3.79027,4.69382]},"faces":{"north":{"uv":[0,5,0.25,4.5],"rotation":270,"texture":"#0"},"south":{"uv":[0,5,0.25,4.5],"rotation":90,"texture":"#0"}}},{"from":[4.5,-3.20973,4.99382],"to":[6.5,-2.20973,4.99382],"rotation":{"angle":-45,"axis":"y","origin":[3,2.79027,4.69382]},"faces":{"north":{"uv":[0,5,0.25,4.5],"rotation":270,"texture":"#0"},"south":{"uv":[0,5,0.25,4.5],"rotation":90,"texture":"#0"}}},{"from":[8,-3.20973,5.19382],"to":[8,-2.20973,7.19382],"rotation":{"angle":0,"axis":"y","origin":[3,2.79027,4.69382]},"faces":{"east":{"uv":[0,5,0.25,4.5],"rotation":270,"texture":"#0"},"west":{"uv":[0,5,0.25,4.5],"rotation":90,"texture":"#0"}}},{"from":[8,-3.20973,10.80618],"to":[8,-2.20973,12.80618],"rotation":{"angle":0,"axis":"y","origin":[13,2.79027,11.30618]},"faces":{"east":{"uv":[0,5,0.25,4.5],"rotation":90,"texture":"#0"},"west":{"uv":[0,5,0.25,4.5],"rotation":270,"texture":"#0"}}},{"from":[9.5,-3.20973,4.99382],"to":[11.5,-2.20973,4.99382],"rotation":{"angle":45,"axis":"y","origin":[13,2.79027,4.69382]},"faces":{"north":{"uv":[0,4.5,0.25,5],"rotation":270,"texture":"#0"},"south":{"uv":[0,4.5,0.25,5],"rotation":90,"texture":"#0"}}},{"from":[9.5,-3.20973,13.25618],"to":[11.5,-2.20973,13.25618],"rotation":{"angle":-45,"axis":"y","origin":[13,2.79027,13.55618]},"faces":{"north":{"uv":[0,5,0.25,4.5],"rotation":90,"texture":"#0"},"south":{"uv":[0,5,0.25,4.5],"rotation":270,"texture":"#0"}}},{"from":[4.5,-3.20973,13.25618],"to":[6.5,-2.20973,13.25618],"rotation":{"angle":45,"axis":"y","origin":[3,2.79027,13.55618]},"faces":{"north":{"uv":[0,4.5,0.25,5],"rotation":90,"texture":"#0"},"south":{"uv":[0,4.5,0.25,5],"rotation":270,"texture":"#0"}}},{"from":[7.95,3.29027,3.44382],"to":[7.95,4.29027,5.44382],"rotation":{"angle":0,"axis":"y","origin":[3,3.79027,4.69382]},"faces":{"east":{"uv":[0,5,0.25,4.5],"rotation":270,"texture":"#0"},"west":{"uv":[0,5,0.25,4.5],"rotation":90,"texture":"#0"}}},{"from":[2.5,3.29027,8.89382],"to":[4.5,4.29027,8.89382],"rotation":{"angle":0,"axis":"y","origin":[3,3.79027,4.69382]},"faces":{"north":{"uv":[0.25,4.5,0,5],"rotation":90,"texture":"#0"},"south":{"uv":[0,4.5,0.25,5],"rotation":270,"texture":"#0"}}},{"from":[11.5,3.29027,8.89382],"to":[13.5,4.29027,8.89382],"rotation":{"angle":0,"axis":"y","origin":[13,3.79027,4.69382]},"faces":{"north":{"uv":[0,5,0.25,4.5],"rotation":90,"texture":"#0"},"south":{"uv":[0,5,0.25,4.5],"rotation":270,"texture":"#0"}}},{"from":[11.5,3.29027,4.24382],"to":[13.5,4.29027,4.24382],"rotation":{"angle":45,"axis":"y","origin":[13,3.79027,4.69382]},"faces":{"north":{"uv":[0,4.5,0.25,5],"rotation":270,"texture":"#0"},"south":{"uv":[0,4.5,0.25,5],"rotation":90,"texture":"#0"}}},{"from":[4.75,-3.75,6.75],"to":[11.25,-1.75,11.25],"faces":{"north":{"uv":[2.25,4.75,3.75,5.25],"texture":"#0"},"east":{"uv":[4,4.75,5,5.25],"texture":"#0"},"south":{"uv":[2.25,4.75,3.75,5.25],"texture":"#0"},"west":{"uv":[4,4.75,5,5.25],"texture":"#0"},"up":{"uv":[2.25,5.5,3.75,6.5],"texture":"#0"},"down":{"uv":[2.25,6.5,3.75,7.5],"texture":"#0"}}},{"from":[11.15,6.5,6],"to":[14.15,9.5,6],"rotation":{"angle":-22.5,"axis":"z","origin":[12.75,8,6]},"faces":{"north":{"uv":[0,6.25,1,7.25],"texture":"#0"},"south":{"uv":[1,6.25,0,7.25],"texture":"#0"}}},{"from":[11.4,5.5,8.25],"to":[14.4,8.5,8.25],"rotation":{"angle":-22.5,"axis":"z","origin":[12.75,7,8.25]},"faces":{"north":{"uv":[0,6.25,1,7.25],"texture":"#0"},"south":{"uv":[1,6.25,0,7.25],"texture":"#0"}}}],"display":{"gui":{"rotation":[30,135,0],"translation":[-0.5,4.5,0]},"head":{"rotation":[-2,0,0],"translation":[0,15,-2.5],"scale":[2.07,2.07,2.07]},"thirdperson_righthand":{"rotation":[88.0,0,0],"translation":[-1.0,-0.4375,22.539062],"scale":[1.2128906,1.2128906,1.2128906]}},"groups":[0,1,2,3,4,5,6,7,8,9,10,11,12,13,14,15,16,17,{"name":"group","origin":[0,0,0],"color":0,"children":[]},{"name":"group","origin":[0,0,0],"color":0,"children":[]},18,19,20]}