{"credit":"Made with Blockbench","texture_size":[64,64],"textures":{"0":"custom/cosmetics/samurai/samurai_hat","particle":"custom/cosmetics/samurai/samurai_hat"},"elements":[{"from":[4,8,4],"to":[12,13,12],"faces":{"north":{"uv":[2,0,4,1.25],"texture":"#0"},"east":{"uv":[2,0,4,1.25],"texture":"#0"},"south":{"uv":[2,0,4,1.25],"texture":"#0"},"west":{"uv":[2,0,4,1.25],"texture":"#0"},"up":{"uv":[0,1.75,2,3.75],"rotation":180,"texture":"#0"},"down":{"uv":[2.75,3.5,3,3.75],"texture":"#0"}}},{"from":[4,5,4],"to":[12,9,4],"rotation":{"angle":45,"axis":"x","origin":[8,9,4]},"faces":{"north":{"uv":[0,0,2,1],"texture":"#0"},"south":{"uv":[0,0,2,1],"texture":"#0"}}},{"from":[12,7,3.9],"to":[18,10,3.9],"rotation":{"angle":45,"axis":"z","origin":[12,8.5,4]},"faces":{"north":{"uv":[0,1,1.5,1.75],"texture":"#0"},"south":{"uv":[1.5,1,0,1.75],"texture":"#0"}}},{"from":[-2,7,3.9],"to":[4,10,3.9],"rotation":{"angle":-45,"axis":"z","origin":[4,8.5,4]},"faces":{"north":{"uv":[1.5,1,0,1.75],"texture":"#0"},"south":{"uv":[0,1,1.5,1.75],"texture":"#0"}}},{"from":[1,11,3.8],"to":[15,23,3.8],"rotation":{"angle":0,"axis":"x","origin":[8,9,4]},"faces":{"north":{"uv":[4,0,7.5,3],"texture":"#0"},"south":{"uv":[4,0,7.5,3],"texture":"#0"}}},{"from":[12,-1,4],"to":[12,9,12],"rotation":{"angle":22.5,"axis":"z","origin":[12,9,8]},"faces":{"east":{"uv":[2,1.25,4,3.75],"texture":"#0"},"west":{"uv":[2,1.25,4,3.75],"texture":"#0"}}},{"from":[4,-1,4],"to":[4,9,12],"rotation":{"angle":-22.5,"axis":"z","origin":[4,9,8]},"faces":{"east":{"uv":[2,1.25,4,3.75],"texture":"#0"},"west":{"uv":[2,1.25,4,3.75],"texture":"#0"}}},{"from":[2,-1,12],"to":[14,9,12],"rotation":{"angle":-22.5,"axis":"x","origin":[8,9,12]},"faces":{"north":{"uv":[0,4,3,6.5],"texture":"#0"},"south":{"uv":[0,4,3,6.5],"texture":"#0"}}},{"from":[-2,7,3.9],"to":[4,10,3.9],"rotation":{"angle":-45,"axis":"z","origin":[4,8.5,4]},"faces":{"north":{"uv":[9,1,7.5,1.75],"texture":"#0","tintindex":0},"south":{"uv":[7.5,1,9,1.75],"texture":"#0","tintindex":0}}},{"from":[12,7,3.9],"to":[18,10,3.9],"rotation":{"angle":45,"axis":"z","origin":[12,8.5,4]},"faces":{"north":{"uv":[7.5,1,9,1.75],"texture":"#0","tintindex":0},"south":{"uv":[9,1,7.5,1.75],"texture":"#0","tintindex":0}}},{"from":[4,5,4],"to":[12,9,4],"rotation":{"angle":45,"axis":"x","origin":[8,9,4]},"faces":{"north":{"uv":[7.5,0,9.5,1],"texture":"#0","tintindex":0},"south":{"uv":[7.5,0,9.5,1],"texture":"#0","tintindex":0}}},{"from":[1,11,3.8],"to":[15,23,3.8],"rotation":{"angle":0,"axis":"x","origin":[8,9,4]},"faces":{"north":{"uv":[11.5,0,15,3],"texture":"#0","tintindex":0},"south":{"uv":[11.5,0,15,3],"texture":"#0","tintindex":0}}},{"from":[4,8,4],"to":[12,13,12],"faces":{"north":{"uv":[9.5,0,11.5,1.25],"texture":"#0","tintindex":0},"east":{"uv":[9.5,0,11.5,1.25],"texture":"#0","tintindex":0},"south":{"uv":[9.5,0,11.5,1.25],"texture":"#0","tintindex":0},"west":{"uv":[9.5,0,11.5,1.25],"texture":"#0","tintindex":0},"up":{"uv":[7.5,1.75,9.5,3.75],"rotation":180,"texture":"#0","tintindex":0},"down":{"uv":[0.25,2,0.5,2.25],"texture":"#0","tintindex":0}}},{"from":[4,-1,4],"to":[4,9,12],"rotation":{"angle":-22.5,"axis":"z","origin":[4,9,8]},"faces":{"east":{"uv":[9.5,1.25,11.5,3.75],"texture":"#0","tintindex":0},"west":{"uv":[9.5,1.25,11.5,3.75],"texture":"#0","tintindex":0}}},{"from":[12,-1,4],"to":[12,9,12],"rotation":{"angle":22.5,"axis":"z","origin":[12,9,8]},"faces":{"east":{"uv":[9.5,1.25,11.5,3.75],"texture":"#0","tintindex":0},"west":{"uv":[9.5,1.25,11.5,3.75],"texture":"#0","tintindex":0}}},{"from":[2,-1,12],"to":[14,9,12],"rotation":{"angle":-22.5,"axis":"x","origin":[8,9,12]},"faces":{"north":{"uv":[7.5,4,10.5,6.5],"texture":"#0","tintindex":0},"south":{"uv":[7.5,4,10.5,6.5],"texture":"#0","tintindex":0}}}],"display":{"gui":{"rotation":[30,135,0],"translation":[0,-0.75,0],"scale":[0.65,0.65,0.65]},"head":{"translation":[0,6.5,0],"scale":[1.71,1.71,1.71]},"thirdperson_righthand":{"rotation":[90.0,0.0,0.0],"translation":[-1.0,-2.0,17.558594],"scale":[1.0019531,1.0019531,1.0019531]}},"groups":[0,1,2,3,4,5,6,7,{"name":"group","origin":[12,8.5,-8],"children":[8,9,10,11,12,13,14,15]}]}