{"credit":"Made with Blockbench","texture_size":[32,32],"textures":{"0":"custom/cosmetics/samurai/samurai_gauntlet","particle":"custom/cosmetics/samurai/samurai_gauntlet"},"elements":[{"from":[6,8,5],"to":[12,13,11],"faces":{"north":{"uv":[3,3,6,5.5],"texture":"#0"},"east":{"uv":[0,3,3,5.5],"texture":"#0"},"south":{"uv":[6,3,3,5.5],"texture":"#0"},"west":{"uv":[0,3,3,5.5],"texture":"#0"},"up":{"uv":[3,0,6,3],"rotation":180,"texture":"#0"}}},{"from":[12,13,11],"to":[6,8,5],"faces":{"north":{"uv":[3,3,6,5.5],"rotation":180,"texture":"#0"},"east":{"uv":[0,3,3,5.5],"rotation":180,"texture":"#0"},"south":{"uv":[6,3,3,5.5],"rotation":180,"texture":"#0"},"west":{"uv":[0,3,3,5.5],"rotation":180,"texture":"#0"},"down":{"uv":[3,0,6,3],"texture":"#0"}}},{"from":[11,9,8],"to":[15,17,8],"faces":{"north":{"uv":[6,0,8,4],"texture":"#0"},"south":{"uv":[8,0,6,4],"texture":"#0"}}},{"from":[8.5,0,8],"to":[12.5,9,8],"faces":{"north":{"uv":[2.5,9,4.5,13.5],"texture":"#0"},"south":{"uv":[4.5,9,2.5,13.5],"texture":"#0"}}},{"from":[5.5,-1,5.5],"to":[10.5,6,10.5],"faces":{"north":{"uv":[2.5,5.5,5,9],"texture":"#0"},"east":{"uv":[0,5.5,2.5,9],"texture":"#0"},"south":{"uv":[5,5.5,2.5,9],"texture":"#0"},"west":{"uv":[5,5.5,7.5,9],"texture":"#0"},"up":{"uv":[7,5.5,7.5,6],"texture":"#0"},"down":{"uv":[0,9,2.5,11.5],"rotation":180,"texture":"#0"}}},{"from":[6,8,5],"to":[12,13,11],"faces":{"north":{"uv":[10.5,3,13.5,5.5],"texture":"#0","tintindex":0},"south":{"uv":[13.5,3,10.5,5.5],"texture":"#0","tintindex":0},"up":{"uv":[10.5,0,13.5,3],"rotation":180,"texture":"#0","tintindex":0}}},{"from":[12,13,11],"to":[6,8,5],"faces":{"north":{"uv":[10.5,3,13.5,5.5],"rotation":180,"texture":"#0","tintindex":0},"south":{"uv":[13.5,3,10.5,5.5],"rotation":180,"texture":"#0","tintindex":0},"down":{"uv":[10.5,0,13.5,3],"texture":"#0","tintindex":0}}},{"from":[5.5,-1,5.5],"to":[10.5,6,10.5],"faces":{"north":{"uv":[7.5,5.5,10,9],"texture":"#0","tintindex":0},"east":{"uv":[7.5,5.5,10,9],"texture":"#0","tintindex":0},"south":{"uv":[7.5,5.5,10,9],"texture":"#0","tintindex":0},"west":{"uv":[7.5,5.5,10,9],"texture":"#0","tintindex":0}}}],"display":{"thirdperson_righthand":{"rotation":[90.0,180.0,-0.0],"translation":[-1.9375,-2.0,8.125],"scale":[0.95624995,0.95624995,0.95624995]},"thirdperson_lefthand":{"rotation":[90,-180,0],"translation":[0,-2,8],"scale":[1.02,1.02,1.02]},"firstperson_righthand":{"rotation":[129,-5,1],"translation":[9.75,-5,-0.75]},"firstperson_lefthand":{"rotation":[129,-180,1],"translation":[9.75,-5,-0.75],"scale":[0,0,0]},"gui":{"rotation":[27,32,-35],"translation":[0,1,0],"scale":[0.96,0.96,0.96]}},"groups":[0,1,2,3,4,{"name":"group","origin":[0,0,0],"children":[5,6,7]}]}