{"credit":"Made with Blockbench","texture_size":[32,32],"textures":{"0":"custom/cosmetics/dino/dino_claw","particle":"custom/cosmetics/dino/dino_claw"},"elements":[{"from":[5.5,4,6.5],"to":[10.5,9,11.5],"rotation":{"angle":0,"axis":"y","origin":[13,12,12]},"faces":{"north":{"uv":[4.5,0,7,2.5],"texture":"#0","tintindex":0},"east":{"uv":[7,0,9.5,2.5],"texture":"#0","tintindex":0},"south":{"uv":[4.5,0,7,2.5],"texture":"#0","tintindex":0},"west":{"uv":[7,0,9.5,2.5],"texture":"#0","tintindex":0},"up":{"uv":[2.5,3.5,2.5,3.5],"texture":"#0","tintindex":0},"down":{"uv":[2,1.5,2,1.5],"texture":"#0","tintindex":0}}},{"from":[3.5,0,3.5],"to":[12.5,4,12.5],"rotation":{"angle":0,"axis":"y","origin":[12,8,8]},"faces":{"north":{"uv":[0,4.5,4.5,6.5],"texture":"#0","tintindex":0},"east":{"uv":[9,4.5,4.5,6.5],"texture":"#0","tintindex":0},"south":{"uv":[4.5,2.5,9,4.5],"texture":"#0","tintindex":0},"west":{"uv":[4.5,4.5,9,6.5],"texture":"#0","tintindex":0},"up":{"uv":[0,0,4.5,4.5],"rotation":180,"texture":"#0","tintindex":0},"down":{"uv":[0,6.5,4.5,11],"texture":"#0","tintindex":0}}},{"from":[5,-2,-0.5],"to":[5,3,5.5],"rotation":{"angle":0,"axis":"y","origin":[13,6,8]},"faces":{"east":{"uv":[4.5,7,7.5,9.5],"texture":"#0"},"west":{"uv":[7.5,7,4.5,9.5],"texture":"#0"}}},{"from":[11,-2,-0.5],"to":[11,3,5.5],"rotation":{"angle":0,"axis":"y","origin":[19,6,8]},"faces":{"east":{"uv":[4.5,7,7.5,9.5],"texture":"#0"},"west":{"uv":[7.5,7,4.5,9.5],"texture":"#0"}}},{"from":[8,-2,-2.5],"to":[8,4,6.5],"rotation":{"angle":0,"axis":"y","origin":[16,6,5]},"faces":{"east":{"uv":[4.5,9.5,9,12.5],"texture":"#0"},"west":{"uv":[9,9.5,4.5,12.5],"texture":"#0"}}},{"from":[4.5,0,3.47],"to":[5.5,3,3.47],"rotation":{"angle":0,"axis":"y","origin":[13,8,11]},"faces":{"north":{"uv":[9,2.5,9.5,4],"texture":"#0"}}},{"from":[7.5,1,3.47],"to":[8.5,4,3.47],"rotation":{"angle":0,"axis":"y","origin":[16,9,11]},"faces":{"north":{"uv":[9,2.5,9.5,4],"texture":"#0"}}},{"from":[10.5,0,3.47],"to":[11.5,3,3.47],"rotation":{"angle":0,"axis":"y","origin":[19,8,11]},"faces":{"north":{"uv":[9,2.5,9.5,4],"texture":"#0"}}}],"display":{"thirdperson_righthand":{"rotation":[90.0,-0.0,-0.0],"translation":[-1.9375,-1.0625,5.3125],"scale":[0.9375,0.9375,0.9375]},"thirdperson_lefthand":{"rotation":[90,0,0],"translation":[0,-1,5]},"firstperson_righthand":{"rotation":[29,26,0],"translation":[7.5,1,0]},"firstperson_lefthand":{"rotation":[29,26,0],"translation":[7.5,1,0],"scale":[0,0,0]},"ground":{"translation":[0,7,0],"scale":[0.4,0.4,0.4]},"gui":{"rotation":[30,145,0],"translation":[0.5,4.25,0],"scale":[0.94,0.94,0.94]},"head":{"translation":[0,17.75,1.5],"scale":[1.61,1.61,1.61]}}}