{"credit":"Made with Blockbench","textures":{"0":"custom/cosmetics/dino/dino_helmet","particle":"custom/cosmetics/dino/dino_helmet"},"elements":[{"from":[3,0,2],"to":[13,2,13],"rotation":{"angle":0,"axis":"y","origin":[8,8,10]},"faces":{"north":{"uv":[0,15,5,16],"texture":"#0","tintindex":0},"east":{"uv":[10.5,15,5,16],"texture":"#0","tintindex":0},"south":{"uv":[10.5,15,15.5,16],"texture":"#0","tintindex":0},"west":{"uv":[5,15,10.5,16],"texture":"#0","tintindex":0},"up":{"uv":[10,5,15,10.5],"rotation":180,"texture":"#0","tintindex":0},"down":{"uv":[5,5,10,10.5],"texture":"#0","tintindex":0}}},{"from":[3,8,2],"to":[13,11,13],"rotation":{"angle":0,"axis":"y","origin":[8,8,10]},"faces":{"north":{"uv":[0,10.5,5,12],"texture":"#0","tintindex":0},"east":{"uv":[10.5,10.5,5,12],"texture":"#0","tintindex":0},"south":{"uv":[10.5,10.5,15.5,12],"texture":"#0","tintindex":0},"west":{"uv":[5,10.5,10.5,12],"texture":"#0","tintindex":0},"up":{"uv":[0,5,5,10.5],"rotation":180,"texture":"#0","tintindex":0},"down":{"uv":[10,5,15,10.5],"texture":"#0","tintindex":0}}},{"from":[3,2,9],"to":[13,8,13],"rotation":{"angle":0,"axis":"y","origin":[8,8,10]},"faces":{"north":{"uv":[10,0,15,3],"texture":"#0","tintindex":0},"east":{"uv":[10.5,12,8.5,15],"texture":"#0","tintindex":0},"south":{"uv":[10.5,12,15.5,15],"texture":"#0","tintindex":0},"west":{"uv":[8.5,12,10.5,15],"texture":"#0","tintindex":0}}},{"from":[4,11,6],"to":[12,14,13],"rotation":{"angle":0,"axis":"y","origin":[8,8,10]},"faces":{"north":{"uv":[0,3.5,4,5],"texture":"#0","tintindex":0},"east":{"uv":[7.5,2,4,3.5],"texture":"#0","tintindex":0},"south":{"uv":[4,3.5,8,5],"texture":"#0","tintindex":0},"west":{"uv":[4,2,7.5,3.5],"texture":"#0","tintindex":0},"up":{"uv":[0,0,4,3.5],"rotation":180,"texture":"#0","tintindex":0}}},{"from":[12.5,8,11],"to":[3.5,2,3],"faces":{"east":{"uv":[9,12,5,15],"rotation":180,"texture":"#0"},"south":{"uv":[0,12,4.5,15],"rotation":180,"texture":"#0"},"west":{"uv":[5,12,9,15],"rotation":180,"texture":"#0"}}},{"from":[3.25,2,3],"to":[12.75,8,11],"faces":{"north":{"uv":[0,12,4.5,15],"texture":"#0"},"east":{"uv":[9,12,5,15],"texture":"#0"},"west":{"uv":[5,12,9,15],"texture":"#0"}}},{"from":[8,14,8],"to":[8,16,12],"faces":{"east":{"uv":[6,1,4,2],"texture":"#0"},"west":{"uv":[4,1,6,2],"texture":"#0"}}},{"from":[8,7,13],"to":[8,11,15],"faces":{"east":{"uv":[6,1,4,2],"rotation":270,"texture":"#0"},"west":{"uv":[4,1,6,2],"rotation":90,"texture":"#0"}}},{"from":[8,0,13],"to":[8,4,15],"faces":{"east":{"uv":[6,1,4,2],"rotation":270,"texture":"#0"},"west":{"uv":[4,1,6,2],"rotation":90,"texture":"#0"}}},{"from":[7,0,13.1],"to":[9,4,13.1],"faces":{"south":{"uv":[7,0,6,2],"rotation":180,"texture":"#0"}}},{"from":[7,7,13.1],"to":[9,11,13.1],"faces":{"south":{"uv":[6,0,7,2],"rotation":180,"texture":"#0"}}},{"from":[7,14.1,8],"to":[9,14.1,12],"faces":{"up":{"uv":[7,0,6,2],"rotation":180,"texture":"#0"}}},{"from":[11.95,7.95,8.95],"to":[4.05,2.05,3.05],"faces":{"north":{"uv":[10.5,0,14.5,3],"texture":"#0"},"up":{"uv":[10.5,7,14.5,10],"texture":"#0"},"down":{"uv":[10.5,7,14.5,10],"rotation":180,"texture":"#0"}}}],"display":{"thirdperson_righthand":{"rotation":[90.0,0.0,0.0],"translation":[-1.0,-2.0,16.679688],"scale":[0.9375,0.9375,0.9375]},"thirdperson_lefthand":{"rotation":[51,48,0],"translation":[0,0.75,0.5],"scale":[0.4,0.4,0.4]},"firstperson_righthand":{"rotation":[0,116,0],"translation":[12.25,0,-8]},"firstperson_lefthand":{"rotation":[0,116,0],"translation":[12.25,0,-8]},"ground":{"translation":[0,3.25,0],"scale":[0.4,0.4,0.4]},"gui":{"rotation":[30,130,0],"translation":[0.25,1,0],"scale":[0.82,0.82,0.82]},"head":{"translation":[0,5,0],"scale":[1.6,1.6,1.6]},"fixed":{"rotation":[-90,0,0],"translation":[0,0,-16],"scale":[2,2,2]}},"groups":[{"name":"group","origin":[8,8,8],"children":[0,1,2,3]},{"name":"group","origin":[8,8,8],"children":[4,5,6,7,8,9,10,11,12]}]}