{"credit":"Made with Blockbench","texture_size":[32,32],"textures":{"0":"custom/cosmetics/anniversary/1st_year_hat","1":"custom/decorations/candle_1","2":"custom/cosmetics/anniversary/2nd_year_hat","particle":"custom/cosmetics/anniversary/1st_year_hat"},"elements":[{"from":[3,0,3],"to":[13,5,13],"faces":{"north":{"uv":[0,12.5,5,15],"texture":"#0"},"east":{"uv":[0,12.5,5,15],"texture":"#0"},"south":{"uv":[0,12.5,5,15],"texture":"#0"},"west":{"uv":[0,12.5,5,15],"texture":"#0"},"up":{"uv":[0,12.5,1,13.5],"texture":"#0"},"down":{"uv":[0,12.5,1,13.5],"texture":"#0"}}},{"from":[2.75,0.75,2.75],"to":[13.25,5.25,13.25],"faces":{"north":{"uv":[0,5,5,7],"texture":"#0"},"east":{"uv":[0,5,5,7],"texture":"#0"},"south":{"uv":[0,5,5,7],"texture":"#0"},"west":{"uv":[0,5,5,7],"texture":"#0"},"up":{"uv":[0,0,5,5],"texture":"#0"}}},{"from":[2.75,0.75,2.75],"to":[13.25,5.25,13.25],"faces":{"north":{"uv":[5.5,5,10.5,7],"texture":"#0","tintindex":0},"east":{"uv":[5.5,5,10.5,7],"texture":"#0","tintindex":0},"south":{"uv":[5.5,5,10.5,7],"texture":"#0","tintindex":0},"west":{"uv":[5.5,5,10.5,7],"texture":"#0","tintindex":0},"up":{"uv":[5.5,0,10.5,5],"texture":"#0","tintindex":0}}},{"name":"cube inverted","from":[13.25,5.25,13.25],"to":[2.75,0.75,2.75],"faces":{"north":{"uv":[0,7,5,5],"texture":"#0"},"east":{"uv":[0,7,5,5],"texture":"#0"},"south":{"uv":[0,7,5,5],"texture":"#0"},"west":{"uv":[0,7,5,5],"texture":"#0"},"down":{"uv":[5,0,0,5],"texture":"#0"}}},{"name":"cube inverted","from":[13.25,5.25,13.25],"to":[2.75,0.75,2.75],"faces":{"north":{"uv":[5.5,7,10.5,5],"texture":"#0","tintindex":0},"east":{"uv":[5.5,7,10.5,5],"texture":"#0","tintindex":0},"south":{"uv":[5.5,7,10.5,5],"texture":"#0","tintindex":0},"west":{"uv":[5.5,7,10.5,5],"texture":"#0","tintindex":0},"down":{"uv":[10.5,0,5.5,5],"texture":"#0","tintindex":0}}},{"from":[5,5,5],"to":[11,10,11],"faces":{"north":{"uv":[5.5,12.5,8.5,15],"texture":"#0"},"east":{"uv":[5.5,12.5,8.5,15],"texture":"#0"},"south":{"uv":[5.5,12.5,8.5,15],"texture":"#0"},"west":{"uv":[5.5,12.5,8.5,15],"texture":"#0"},"up":{"uv":[5.5,12.5,6,13],"texture":"#0"},"down":{"uv":[5.5,12.5,6,13],"texture":"#0"}}},{"from":[4.75,6.75,4.75],"to":[11.25,10.25,11.25],"faces":{"north":{"uv":[0,10,3,11.5],"texture":"#0"},"east":{"uv":[0,10,3,11.5],"texture":"#0"},"south":{"uv":[0,10,3,11.5],"texture":"#0"},"west":{"uv":[0,10,3,11.5],"texture":"#0"},"up":{"uv":[0,7,3,10],"texture":"#0"}}},{"from":[4.75,6.75,4.75],"to":[11.25,10.25,11.25],"faces":{"north":{"uv":[5.5,10,8.5,11.5],"texture":"#0","tintindex":0},"east":{"uv":[5.5,10,8.5,11.5],"texture":"#0","tintindex":0},"south":{"uv":[5.5,10,8.5,11.5],"texture":"#0","tintindex":0},"west":{"uv":[5.5,10,8.5,11.5],"texture":"#0","tintindex":0},"up":{"uv":[5.5,7,8.5,10],"texture":"#0","tintindex":0}}},{"name":"cube inverted","from":[11.25,10.25,11.25],"to":[4.75,6.75,4.75],"faces":{"north":{"uv":[0,11.5,3,10],"texture":"#0"},"east":{"uv":[0,11.5,3,10],"texture":"#0"},"south":{"uv":[0,11.5,3,10],"texture":"#0"},"west":{"uv":[0,11.5,3,10],"texture":"#0"},"down":{"uv":[3,7,0,10],"texture":"#0"}}},{"name":"cube inverted","from":[11.25,10.25,11.25],"to":[4.75,6.75,4.75],"faces":{"north":{"uv":[5.5,11.5,8.5,10],"texture":"#0","tintindex":0},"east":{"uv":[5.5,11.5,8.5,10],"texture":"#0","tintindex":0},"south":{"uv":[5.5,11.5,8.5,10],"texture":"#0","tintindex":0},"west":{"uv":[5.5,11.5,8.5,10],"texture":"#0","tintindex":0},"down":{"uv":[8.5,7,5.5,10],"texture":"#0","tintindex":0}}},{"from":[6.5,17,8],"to":[9.5,21,8],"rotation":{"angle":-45,"axis":"y","origin":[8,19,8]},"faces":{"north":{"uv":[9,0,12,4],"texture":"#1"},"south":{"uv":[9,0,12,4],"texture":"#1"}}},{"from":[6.5,17,8],"to":[9.5,21,8],"rotation":{"angle":45,"axis":"y","origin":[8,19,8]},"faces":{"north":{"uv":[9,0,12,4],"texture":"#1"},"south":{"uv":[9,0,12,4],"texture":"#1"}}},{"from":[2,-5,2],"to":[14,0,14],"faces":{"north":{"uv":[0,9,6,11.5],"texture":"#2"},"east":{"uv":[0,9,6,11.5],"texture":"#2"},"south":{"uv":[0,9,6,11.5],"texture":"#2"},"west":{"uv":[0,9,6,11.5],"texture":"#2"},"up":{"uv":[0,12.5,1,13.5],"texture":"#0"},"down":{"uv":[0,12.5,1,13.5],"texture":"#0"}}},{"from":[1.75,-4.25,1.75],"to":[14.25,0.25,14.25],"faces":{"north":{"uv":[0,6,6,8],"texture":"#2"},"east":{"uv":[0,6,6,8],"texture":"#2"},"south":{"uv":[0,6,6,8],"texture":"#2"},"west":{"uv":[0,6,6,8],"texture":"#2"},"up":{"uv":[0,0,6,6],"texture":"#2"}}},{"from":[13.25,-6.425,1.75],"to":[14.25,-1.925,2.75],"faces":{"north":{"uv":[0,8,0.5,6],"texture":"#2"},"east":{"uv":[0,8,0.5,6],"texture":"#2"}}},{"from":[1.75,-6.425,13.25],"to":[2.75,-1.925,14.25],"rotation":{"angle":0,"axis":"y","origin":[16,0,16]},"faces":{"south":{"uv":[0,8,0.5,6],"texture":"#2"},"west":{"uv":[0,8,0.5,6],"texture":"#2"}}},{"from":[1.75,-4.25,1.75],"to":[14.25,0.25,14.25],"faces":{"north":{"uv":[6.5,6,12.5,8],"texture":"#2","tintindex":0},"east":{"uv":[6.5,6,12.5,8],"texture":"#2","tintindex":0},"south":{"uv":[6.5,6,12.5,8],"texture":"#2","tintindex":0},"west":{"uv":[6.5,6,12.5,8],"texture":"#2","tintindex":0},"up":{"uv":[6.5,0,12.5,6],"texture":"#2","tintindex":0}}},{"name":"cube inverted","from":[14.25,0.25,14.25],"to":[1.75,-4.25,1.75],"faces":{"north":{"uv":[6.5,8,12.5,6],"texture":"#2","tintindex":0},"east":{"uv":[6.5,8,12.5,6],"texture":"#2","tintindex":0},"south":{"uv":[6.5,8,12.5,6],"texture":"#2","tintindex":0},"west":{"uv":[6.5,8,12.5,6],"texture":"#2","tintindex":0},"down":{"uv":[12.5,0,6.5,6],"texture":"#2","tintindex":0}}},{"name":"cube inverted","from":[14.25,0.25,14.25],"to":[1.75,-4.25,1.75],"faces":{"north":{"uv":[0,8,6,6],"texture":"#2"},"east":{"uv":[0,8,6,6],"texture":"#2"},"south":{"uv":[0,8,6,6],"texture":"#2"},"west":{"uv":[0,8,6,6],"texture":"#2"},"down":{"uv":[6,0,0,6],"texture":"#2"}}},{"name":"cube inverted","from":[2.75,-1.925,14.25],"to":[1.75,-6.425,13.25],"rotation":{"angle":0,"axis":"y","origin":[16,0,16]},"faces":{"north":{"uv":[0,6,0.5,8],"texture":"#2"},"east":{"uv":[0,6,0.5,8],"texture":"#2"}}},{"name":"cube inverted","from":[14.25,-1.925,2.75],"to":[13.25,-6.425,1.75],"faces":{"south":{"uv":[0,6,0.5,8],"texture":"#2"},"west":{"uv":[0,6,0.5,8],"texture":"#2"}}},{"from":[5.5,10,7],"to":[10.5,17,9],"faces":{"north":{"uv":[10.5,8,13,11.5],"texture":"#2","tintindex":0},"east":{"uv":[10.5,8,11,11.5],"texture":"#2","tintindex":0},"south":{"uv":[10.5,8,13,11.5],"texture":"#2","tintindex":0},"west":{"uv":[12.5,8,13,11.5],"texture":"#2","tintindex":0},"up":{"uv":[10.5,8,13,8.5],"texture":"#2","tintindex":0},"down":{"uv":[10.5,11,13,11.5],"texture":"#2","tintindex":0}}},{"from":[5.5,10,7],"to":[10.5,17,9],"faces":{"north":{"uv":[8,8,10.5,11.5],"texture":"#2"},"south":{"uv":[8,8,10.5,11.5],"texture":"#2"}}},{"from":[12.5,4.25,7.5],"to":[14.5,10.25,9.5],"rotation":{"angle":-45,"axis":"z","origin":[13.5,8,8.5]},"faces":{"north":{"uv":[14.5,8,15.5,11],"texture":"#2","tintindex":0},"east":{"uv":[14.5,8,15.5,11],"texture":"#2","tintindex":0},"south":{"uv":[14.5,8,15.5,11],"texture":"#2","tintindex":0},"west":{"uv":[14.5,8,15.5,11],"texture":"#2","tintindex":0},"up":{"uv":[14.5,8,15,8.5],"rotation":180,"texture":"#2","tintindex":0}}},{"from":[12.5,4.25,7.5],"to":[14.5,10.25,9.5],"rotation":{"angle":-45,"axis":"z","origin":[13.5,8,8.5]},"faces":{"north":{"uv":[14.5,8,13.5,11],"texture":"#2"},"east":{"uv":[13.5,8,14.5,11],"texture":"#2"},"south":{"uv":[14.5,8,13.5,11],"texture":"#2"},"west":{"uv":[13.5,8,14.5,11],"texture":"#2"},"down":{"uv":[8.5,10.5,9,11],"rotation":180,"texture":"#2"}}},{"from":[13.5,9.5,8.5],"to":[16.5,13.5,8.5],"rotation":{"angle":-45,"axis":"y","origin":[15,11.5,8.5]},"faces":{"north":{"uv":[9,0,12,4],"texture":"#1"},"south":{"uv":[9,0,12,4],"texture":"#1"}}},{"from":[13.5,9.5,8.5],"to":[16.5,13.5,8.5],"rotation":{"angle":45,"axis":"y","origin":[15,11.5,8.5]},"faces":{"north":{"uv":[9,0,12,4],"texture":"#1"},"south":{"uv":[9,0,12,4],"texture":"#1"}}},{"from":[-0.5,-0.75,7.5],"to":[1.5,5.25,9.5],"rotation":{"angle":45,"axis":"z","origin":[0.5,3,8.5]},"faces":{"north":{"uv":[15.5,8,14.5,11],"texture":"#2","tintindex":0},"east":{"uv":[15.5,8,14.5,11],"texture":"#2","tintindex":0},"south":{"uv":[15.5,8,14.5,11],"texture":"#2","tintindex":0},"west":{"uv":[15.5,8,14.5,11],"texture":"#2","tintindex":0},"up":{"uv":[15,8,14.5,8.5],"rotation":180,"texture":"#2","tintindex":0}}},{"from":[-0.5,-0.75,7.5],"to":[1.5,5.25,9.5],"rotation":{"angle":45,"axis":"z","origin":[0.5,3,8.5]},"faces":{"north":{"uv":[13.5,8,14.5,11],"texture":"#2"},"east":{"uv":[14.5,8,13.5,11],"texture":"#2"},"south":{"uv":[13.5,8,14.5,11],"texture":"#2"},"west":{"uv":[14.5,8,13.5,11],"texture":"#2"},"down":{"uv":[9,10.5,8.5,11],"rotation":180,"texture":"#2"}}},{"from":[-2.5,4.5,8.5],"to":[0.5,8.5,8.5],"rotation":{"angle":45,"axis":"y","origin":[-1,6.5,8.5]},"faces":{"north":{"uv":[12,0,9,4],"texture":"#1"},"south":{"uv":[12,0,9,4],"texture":"#1"}}},{"from":[-2.5,4.5,8.5],"to":[0.5,8.5,8.5],"rotation":{"angle":-45,"axis":"y","origin":[-1,6.5,8.5]},"faces":{"north":{"uv":[12,0,9,4],"texture":"#1"},"south":{"uv":[12,0,9,4],"texture":"#1"}}}],"display":{"thirdperson_righthand":{"rotation":[92.0,0,3],"translation":[-1.625,-2.46875,28.984375],"scale":[1.0546875,1.0546875,1.0546875]},"gui":{"rotation":[30,135,0],"translation":[0,1.25,0],"scale":[0.57,0.57,0.57]},"head":{"rotation":[2,0,3],"translation":[-1,26,0.75],"scale":[1.8,1.8,1.8]}},"groups":[0,1,2,3,4,5,6,7,8,9,10,11,{"name":"group","origin":[0,0,0],"color":0,"children":[12,13,14,15,16,17,18,19,20]},21,22,{"name":"group","origin":[0,0,0],"color":0,"children":[]},{"name":"group","origin":[0,0,0],"color":0,"children":[23,24,25,26]},{"name":"group","origin":[0,0,0],"color":0,"children":[27,28,29,30]}]}