{"credit":"Made with Blockbench","textures":{"0":"custom/cosmetics/animal_ears","particle":"custom/cosmetics/animal_ears"},"elements":[{"from":[3.5,0,7],"to":[12.5,5,9],"faces":{"north":{"uv":[0,6,9,11],"texture":"#0","tintindex":0},"east":{"uv":[9,6,11,11],"texture":"#0","tintindex":0},"south":{"uv":[0,6,9,11],"texture":"#0","tintindex":0},"west":{"uv":[9,6,11,11],"texture":"#0","tintindex":0},"up":{"uv":[0,4,9,6],"texture":"#0","tintindex":0},"down":{"uv":[0,9,9,11],"texture":"#0","tintindex":0}}},{"from":[8.95,4.95,7.25],"to":[11.05,7.05,8.35],"rotation":{"angle":22.5,"axis":"y","origin":[11,5,8]},"faces":{"north":{"uv":[5,1,7,3],"texture":"#0"},"west":{"uv":[5,1,7,3],"texture":"#0"}}},{"from":[9,5,7.3],"to":[12,8,8.3],"rotation":{"angle":22.5,"axis":"y","origin":[11,5,8]},"faces":{"north":{"uv":[10,0,13,3],"texture":"#0","tintindex":0},"east":{"uv":[8,0,9,3],"texture":"#0","tintindex":0},"south":{"uv":[13,0,10,3],"texture":"#0","tintindex":0},"west":{"uv":[12,0,13,3],"texture":"#0","tintindex":0},"up":{"uv":[5,0,8,1],"texture":"#0","tintindex":0},"down":{"uv":[0,4,1,5],"texture":"#0","tintindex":0}}},{"from":[4.95,4.95,7.25],"to":[7.05,7.05,8.35],"rotation":{"angle":-22.5,"axis":"y","origin":[5,5,8]},"faces":{"north":{"uv":[5,1,7,3],"texture":"#0"},"east":{"uv":[5,1,7,3],"texture":"#0"}}},{"from":[4,5,7.3],"to":[7,8,8.3],"rotation":{"angle":-22.5,"axis":"y","origin":[5,5,8]},"faces":{"north":{"uv":[13,0,10,3],"texture":"#0","tintindex":0},"east":{"uv":[12,0,13,3],"texture":"#0","tintindex":0},"south":{"uv":[10,0,13,3],"texture":"#0","tintindex":0},"west":{"uv":[8,0,9,3],"texture":"#0","tintindex":0},"up":{"uv":[5,0,8,1],"rotation":180,"texture":"#0","tintindex":0},"down":{"uv":[0,4,1,5],"texture":"#0","tintindex":0}}}],"display":{"thirdperson_righthand":{"rotation":[90.0,0.0,0.0],"translation":[-1.0,-3.09375,21.074219],"scale":[0.9667969,0.9667969,0.9667969]},"thirdperson_lefthand":{"rotation":[36,148,0],"translation":[0.75,1.5,2],"scale":[0.4,0.4,0.4]},"firstperson_righthand":{"rotation":[0,133,0],"translation":[1.75,7.25,0]},"firstperson_lefthand":{"rotation":[0,133,0],"translation":[1.75,7.25,0]},"ground":{"translation":[0,6,0]},"gui":{"rotation":[30,135,0],"translation":[-0.25,5.25,0],"scale":[1.4,1.4,1.4]},"head":{"translation":[0,12.5,1.75],"scale":[1.65,1.65,1.65]},"fixed":{"translation":[0,8.5,-2.25],"scale":[2,2,2]}},"groups":[0,{"name":"group","origin":[8,8,8],"children":[1,2]},{"name":"group","origin":[8,8,8],"children":[3,4]}]}