{"credit":"Made with Blockbench","textures":{"0":"custom/entities/mayor_cat/mayor_hat","particle":"custom/entities/mayor_cat/mayor_hat"},"elements":[{"from":[3,1,3],"to":[13,9,13],"rotation":{"angle":0,"axis":"x","origin":[26,17,-1]},"faces":{"north":{"uv":[11,2.5,13.5,4.5],"texture":"#0","tintindex":0},"east":{"uv":[11,2.5,13.5,4.5],"texture":"#0","tintindex":0},"south":{"uv":[11,2.5,13.5,4.5],"texture":"#0","tintindex":0},"west":{"uv":[11,2.5,13.5,4.5],"texture":"#0","tintindex":0},"up":{"uv":[11,0,13.5,2.5],"texture":"#0","tintindex":0}}},{"from":[2.75,1,2.75],"to":[13.25,3.25,13.25],"rotation":{"angle":0,"axis":"x","origin":[26,17,-1]},"faces":{"north":{"uv":[8.5,3.75,11,4.25],"texture":"#0"},"east":{"uv":[8.5,3.75,11,4.25],"texture":"#0"},"south":{"uv":[8.5,3.75,11,4.25],"texture":"#0"},"west":{"uv":[8.5,3.75,11,4.25],"texture":"#0"}}},{"from":[-4,1,-4],"to":[20,1,20],"rotation":{"angle":0,"axis":"x","origin":[26,17,-1]},"faces":{"up":{"uv":[0,0,6,6],"texture":"#0"},"down":{"uv":[0,0,6,6],"texture":"#0"}}},{"from":[-4,1,-4],"to":[20,1,20],"rotation":{"angle":0,"axis":"x","origin":[26,17,-1]},"faces":{"up":{"uv":[0,6,6,12],"texture":"#0","tintindex":0},"down":{"uv":[0,6,6,12],"texture":"#0","tintindex":0}}},{"name":"cube inverted","from":[13,9,13],"to":[3,1,3],"rotation":{"angle":0,"axis":"x","origin":[26,17,-1]},"faces":{"north":{"uv":[11,4.5,13.5,2.5],"texture":"#0","tintindex":0},"east":{"uv":[11,4.5,13.5,2.5],"texture":"#0","tintindex":0},"south":{"uv":[11,4.5,13.5,2.5],"texture":"#0","tintindex":0},"west":{"uv":[11,4.5,13.5,2.5],"texture":"#0","tintindex":0},"down":{"uv":[13.5,0,11,2.5],"texture":"#0","tintindex":0}}},{"name":"cube inverted","from":[13.25,3.25,13.25],"to":[2.75,1,2.75],"rotation":{"angle":0,"axis":"x","origin":[26,17,-1]},"faces":{"north":{"uv":[8.5,4.25,11,3.75],"texture":"#0"},"east":{"uv":[8.5,4.25,11,3.75],"texture":"#0"},"south":{"uv":[8.5,4.25,11,3.75],"texture":"#0"},"west":{"uv":[8.5,4.25,11,3.75],"texture":"#0"}}}],"display":{"thirdperson_righthand":{"rotation":[55,24,0],"translation":[0,2.75,1.75],"scale":[0.4,0.4,0.4]},"thirdperson_lefthand":{"rotation":[55,24,0],"translation":[0,2.75,1.75],"scale":[0.4,0.4,0.4]},"firstperson_righthand":{"rotation":[0,99,0],"translation":[14.25,4.75,-10.25]},"firstperson_lefthand":{"rotation":[0,99,0],"translation":[14.25,4.75,-10.25]},"ground":{"translation":[0,5.5,0],"scale":[0.4,0.4,0.4]},"gui":{"rotation":[30,135,0],"translation":[0,-1.5,0],"scale":[0.5,0.5,0.5]},"head":{"rotation":[11,0,0],"translation":[0,14.25,2],"scale":[1.55,1.55,1.55]},"fixed":{"rotation":[-90,0,0],"translation":[0,0,-15],"scale":[2,2,2]}},"groups":[{"name":"group","origin":[8,8,8],"color":0,"children":[{"name":"group","origin":[8,8,8],"color":0,"children":[]},{"name":"group","origin":[8,8,8],"color":0,"children":[0,1,2,3,4,5]}]}]}