{"credit":"Made with Blockbench","texture_size":[32,32],"textures":{"0":"custom/cosmetics/axolotl_hat","particle":"custom/cosmetics/axolotl_hat"},"elements":[{"from":[1,1,6],"to":[15,7,6],"faces":{"north":{"uv":[0,8,7,11],"texture":"#0"},"south":{"uv":[0,8,7,11],"texture":"#0"}}},{"from":[8,-5,6],"to":[8,5,16],"faces":{"east":{"uv":[13,7.5,8,12.5],"texture":"#0"},"west":{"uv":[8,7.5,13,12.5],"texture":"#0"}}},{"from":[2,-4,8],"to":[5,1,8],"rotation":{"angle":-22.5,"axis":"z","origin":[3.5,-1.5,8]},"faces":{"north":{"uv":[8,0,9.5,2.5],"texture":"#0"},"south":{"uv":[8,0,9.5,2.5],"texture":"#0"}}},{"from":[11,-4,8],"to":[14,1,8],"rotation":{"angle":22.5,"axis":"z","origin":[12.5,-1.5,8]},"faces":{"north":{"uv":[8,0,9.5,2.5],"texture":"#0"},"south":{"uv":[8,0,9.5,2.5],"texture":"#0"}}},{"from":[4,0,4],"to":[12,4,12],"faces":{"north":{"uv":[0,4,4,6],"texture":"#0","tintindex":0},"east":{"uv":[8,4,4,6],"texture":"#0","tintindex":0},"south":{"uv":[4,2,8,4],"texture":"#0","tintindex":0},"west":{"uv":[4,4,8,6],"texture":"#0","tintindex":0},"up":{"uv":[0,0,4,4],"rotation":180,"texture":"#0","tintindex":0},"down":{"uv":[4,5.5,8,6],"rotation":270,"texture":"#0","tintindex":0}}},{"from":[8,-5,6],"to":[8,5,16],"faces":{"east":{"uv":[13,2.5,8,7.5],"texture":"#0","tintindex":0},"west":{"uv":[8,2.5,13,7.5],"texture":"#0","tintindex":0}}},{"from":[11,-4,8],"to":[14,1,8],"rotation":{"angle":22.5,"axis":"z","origin":[12.5,-1.5,8]},"faces":{"north":{"uv":[9.5,0,11,2.5],"texture":"#0","tintindex":0},"south":{"uv":[9.5,0,11,2.5],"texture":"#0","tintindex":0}}},{"from":[2,-4,8],"to":[5,1,8],"rotation":{"angle":-22.5,"axis":"z","origin":[3.5,-1.5,8]},"faces":{"north":{"uv":[9.5,0,11,2.5],"texture":"#0","tintindex":0},"south":{"uv":[9.5,0,11,2.5],"texture":"#0","tintindex":0}}}],"display":{"ground":{"translation":[0,13.75,0]},"gui":{"rotation":[30,135,0],"translation":[0,6.75,0],"scale":[1.11,1.11,1.11]},"head":{"translation":[0,19,0],"scale":[1.85,1.85,1.85]},"thirdperson_righthand":{"rotation":[90.0,0.0,0.0],"translation":[-1.0,-2.0,24.882812],"scale":[1.0839844,1.0839844,1.0839844]}},"groups":[0,1,2,3,{"name":"group","origin":[0,0,0],"color":0,"children":[4,5,6,7]}]}