{"credit":"Made with Blockbench","textures":{"0":"custom/cosmetics/conductor_hat","particle":"custom/cosmetics/conductor_hat"},"elements":[{"from":[3,7.5,3],"to":[13,17.5,13],"rotation":{"angle":0,"axis":"x","origin":[8,10,8]},"faces":{"north":{"uv":[3.5,3.5,6,6],"texture":"#0","tintindex":0},"east":{"uv":[3.5,3.5,6,6],"texture":"#0","tintindex":0},"south":{"uv":[3.5,3.5,6,6],"texture":"#0","tintindex":0},"west":{"uv":[3.5,3.5,6,6],"texture":"#0","tintindex":0},"down":{"uv":[5,0.25,5.25,0.5],"texture":"#0","tintindex":0}}},{"from":[1,15,-1],"to":[15,29,13],"rotation":{"angle":22.5,"axis":"x","origin":[8,10,8]},"faces":{"north":{"uv":[0,3.5,3.5,7],"texture":"#0","tintindex":0},"east":{"uv":[0,3.5,3.5,7],"texture":"#0","tintindex":0},"south":{"uv":[0,3.5,3.5,7],"texture":"#0","tintindex":0},"west":{"uv":[0,3.5,3.5,7],"texture":"#0","tintindex":0},"up":{"uv":[0,0,3.5,3.5],"texture":"#0","tintindex":0},"down":{"uv":[3.5,0,7,3.5],"texture":"#0","tintindex":0}}},{"from":[3,7.5,2],"to":[7,11.5,3],"rotation":{"angle":0,"axis":"x","origin":[8,10,8]},"faces":{"north":{"uv":[3.75,6.25,4.75,7.25],"texture":"#0"},"east":{"uv":[4.75,6.25,5,7.25],"texture":"#0"},"west":{"uv":[4.75,6.25,5,7.25],"texture":"#0"},"up":{"uv":[3.75,6,4.75,6.25],"texture":"#0"},"down":{"uv":[3.75,7,4.75,7.25],"texture":"#0"}}},{"from":[9,7.5,2],"to":[13,11.5,3],"rotation":{"angle":0,"axis":"x","origin":[8,10,8]},"faces":{"north":{"uv":[3.75,6.25,4.75,7.25],"texture":"#0"},"east":{"uv":[4.75,6.25,5,7.25],"texture":"#0"},"west":{"uv":[4.75,6.25,5,7.25],"texture":"#0"},"up":{"uv":[3.75,6,4.75,6.25],"texture":"#0"},"down":{"uv":[3.75,7,4.75,7.25],"texture":"#0"}}},{"from":[2.9,7.4,2.9],"to":[13.1,17.6,13.1],"rotation":{"angle":0,"axis":"x","origin":[8,10,8]},"faces":{"north":{"uv":[11.5,3.5,14,6],"texture":"#0"},"east":{"uv":[11.5,3.5,14,6],"texture":"#0"},"south":{"uv":[11.5,3.5,14,6],"texture":"#0"},"west":{"uv":[11.5,3.5,14,6],"texture":"#0"}}},{"from":[0.9,14.9,-1.1],"to":[15.1,29.1,13.1],"rotation":{"angle":22.5,"axis":"x","origin":[8,10,8]},"faces":{"north":{"uv":[8,3.5,11.5,7],"texture":"#0"},"east":{"uv":[8,3.5,11.5,7],"texture":"#0"},"south":{"uv":[8,3.5,11.5,7],"texture":"#0"},"west":{"uv":[8,3.5,11.5,7],"texture":"#0"},"up":{"uv":[8,0,11.5,3.5],"texture":"#0"},"down":{"uv":[11.5,0,15,3.5],"texture":"#0"}}}],"display":{"thirdperson_righthand":{"rotation":[43.0,-51.0,-0.0],"translation":[-1.9375,-0.125,1.5625],"scale":[0.375,0.375,0.375]},"thirdperson_lefthand":{"rotation":[43,51,0],"translation":[0,0,1],"scale":[0.4,0.4,0.4]},"firstperson_righthand":{"rotation":[0,125,0],"translation":[13.75,-9,-11.5]},"firstperson_lefthand":{"rotation":[0,125,0],"translation":[13.75,-9,-11.5]},"ground":{"scale":[0.4,0.4,0.4]},"gui":{"rotation":[30,135,0],"translation":[-0.5,-4.75,0],"scale":[0.5,0.5,0.5]},"head":{"rotation":[8,0,0],"translation":[0,5.75,0.25],"scale":[1.6,1.6,1.6]},"fixed":{"rotation":[-90,0,0],"translation":[0,0,-2],"scale":[2,2,2]}},"groups":[{"name":"group","origin":[8,8,8],"children":[0,1,2,3]},4,5]}