{"credit":"Made with Blockbench","textures":{"0":"custom/cosmetics/beard1","particle":"custom/cosmetics/beard1"},"elements":[{"from":[3,-3,9],"to":[13,6,9],"rotation":{"angle":0,"axis":"y","origin":[8,8,12]},"faces":{"north":{"uv":[0,5,10,14],"texture":"#0","tintindex":0},"south":{"uv":[0,5,10,14],"texture":"#0","tintindex":0}}},{"from":[4,1,8],"to":[12,6,9],"rotation":{"angle":0,"axis":"y","origin":[8,8,12]},"faces":{"north":{"uv":[0,0,8,5],"texture":"#0","tintindex":0},"east":{"uv":[0,0,1,5],"texture":"#0","tintindex":0},"south":{"uv":[0,0,8,5],"texture":"#0","tintindex":0},"west":{"uv":[0,0,1,5],"texture":"#0","tintindex":0},"up":{"uv":[0,0,8,1],"texture":"#0","tintindex":0},"down":{"uv":[0,4,8,5],"texture":"#0","tintindex":0}}}],"display":{"thirdperson_righthand":{"rotation":[54.0,-24.0,-0.0],"translation":[-1.9375,1.28125,1.5625],"scale":[0.375,0.375,0.375]},"thirdperson_lefthand":{"rotation":[54,24,0],"translation":[0,1.5,1],"scale":[0.4,0.4,0.4]},"firstperson_righthand":{"rotation":[0,136,0],"translation":[3,7.25,0]},"firstperson_lefthand":{"rotation":[0,136,0],"translation":[3,7.25,0]},"ground":{"translation":[0,5.5,0],"scale":[0.5,0.5,0.5]},"gui":{"translation":[0,10.25,0],"scale":[1.59,1.59,1.59]},"head":{"translation":[0,1.75,-8],"scale":[1.6,1.6,1.6]},"fixed":{"translation":[0,10.25,-2.75],"scale":[2,2,2]}},"groups":[{"name":"group","origin":[8,8,8],"children":[0,1]}]}