{"credit":"Made with Blockbench","textures":{"0":"custom/cosmetics/bud_crown","particle":"custom/cosmetics/bud_crown"},"elements":[{"from":[-2,2,-1],"to":[18,2,15],"rotation":{"angle":-22.5,"axis":"x","origin":[8,8,8]},"faces":{"up":{"uv":[0,0,10,8],"rotation":180,"texture":"#0"},"down":{"uv":[10,0,0,8],"texture":"#0"}}},{"from":[3.3,6.8,3.3],"to":[12.7,9.2,12.7],"rotation":{"angle":0,"axis":"x","origin":[8,7,7]},"faces":{"north":{"uv":[4,15,8.5,16],"texture":"#0"},"east":{"uv":[4,15,8.5,16],"texture":"#0"},"south":{"uv":[4,15,8.5,16],"texture":"#0"},"west":{"uv":[4,15,8.5,16],"texture":"#0"},"up":{"uv":[4,10.5,8.5,15],"texture":"#0"},"down":{"uv":[4,10.5,8.5,15],"texture":"#0"}}},{"from":[12.7,9.2,12.7],"to":[3.3,6.8,3.3],"rotation":{"angle":0,"axis":"x","origin":[8,7,7]},"faces":{"north":{"uv":[8.5,15,13,16],"rotation":180,"texture":"#0"},"east":{"uv":[8.5,15,13,16],"rotation":180,"texture":"#0"},"south":{"uv":[8.5,15,13,16],"rotation":180,"texture":"#0"},"west":{"uv":[8.5,15,13,16],"rotation":180,"texture":"#0"},"up":{"uv":[4,10.5,8.5,15],"texture":"#0"},"down":{"uv":[4,10.5,8.5,15],"texture":"#0"}}},{"from":[5.5,8,4.5],"to":[10.5,14,4.5],"rotation":{"angle":-45,"axis":"x","origin":[8,7,4.5]},"faces":{"north":{"uv":[1,13,3.5,16],"texture":"#0"},"south":{"uv":[1,13,3.5,16],"texture":"#0"}}},{"from":[4.5,8,5.5],"to":[4.5,14,10.5],"rotation":{"angle":45,"axis":"z","origin":[4.5,7,8]},"faces":{"east":{"uv":[1,13,3.5,16],"texture":"#0"},"west":{"uv":[1,13,3.5,16],"texture":"#0"}}},{"from":[11.5,8,5.5],"to":[11.5,14,10.5],"rotation":{"angle":-45,"axis":"z","origin":[11.5,7,8]},"faces":{"east":{"uv":[1,13,3.5,16],"texture":"#0"},"west":{"uv":[1,13,3.5,16],"texture":"#0"}}},{"from":[5.5,8,11.5],"to":[10.5,14,11.5],"rotation":{"angle":45,"axis":"x","origin":[8,7,11.5]},"faces":{"north":{"uv":[1,13,3.5,16],"texture":"#0"},"south":{"uv":[1,13,3.5,16],"texture":"#0"}}},{"from":[3.15,6.65,3.15],"to":[12.85,9.35,12.85],"rotation":{"angle":0,"axis":"x","origin":[8,7,7]},"faces":{"north":{"uv":[4,9.5,8.5,10.5],"texture":"#0","tintindex":0},"east":{"uv":[4,9.5,8.5,10.5],"texture":"#0","tintindex":0},"south":{"uv":[4,9.5,8.5,10.5],"texture":"#0","tintindex":0},"west":{"uv":[4,9.5,8.5,10.5],"texture":"#0","tintindex":0}}}],"display":{"thirdperson_righthand":{"rotation":[90.0,0.0,0.0],"translation":[-1.0,-2.0,17.705078],"scale":[0.9375,0.9375,0.9375]},"thirdperson_lefthand":{"rotation":[41,0,0],"translation":[0,0,2.25],"scale":[0.4,0.4,0.4]},"firstperson_righthand":{"rotation":[0,125,0],"translation":[3.75,0,-3]},"firstperson_lefthand":{"rotation":[0,125,0],"translation":[3.75,0,-3]},"ground":{"translation":[0,4,0],"scale":[0.4,0.4,0.4]},"gui":{"rotation":[30,135,0],"translation":[-0.5,0.25,0],"scale":[0.7,0.7,0.7]},"head":{"translation":[0,6.75,0],"scale":[1.6,1.6,1.6]},"fixed":{"rotation":[-90,0,0],"translation":[0,0,-0.25],"scale":[2,2,2]}},"groups":[0,{"name":"group","origin":[8,8,8],"children":[1,2,{"name":"group","origin":[8,8,7],"children":[]},3,4,5,6]},7]}