{"credit":"Made with Blockbench","texture_size":[64,64],"textures":{"0":"custom/cosmetics/burger_hat","particle":"custom/cosmetics/burger_hat"},"elements":[{"from":[2.5,3.4,2.5],"to":[13.5,8.4,13.5],"rotation":{"angle":0,"axis":"y","origin":[0,0.4,0]},"faces":{"north":{"uv":[0,0,2.5,1.25],"texture":"#0"},"east":{"uv":[10,0,7.5,1.25],"texture":"#0"},"south":{"uv":[5,0,7.5,1.25],"texture":"#0"},"west":{"uv":[2.5,0,5,1.25],"texture":"#0"},"up":{"uv":[0,1.25,2.5,3.75],"rotation":180,"texture":"#0"}}},{"from":[2.25,3.15,2.25],"to":[13.75,8.65,13.75],"rotation":{"angle":0,"axis":"y","origin":[0,0.4,0]},"faces":{"north":{"uv":[0,3.75,2.5,5],"texture":"#0"},"east":{"uv":[10,3.75,7.5,5],"texture":"#0"},"south":{"uv":[5,3.75,7.5,5],"texture":"#0"},"west":{"uv":[2.5,3.75,5,5],"texture":"#0"},"up":{"uv":[0,5,2.5,7.5],"rotation":180,"texture":"#0"}}},{"from":[2,0,2],"to":[14,2,14],"faces":{"north":{"uv":[0,7.5,3,8],"texture":"#0"},"east":{"uv":[0,7.5,3,8],"texture":"#0"},"south":{"uv":[0,7.5,3,8],"texture":"#0"},"west":{"uv":[0,7.5,3,8],"texture":"#0"},"up":{"uv":[0,8,3,11],"texture":"#0"},"down":{"uv":[3,8,6,11],"texture":"#0"}}},{"from":[2.5,-2,2.5],"to":[13.5,0,13.5],"rotation":{"angle":0,"axis":"y","origin":[0.5,0,-0.5]},"faces":{"north":{"uv":[10,0.5,12.5,1],"texture":"#0"},"east":{"uv":[10,0,12.5,0.5],"texture":"#0"},"south":{"uv":[10,0,12.5,0.5],"texture":"#0"},"west":{"uv":[10,0,12.5,0.5],"texture":"#0"}}},{"from":[4,-2,2],"to":[12,2,2],"rotation":{"angle":45,"axis":"x","origin":[8,2,2]},"faces":{"north":{"uv":[0.5,11,2.5,12],"texture":"#0"},"south":{"uv":[0.5,11,2.5,12],"texture":"#0"}}},{"from":[4,-2,14],"to":[12,2,14],"rotation":{"angle":-45,"axis":"x","origin":[8,2,14]},"faces":{"north":{"uv":[2.5,11,0.5,12],"texture":"#0"},"south":{"uv":[2.5,11,0.5,12],"texture":"#0"}}},{"from":[2.75736,-6.65685,4],"to":[2.75736,-2.65685,12],"rotation":{"angle":-45,"axis":"z","origin":[8,0.58579,8]},"faces":{"east":{"uv":[2.5,11,0.5,12],"texture":"#0"},"west":{"uv":[2.5,11,0.5,12],"texture":"#0"}}},{"from":[13.24264,-6.65685,4],"to":[13.24264,-2.65685,12],"rotation":{"angle":45,"axis":"z","origin":[8,0.58579,8]},"faces":{"east":{"uv":[0.5,11,2.5,12],"texture":"#0"},"west":{"uv":[0.5,11,2.5,12],"texture":"#0"}}},{"from":[0.5,1.9,1],"to":[10.5,2.9,11],"rotation":{"angle":0,"axis":"x","origin":[5.5,2.4,6]},"faces":{"north":{"uv":[6,10.25,8.5,10.5],"texture":"#0"},"east":{"uv":[6,10.25,8.5,10.5],"texture":"#0"},"south":{"uv":[6,10.25,8.5,10.5],"texture":"#0"},"west":{"uv":[6,10.25,8.5,10.5],"texture":"#0"},"up":{"uv":[6,8,8.5,10.5],"texture":"#0"},"down":{"uv":[6,8,8.5,10.5],"texture":"#0"}}},{"from":[5,2.35,5],"to":[15,3.35,15],"rotation":{"angle":0,"axis":"y","origin":[0,-0.6,0]},"faces":{"north":{"uv":[8.5,10.25,11,10.5],"texture":"#0"},"east":{"uv":[8.5,10.25,11,10.5],"texture":"#0"},"south":{"uv":[8.5,10.25,11,10.5],"texture":"#0"},"west":{"uv":[8.5,10.25,11,10.5],"texture":"#0"},"up":{"uv":[8.5,8,11,10.5],"texture":"#0"},"down":{"uv":[8.5,8,11,10.5],"texture":"#0"}}},{"from":[2,3.4,2],"to":[14,3.4,14],"rotation":{"angle":0,"axis":"y","origin":[0,-0.6,0]},"faces":{"north":{"uv":[0,0,3,0],"texture":"#missing"},"east":{"uv":[0,0,3,0],"texture":"#missing"},"south":{"uv":[0,0,3,0],"texture":"#missing"},"west":{"uv":[0,0,3,0],"texture":"#missing"},"up":{"uv":[11,8,14,11],"texture":"#0"},"down":{"uv":[11,8,14,11],"texture":"#0"}}},{"from":[2,3.4,-2],"to":[14,3.4,2],"rotation":{"angle":0,"axis":"x","origin":[8,3.4,2]},"faces":{"up":{"uv":[11,11,14,12],"rotation":180,"texture":"#0"},"down":{"uv":[11,11,14,12],"texture":"#0"}}},{"from":[2,3.4,14],"to":[14,3.4,18],"rotation":{"angle":0,"axis":"x","origin":[0,-0.6,16]},"faces":{"up":{"uv":[11,12,14,11],"rotation":180,"texture":"#0"},"down":{"uv":[11,12,14,11],"texture":"#0"}}},{"from":[14,3.4,2],"to":[18,3.4,14],"rotation":{"angle":0,"axis":"y","origin":[0,-0.6,0]},"faces":{"up":{"uv":[11,11,14,12],"rotation":270,"texture":"#0"},"down":{"uv":[11,11,14,12],"rotation":270,"texture":"#0"}}},{"from":[-2,3.4,2],"to":[2,3.4,14],"rotation":{"angle":0,"axis":"x","origin":[2,3.4,8]},"faces":{"up":{"uv":[11,12,14,11],"rotation":270,"texture":"#0"},"down":{"uv":[11,12,14,11],"rotation":270,"texture":"#0"}}},{"from":[2.5,-2,-2.5],"to":[13.5,-2,2.5],"rotation":{"angle":-22.5,"axis":"x","origin":[8.5,-2,2.5]},"faces":{"up":{"uv":[10,3,12.5,4.25],"rotation":180,"texture":"#0"},"down":{"uv":[10,3,12.5,4.25],"texture":"#0"}}},{"from":[2.5,-2,-2.5],"to":[13.5,-2,2.5],"rotation":{"angle":-22.5,"axis":"x","origin":[8.5,-2,2.5]},"faces":{"up":{"uv":[12.5,3,15,4.25],"rotation":180,"texture":"#0","tintindex":0},"down":{"uv":[12.5,3,15,4.25],"texture":"#0","tintindex":0}}},{"from":[2.5,-2,2.5],"to":[13.5,0,13.5],"rotation":{"angle":0,"axis":"y","origin":[0.5,0,-0.5]},"faces":{"north":{"uv":[12.5,4.5,15,5],"texture":"#0","tintindex":0},"east":{"uv":[12.5,0,15,0.5],"texture":"#0","tintindex":0},"south":{"uv":[12.5,0,15,0.5],"texture":"#0","tintindex":0},"west":{"uv":[12.5,0,15,0.5],"texture":"#0","tintindex":0},"down":{"uv":[12.5,0.5,15,3],"texture":"#0","tintindex":0}}},{"from":[9,8.4,8.5],"to":[10,16.4,8.5],"rotation":{"angle":-22.5,"axis":"z","origin":[5.5,11.4,7]},"faces":{"north":{"uv":[10.25,4.5,10.5,6.5],"texture":"#0"},"south":{"uv":[10.25,4.5,10.5,6.5],"texture":"#0"}}},{"from":[9.5,8.4,8],"to":[9.5,16.4,9],"rotation":{"angle":-22.5,"axis":"z","origin":[5.5,11.4,7]},"faces":{"east":{"uv":[10.25,4.5,10.5,6.5],"texture":"#0"},"west":{"uv":[10.25,4.5,10.5,6.5],"texture":"#0"}}},{"from":[8.5,13.4,7.5],"to":[10.5,15.4,9.5],"rotation":{"angle":-22.5,"axis":"z","origin":[5.5,11.4,7]},"faces":{"north":{"uv":[10.5,4.75,11,5.25],"texture":"#0"},"east":{"uv":[10.5,4.75,11,5.25],"texture":"#0"},"south":{"uv":[10.5,4.75,11,5.25],"texture":"#0"},"west":{"uv":[10.5,4.75,11,5.25],"texture":"#0"},"up":{"uv":[10.5,5.25,11,5.75],"rotation":90,"texture":"#0"},"down":{"uv":[10.5,5.75,11,6.25],"texture":"#0"}}},{"name":"cube inverted","from":[12.75,8.65,3.25],"to":[12.75,3.15,3.25],"rotation":{"angle":0,"axis":"y","origin":[0,0.4,0]},"faces":{"north":{"uv":[5,5,7.5,3.75],"texture":"#0"},"east":{"uv":[2.5,5,5,3.75],"texture":"#0"},"south":{"uv":[0,5,2.5,3.75],"texture":"#0"},"west":{"uv":[10,5,7.5,3.75],"texture":"#0"},"down":{"uv":[2.5,5,0,7.5],"rotation":180,"texture":"#0"}}},{"name":"cube inverted","from":[13.75,8.65,13.75],"to":[2.25,3.15,2.25],"rotation":{"angle":0,"axis":"y","origin":[0,0.4,0]},"faces":{"north":{"uv":[5,5,7.5,3.75],"texture":"#0"},"east":{"uv":[2.5,5,5,3.75],"texture":"#0"},"south":{"uv":[0,5,2.5,3.75],"texture":"#0"},"west":{"uv":[10,5,7.5,3.75],"texture":"#0"},"down":{"uv":[2.5,5,0,7.5],"rotation":180,"texture":"#0"}}}],"display":{"thirdperson_righthand":{"rotation":[94,0,0],"translation":[-1,-2.78125,24.29688],"scale":[0.9375,0.9375,0.9375]},"gui":{"rotation":[24,135,0],"translation":[0.25,2.5,0],"scale":[0.65,0.65,0.65]},"head":{"rotation":[4,0,0],"translation":[0,18,1.25],"scale":[1.6,1.6,1.6]}},"groups":[0,1,2,3,4,5,6,7,8,9,10,11,12,13,14,15,16,17,{"name":"group","origin":[5.5,13,6],"color":0,"children":[18,19,20]},21,22]}