{"credit":"Made with Blockbench","texture_size":[64,64],"textures":{"0":"custom/cosmetics/cardboard_suit","particle":"custom/cosmetics/cardboard_suit"},"elements":[{"from":[2,0,2],"to":[14,12,14],"faces":{"north":{"uv":[3.25,0,6.25,3],"texture":"#0"},"east":{"uv":[0,0,3,3],"texture":"#0"},"south":{"uv":[3.25,0,6.25,3],"texture":"#0"},"west":{"uv":[0,0,3,3],"texture":"#0"},"down":{"uv":[0,3.25,3,6.25],"rotation":90,"texture":"#0"}}},{"from":[2.05,11,-3],"to":[13.95,12,2],"rotation":{"angle":-45,"axis":"x","origin":[8,12,2]},"faces":{"north":{"uv":[3.25,4.25,6.25,4.5],"rotation":180,"texture":"#0"},"east":{"uv":[3.25,3.25,3.5,4.5],"rotation":90,"texture":"#0"},"south":{"uv":[3.25,3.25,6.25,3.5],"rotation":180,"texture":"#0"},"west":{"uv":[3.25,3.25,3.5,4.5],"rotation":90,"texture":"#0"},"up":{"uv":[3.25,3.25,6.25,4.5],"rotation":180,"texture":"#0"},"down":{"uv":[3.25,4.5,6.25,3.25],"rotation":180,"texture":"#0"}}},{"name":"cube inverted","from":[14,12,14],"to":[2,0,2],"faces":{"north":{"uv":[6.5,3,9.5,0],"texture":"#0"},"east":{"uv":[6.5,3,9.5,0],"texture":"#0"},"south":{"uv":[6.5,3,9.5,0],"texture":"#0"},"west":{"uv":[6.5,3,9.5,0],"texture":"#0"},"up":{"uv":[6.5,2.5,7,3],"rotation":90,"texture":"#0"}}},{"from":[3,12,2],"to":[5,12,9],"rotation":{"angle":-45,"axis":"x","origin":[4,12,2]},"faces":{"up":{"uv":[3.25,6.5,3.75,4.75],"texture":"#0"},"down":{"uv":[3.25,4.75,3.75,6.5],"texture":"#0"}}},{"from":[11,12,2],"to":[13,12,9],"rotation":{"angle":-45,"axis":"x","origin":[12,12,2]},"faces":{"up":{"uv":[3.75,6.5,3.25,4.75],"texture":"#0"},"down":{"uv":[3.75,4.75,3.25,6.5],"texture":"#0"}}},{"from":[3,12,7],"to":[5,12,14],"rotation":{"angle":45,"axis":"x","origin":[4,12,14]},"faces":{"up":{"uv":[3.25,4.75,3.75,6.5],"texture":"#0"},"down":{"uv":[3.25,6.5,3.75,4.75],"texture":"#0"}}},{"from":[3,16.94945,6.95096],"to":[5,16.94945,9.05096],"rotation":{"angle":0,"axis":"x","origin":[4,10.94945,14.05096]},"faces":{"up":{"uv":[3.25,5.25,3.75,4.75],"texture":"#0"},"down":{"uv":[3.25,5.25,3.75,4.75],"texture":"#0"}}},{"from":[11,16.94945,6.95096],"to":[13,16.94945,9.05096],"rotation":{"angle":0,"axis":"x","origin":[12,10.94945,14.05096]},"faces":{"up":{"uv":[3.75,5.25,3.25,4.75],"texture":"#0"},"down":{"uv":[3.75,5.25,3.25,4.75],"texture":"#0"}}},{"from":[11,12,7],"to":[13,12,14],"rotation":{"angle":45,"axis":"x","origin":[12,12,14]},"faces":{"up":{"uv":[3.75,4.75,3.25,6.5],"texture":"#0"},"down":{"uv":[3.75,6.5,3.25,4.75],"texture":"#0"}}},{"from":[2.05,11,14],"to":[13.95,12,19],"rotation":{"angle":45,"axis":"x","origin":[8,12,14]},"faces":{"north":{"uv":[6.25,3.25,3.25,3.5],"rotation":180,"texture":"#0"},"east":{"uv":[3.25,4.5,3.5,3.25],"rotation":90,"texture":"#0"},"south":{"uv":[6.25,4.25,3.25,4.5],"rotation":180,"texture":"#0"},"west":{"uv":[3.25,4.5,3.5,3.25],"rotation":90,"texture":"#0"},"up":{"uv":[3.25,4.5,6.25,3.25],"rotation":180,"texture":"#0"},"down":{"uv":[3.25,3.25,6.25,4.5],"rotation":180,"texture":"#0"}}},{"from":[6,5,1.9],"to":[10,7,1.9],"faces":{"north":{"uv":[4,4.75,5,5.25],"texture":"#0","tintindex":0},"south":{"uv":[4,4.75,5,5.25],"texture":"#0","tintindex":0}}},{"from":[6,5,14.1],"to":[10,7,14.1],"rotation":{"angle":0,"axis":"y","origin":[0,0,16]},"faces":{"north":{"uv":[5,4.75,4,5.25],"texture":"#0","tintindex":0},"south":{"uv":[5,4.75,4,5.25],"texture":"#0","tintindex":0}}}],"display":{"gui":{"rotation":[27,-45,0],"scale":[0.68,0.68,0.68]},"head":{"rotation":[4,0,0],"translation":[0,-53,-0.75],"scale":[1.6,1.6,1.6]},"thirdperson_righthand":{"rotation":[94.0,0,0],"translation":[-1.0,-1.53125,14.474998],"scale":[1.0,1.0,1.0]}}}