{"credit":"Made with Blockbench","texture_size":[64,64],"textures":{"0":"custom/cosmetics/cardboard_suit","particle":"custom/cosmetics/cardboard_suit"},"elements":[{"from":[2,0,2],"to":[14,12,14],"rotation":{"angle":0,"axis":"x","origin":[-1,0,-1]},"faces":{"north":{"uv":[0,6.5,3,9.5],"texture":"#0"},"east":{"uv":[6.25,6.5,3.25,9.5],"texture":"#0"},"south":{"uv":[6.5,9.75,9.5,12.75],"texture":"#0"},"west":{"uv":[3.25,6.5,6.25,9.5],"texture":"#0"},"up":{"uv":[6.5,6.5,9.5,9.5],"texture":"#0"}}},{"from":[9.75,2,0],"to":[14.75,7,4],"rotation":{"angle":-22.5,"axis":"y","origin":[14.5,4.5,1]},"faces":{"north":{"uv":[1.25,9.5,0,10.75],"texture":"#0"},"east":{"uv":[2.25,9.5,1.25,10.75],"texture":"#0"},"west":{"uv":[1.25,9.5,2.25,10.75],"texture":"#0"},"up":{"uv":[1.25,10.75,0,11.75],"texture":"#0"},"down":{"uv":[2.25,10.75,1.25,10.5],"rotation":90,"texture":"#0"}}},{"from":[1.25,2,0],"to":[6.25,7,4],"rotation":{"angle":22.5,"axis":"y","origin":[1.5,4.5,1]},"faces":{"north":{"uv":[0,9.5,1.25,10.75],"texture":"#0"},"east":{"uv":[2.25,9.5,1.25,10.75],"texture":"#0"},"west":{"uv":[1.25,9.5,2.25,10.75],"texture":"#0"},"up":{"uv":[0,10.75,1.25,11.75],"texture":"#0"},"down":{"uv":[2.25,10.5,1.25,10.75],"rotation":90,"texture":"#0"}}},{"from":[1.25,2,0],"to":[6.25,7,4],"rotation":{"angle":22.5,"axis":"y","origin":[1.5,4.5,1]},"faces":{"north":{"uv":[2.25,9.5,3.5,10.75],"texture":"#0","tintindex":0}}},{"from":[9.75,2,0],"to":[14.75,7,4],"rotation":{"angle":-22.5,"axis":"y","origin":[14.5,4.5,1]},"faces":{"north":{"uv":[3.5,9.5,2.25,10.75],"texture":"#0","tintindex":0}}},{"from":[10,5,4],"to":[12,15,6],"rotation":{"angle":-45,"axis":"z","origin":[19,5,0]},"faces":{"north":{"uv":[10.75,6.5,11.25,9],"texture":"#0"},"east":{"uv":[11.25,6.5,10.75,9],"texture":"#0"},"south":{"uv":[10.75,6.5,11.25,9],"texture":"#0"},"west":{"uv":[11.25,6.5,10.75,9],"texture":"#0"}}},{"name":"cube inverted","from":[12,15,6],"to":[10,5,4],"rotation":{"angle":-45,"axis":"z","origin":[19,5,0]},"faces":{"north":{"uv":[10.25,9,10.5,6.5],"texture":"#0"},"east":{"uv":[10.5,9,10.25,6.5],"texture":"#0"},"south":{"uv":[10.25,9,10.5,6.5],"texture":"#0"},"west":{"uv":[10.5,9,10.25,6.5],"texture":"#0"}}},{"from":[4,5,4],"to":[6,15,6],"rotation":{"angle":45,"axis":"z","origin":[-3,5,0]},"faces":{"north":{"uv":[11.25,6.5,10.75,9],"texture":"#0"},"east":{"uv":[10.75,6.5,11.25,9],"texture":"#0"},"south":{"uv":[11.25,6.5,10.75,9],"texture":"#0"},"west":{"uv":[10.75,6.5,11.25,9],"texture":"#0"}}},{"name":"cube inverted","from":[6,15,6],"to":[4,5,4],"rotation":{"angle":45,"axis":"z","origin":[-3,5,0]},"faces":{"north":{"uv":[10.5,9,10.25,6.5],"texture":"#0"},"east":{"uv":[10.25,9,10.5,6.5],"texture":"#0"},"south":{"uv":[10.5,9,10.25,6.5],"texture":"#0"},"west":{"uv":[10.25,9,10.5,6.5],"texture":"#0"}}},{"from":[3,7,14.05],"to":[5,9,14.05],"rotation":{"angle":0,"axis":"y","origin":[0,0,-1]},"faces":{"north":{"uv":[4,5.5,4.5,6],"texture":"#0","tintindex":0},"south":{"uv":[4,5.5,4.5,6],"texture":"#0","tintindex":0}}},{"from":[-2.74264,-2.31802,2.05],"to":[2.25736,-1.31802,13.95],"rotation":{"angle":-22.5,"axis":"z","origin":[8,-1.06066,8]},"faces":{"north":{"uv":[6.5,4.5,6.75,3.25],"rotation":90,"texture":"#0"},"east":{"uv":[9.5,3.25,6.5,3.5],"texture":"#0"},"south":{"uv":[6.5,4.5,6.75,3.25],"rotation":90,"texture":"#0"},"west":{"uv":[9.5,4.25,6.5,4.5],"texture":"#0"},"up":{"uv":[6.5,4.5,9.5,3.25],"rotation":270,"texture":"#0"},"down":{"uv":[6.5,4.5,9.5,3.25],"rotation":270,"texture":"#0"}}},{"from":[13.74264,-2.31802,2.05],"to":[18.74264,-1.31802,13.95],"rotation":{"angle":22.5,"axis":"z","origin":[8,-1.06066,8]},"faces":{"north":{"uv":[6.5,3.25,6.75,4.5],"rotation":90,"texture":"#0"},"east":{"uv":[6.5,4.25,9.5,4.5],"texture":"#0"},"south":{"uv":[6.5,3.25,6.75,4.5],"rotation":90,"texture":"#0"},"west":{"uv":[6.5,3.25,9.5,3.5],"texture":"#0"},"up":{"uv":[6.5,3.25,9.5,4.5],"rotation":270,"texture":"#0"},"down":{"uv":[6.5,3.25,9.5,4.5],"rotation":270,"texture":"#0"}}},{"from":[17.75,11.75,5],"to":[19.75,15.75,5],"faces":{"north":{"uv":[11.5,6.5,12,7.5],"texture":"#0"},"south":{"uv":[11.5,6.5,12,7.5],"texture":"#0"}}},{"from":[-3.75,8.75,5],"to":[-1.75,15.75,5],"rotation":{"angle":0,"axis":"y","origin":[16,0,0]},"faces":{"north":{"uv":[12.75,6.5,12.25,8.25],"texture":"#0"},"south":{"uv":[12.75,6.5,12.25,8.25],"texture":"#0"}}},{"name":"cube inverted","from":[14,12,14],"to":[2,0,2],"rotation":{"angle":0,"axis":"x","origin":[-1,0,-1]},"faces":{"north":{"uv":[6.5,12.75,9.5,9.75],"texture":"#0"},"east":{"uv":[3.25,9.5,6.25,6.5],"texture":"#0"},"south":{"uv":[0,9.5,3,6.5],"texture":"#0"},"west":{"uv":[6.25,9.5,3.25,6.5],"texture":"#0"},"down":{"uv":[9.5,6.5,6.5,9.5],"texture":"#0"}}},{"name":"cube inverted","from":[14.75,7,4],"to":[9.75,2,0],"rotation":{"angle":-22.5,"axis":"y","origin":[14.5,4.5,1]},"faces":{"east":{"uv":[1.25,10.75,2.25,9.5],"texture":"#0"},"south":{"uv":[1.25,10.75,0,9.5],"texture":"#0"},"west":{"uv":[2.25,10.75,1.25,9.5],"texture":"#0"},"up":{"uv":[2.25,10.5,1.25,10.75],"rotation":90,"texture":"#0"},"down":{"uv":[0,10.75,1.25,11.75],"texture":"#0"}}},{"name":"cube inverted","from":[6.25,7,4],"to":[1.25,2,0],"rotation":{"angle":22.5,"axis":"y","origin":[1.5,4.5,1]},"faces":{"east":{"uv":[1.25,10.75,2.25,9.5],"texture":"#0"},"south":{"uv":[0,10.75,1.25,9.5],"texture":"#0"},"west":{"uv":[2.25,10.75,1.25,9.5],"texture":"#0"},"up":{"uv":[2.25,10.75,1.25,10.5],"rotation":90,"texture":"#0"},"down":{"uv":[1.25,10.75,0,11.75],"texture":"#0"}}}],"display":{"gui":{"rotation":[30,140,0],"translation":[0.5,0,0],"scale":[0.62,0.62,0.62]},"head":{"rotation":[2,0,6],"translation":[-1.25,6.75,0.75],"scale":[1.6,1.6,1.6]},"thirdperson_righthand":{"rotation":[92.0,0,6],"translation":[-1.78125,-2.46875,17.705078],"scale":[0.9375,0.9375,0.9375]}},"groups":[0,1,2,3,4,{"name":"group","origin":[0,0,0],"color":0,"children":[]},{"name":"group","origin":[0,0,0],"color":0,"children":[5,6,7,8]},9,10,11,12,13,14,15,16]}