{"credit":"Made with Blockbench","texture_size":[32,32],"textures":{"0":"custom/cosmetics/chef_hat","particle":"custom/cosmetics/chef_hat"},"elements":[{"from":[4,0,4],"to":[12,5,12],"faces":{"north":{"uv":[0,10,4,12.5],"texture":"#0"},"east":{"uv":[0,10,4,12.5],"texture":"#0"},"south":{"uv":[0,10,4,12.5],"texture":"#0"},"west":{"uv":[0,10,4,12.5],"texture":"#0"},"up":{"uv":[8.5,2,9,2.5],"texture":"#0"}}},{"from":[12,5,12],"to":[4,0,4],"faces":{"north":{"uv":[0,10,4,12.5],"rotation":180,"texture":"#0"},"east":{"uv":[0,10,4,12.5],"rotation":180,"texture":"#0"},"south":{"uv":[0,10,4,12.5],"rotation":180,"texture":"#0"},"west":{"uv":[0,10,4,12.5],"rotation":180,"texture":"#0"},"down":{"uv":[8.5,2,9,2.5],"texture":"#0"}}},{"from":[2,4,2],"to":[14,12,14],"rotation":{"angle":22.5,"axis":"x","origin":[8,5,8]},"faces":{"north":{"uv":[0,6,6,10],"texture":"#0"},"east":{"uv":[0,6,6,10],"texture":"#0"},"south":{"uv":[0,6,6,10],"texture":"#0"},"west":{"uv":[0,6,6,10],"texture":"#0"},"up":{"uv":[0,0,6,6],"texture":"#0"},"down":{"uv":[6,0,12,6],"texture":"#0"}}},{"from":[3.75,-0.25,3.75],"to":[12.25,5.25,12.25],"faces":{"north":{"uv":[4,10,8,12.5],"texture":"#0","tintindex":0},"east":{"uv":[4,10,8,12.5],"texture":"#0","tintindex":0},"south":{"uv":[4,10,8,12.5],"texture":"#0","tintindex":0},"west":{"uv":[4,10,8,12.5],"texture":"#0","tintindex":0}}}],"display":{"gui":{"rotation":[30,135,0],"translation":[-0.75,1.25,0],"scale":[0.86,0.86,0.86]},"head":{"translation":[0,16.5,0],"scale":[1.84,1.84,1.84]},"thirdperson_righthand":{"rotation":[90.0,0.0,0.0],"translation":[-1.0,-2.0,23.417969],"scale":[1.078125,1.078125,1.078125]}}}