{"credit":"Made with Blockbench","textures":{"0":"custom/cosmetics/coal_pack","particle":"custom/cosmetics/coal_pack"},"elements":[{"from":[0,-7,-6],"to":[16,8,6],"rotation":{"angle":0,"axis":"y","origin":[8,16,17]},"faces":{"north":{"uv":[0,3,4,6.75],"texture":"#0"},"east":{"uv":[4,3,7,6.75],"texture":"#0"},"south":{"uv":[0,3,4,6.75],"texture":"#0"},"west":{"uv":[4,3,7,6.75],"texture":"#0"},"up":{"uv":[4,0,8,3],"rotation":180,"texture":"#0"},"down":{"uv":[0,0,4,3],"rotation":180,"texture":"#0"}}},{"from":[16,-5,-3],"to":[18,1,3],"rotation":{"angle":0,"axis":"y","origin":[8,16,17]},"faces":{"north":{"uv":[9.75,9.25,9.25,10.75],"texture":"#0"},"east":{"uv":[9.75,9.25,11.25,10.75],"texture":"#0"},"south":{"uv":[9.25,9.25,9.75,10.75],"texture":"#0"},"west":{"uv":[7.75,9.25,9.25,10.75],"texture":"#0"},"up":{"uv":[9.25,7.75,9.75,9.25],"texture":"#0"},"down":{"uv":[9.75,7.75,10.25,9.25],"texture":"#0"}}},{"from":[-2,-5,-3],"to":[0,1,3],"rotation":{"angle":0,"axis":"y","origin":[-23.98769,-2.04369,1.0313]},"faces":{"north":{"uv":[9.25,9.25,9.75,10.75],"texture":"#0"},"east":{"uv":[7.75,9.25,9.25,10.75],"texture":"#0"},"south":{"uv":[9.75,9.25,9.25,10.75],"texture":"#0"},"west":{"uv":[9.75,9.25,11.25,10.75],"texture":"#0"},"up":{"uv":[9.25,7.75,9.75,9.25],"rotation":180,"texture":"#0"},"down":{"uv":[9.75,7.75,10.25,9.25],"rotation":180,"texture":"#0"}}},{"from":[3,-6,-11],"to":[13,6,-6],"rotation":{"angle":0,"axis":"y","origin":[8,12,8]},"faces":{"north":{"uv":[6.75,12.75,9.25,15.75],"texture":"#0"},"east":{"uv":[10.5,12.75,9.25,15.75],"texture":"#0"},"west":{"uv":[9.25,12.75,10.5,15.75],"texture":"#0"},"up":{"uv":[6.75,11.5,9.25,12.75],"rotation":180,"texture":"#0"},"down":{"uv":[6.75,11.5,9.25,12.75],"texture":"#0"}}},{"from":[13,6,-6],"to":[3,-6,-11],"rotation":{"angle":0,"axis":"y","origin":[8,12,8]},"faces":{"east":{"uv":[9.25,15.75,10.5,12.75],"texture":"#0"},"south":{"uv":[6.75,12.75,9.25,15.75],"rotation":180,"texture":"#0"},"west":{"uv":[10.5,15.75,9.25,12.75],"texture":"#0"},"up":{"uv":[6.75,11.5,9.25,12.75],"texture":"#0"},"down":{"uv":[6.75,11.5,9.25,12.75],"rotation":180,"texture":"#0"}}},{"from":[1,5,0],"to":[6,13,5],"faces":{"north":{"uv":[7,4.25,8.25,6.25],"texture":"#0","tintindex":0},"east":{"uv":[7,4.25,8.25,6.25],"texture":"#0","tintindex":0},"south":{"uv":[7,4.25,8.25,6.25],"texture":"#0","tintindex":0},"west":{"uv":[7,4.25,8.25,6.25],"texture":"#0","tintindex":0},"up":{"uv":[7,3,8.25,4.25],"texture":"#0","tintindex":0}}},{"from":[6,5,-5],"to":[11,13,0],"faces":{"north":{"uv":[7,4.25,8.25,6.25],"texture":"#0","tintindex":0},"east":{"uv":[7,4.25,8.25,6.25],"texture":"#0","tintindex":0},"south":{"uv":[7,4.25,8.25,6.25],"texture":"#0","tintindex":0},"west":{"uv":[7,4.25,8.25,6.25],"texture":"#0","tintindex":0},"up":{"uv":[7,3,8.25,4.25],"texture":"#0","tintindex":0}}},{"from":[8,6,0],"to":[13,14,5],"rotation":{"angle":22.5,"axis":"x","origin":[12.48864,9.01746,2.49392]},"faces":{"north":{"uv":[8.25,4.25,7,6.25],"texture":"#0","tintindex":0},"east":{"uv":[8.25,4.25,7,6.25],"texture":"#0","tintindex":0},"south":{"uv":[8.25,4.25,7,6.25],"texture":"#0","tintindex":0},"west":{"uv":[8.25,4.25,7,6.25],"texture":"#0","tintindex":0},"up":{"uv":[8.25,3,7,4.25],"texture":"#0","tintindex":0}}},{"from":[4,8,-2],"to":[9,16,3],"faces":{"north":{"uv":[7,4.25,8.25,6.25],"texture":"#0","tintindex":0},"east":{"uv":[7,4.25,8.25,6.25],"texture":"#0","tintindex":0},"south":{"uv":[7,4.25,8.25,6.25],"texture":"#0","tintindex":0},"west":{"uv":[7,4.25,8.25,6.25],"texture":"#0","tintindex":0},"up":{"uv":[7,3,8.25,4.25],"texture":"#0","tintindex":0}}},{"from":[1,6,-5],"to":[6,14,0],"rotation":{"angle":22.5,"axis":"z","origin":[8,8,8]},"faces":{"north":{"uv":[7,4.25,8.25,6.25],"texture":"#0","tintindex":0},"east":{"uv":[7,4.25,8.25,6.25],"texture":"#0","tintindex":0},"south":{"uv":[7,4.25,8.25,6.25],"texture":"#0","tintindex":0},"west":{"uv":[7,4.25,8.25,6.25],"texture":"#0","tintindex":0},"up":{"uv":[7,3,8.25,4.25],"texture":"#0","tintindex":0}}},{"from":[9,9,-4],"to":[14,17,1],"rotation":{"angle":-22.5,"axis":"z","origin":[8,8,8]},"faces":{"north":{"uv":[7,4.25,8.25,6.25],"texture":"#0","tintindex":0},"east":{"uv":[7,4.25,8.25,6.25],"texture":"#0","tintindex":0},"south":{"uv":[7,4.25,8.25,6.25],"texture":"#0","tintindex":0},"west":{"uv":[7,4.25,8.25,6.25],"texture":"#0","tintindex":0},"up":{"uv":[7,3,8.25,4.25],"texture":"#0","tintindex":0}}}],"display":{"thirdperson_righthand":{"rotation":[90.0,0.0,0.0],"translation":[-1.0,-19.03125,24.474998],"scale":[1.0625,1.0625,1.0625]},"thirdperson_lefthand":{"rotation":[72,-152,0],"translation":[-2.75,5.5,0.25],"scale":[0.5,0.5,0.5]},"firstperson_righthand":{"rotation":[0,25,0],"translation":[13.25,5.75,-5]},"firstperson_lefthand":{"rotation":[0,25,0],"translation":[13.25,5.75,-5]},"ground":{"translation":[0,6,1.25],"scale":[0.2,0.2,0.2]},"gui":{"rotation":[30,135,0],"translation":[3.75,4.5,0],"scale":[0.6,0.6,0.6]},"head":{"translation":[0,-37,27.25],"scale":[1.7,1.7,1.7]},"fixed":{"rotation":[-90,0,0],"translation":[0,20,-30],"scale":[2,2,2]}},"groups":[{"name":"group","origin":[8,8,8],"children":[0,1,2,3,4]},5,6,7,8,9,10]}