{"credit":"Made with Blockbench","texture_size":[64,64],"textures":{"0":"custom/cosmetics/donut_balloon","1":"custom/cosmetics/donut_balloon_sprinkles","particle":"custom/cosmetics/donut_balloon"},"elements":[{"from":[13,0,2.5],"to":[21,26,13.5],"faces":{"north":{"uv":[0,0,2,6.5],"texture":"#0"},"east":{"uv":[0,6.5,2.75,13],"texture":"#0"},"south":{"uv":[12.75,7.75,14.75,14.25],"texture":"#0"},"west":{"uv":[15.75,1.25,13,7.75],"texture":"#0"},"up":{"uv":[2.75,6.5,5.5,8.5],"rotation":90,"texture":"#0"},"down":{"uv":[5.5,6.5,8.25,8.5],"rotation":90,"texture":"#0"}}},{"from":[13,0,2.5],"to":[21,26,13.5],"faces":{"west":{"uv":[1.25,15.75,7.75,13],"rotation":90,"texture":"#0","tintindex":0}}},{"from":[-5,20,2.5],"to":[13,26,13.5],"faces":{"north":{"uv":[2,0,6.5,1.5],"texture":"#0"},"south":{"uv":[8.25,7.75,12.75,9.25],"texture":"#0"},"west":{"uv":[0,6.5,2.75,8],"texture":"#0"},"up":{"uv":[2.75,8.5,5.5,13],"rotation":90,"texture":"#0"},"down":{"uv":[0,8.75,2.75,13.25],"rotation":270,"texture":"#0"}}},{"from":[-1,18,2.5],"to":[17,24,13.5],"faces":{"down":{"uv":[2.25,13,6.75,15.75],"rotation":180,"texture":"#0","tintindex":0}}},{"from":[-1,2,2.5],"to":[17,8,13.5],"faces":{"up":{"uv":[2.25,13,6.75,15.75],"texture":"#0","tintindex":0}}},{"from":[-5,0,2.5],"to":[13,6,13.5],"faces":{"north":{"uv":[2,5,6.5,6.5],"texture":"#0"},"south":{"uv":[8.25,12.75,12.75,14.25],"texture":"#0"},"west":{"uv":[0,11.5,2.75,13],"texture":"#0"},"up":{"uv":[0,8.75,2.75,13.25],"rotation":270,"texture":"#0"},"down":{"uv":[5.5,8.5,8.25,13],"rotation":90,"texture":"#0"}}},{"from":[-3,18,2.5],"to":[13,20,13.5],"faces":{"north":{"uv":[2,1.5,6,2],"texture":"#0"},"south":{"uv":[14.25,9.25,10.25,9.75],"texture":"#0"},"west":{"uv":[0,12.5,2.75,13],"rotation":180,"texture":"#0"},"down":{"uv":[15.75,1.75,13,5.75],"rotation":270,"texture":"#0"}}},{"from":[-3,6,2.5],"to":[13,8,13.5],"rotation":{"angle":0,"axis":"y","origin":[0,16,0]},"faces":{"north":{"uv":[6,5,2,4.5],"rotation":180,"texture":"#0"},"south":{"uv":[12.75,12.75,8.75,12.25],"rotation":180,"texture":"#0"},"west":{"uv":[0,13,2.75,12.5],"rotation":180,"texture":"#0"},"up":{"uv":[13,1.75,15.75,5.75],"rotation":270,"texture":"#0"}}},{"from":[-1,8,2.5],"to":[3,18,13.5],"faces":{"north":{"uv":[4.5,2,5.5,4.5],"texture":"#0"},"east":{"uv":[13,3.25,15.75,5.75],"texture":"#0"},"south":{"uv":[9.25,9.75,10.25,12.25],"texture":"#0"},"west":{"uv":[0,8.25,2.75,10.75],"rotation":180,"texture":"#0"}}},{"from":[-1,8,2.5],"to":[3,18,13.5],"faces":{"east":{"uv":[3.25,13,5.75,15.75],"rotation":90,"texture":"#0","tintindex":0}}},{"from":[-5,0,2.5],"to":[21,26,2.5],"faces":{"north":{"uv":[6.5,0,13,6.5],"texture":"#0","tintindex":0}}},{"from":[-5,0,2.45],"to":[21,26,2.45],"faces":{"north":{"uv":[0,0,13,13],"texture":"#1"}}},{"from":[6,-2,6],"to":[10,-1,10],"faces":{"north":{"uv":[8.25,6.5,9.25,6.75],"texture":"#0"},"east":{"uv":[8.25,6.5,9.25,6.75],"texture":"#0"},"south":{"uv":[8.25,6.5,9.25,6.75],"texture":"#0"},"west":{"uv":[8.25,6.5,9.25,6.75],"texture":"#0"},"up":{"uv":[8.25,6.75,9.25,7.75],"texture":"#0"},"down":{"uv":[8.25,6.75,9.25,7.75],"texture":"#0"}}},{"from":[7,-1,8],"to":[9,0,8],"rotation":{"angle":45,"axis":"y","origin":[8,-0.5,8]},"faces":{"north":{"uv":[9.25,6.5,9.75,6.75],"texture":"#0"},"south":{"uv":[9.25,6.5,9.75,6.75],"texture":"#0"}}},{"from":[7,-1,8],"to":[9,0,8],"rotation":{"angle":-45,"axis":"y","origin":[8,-0.5,8]},"faces":{"north":{"uv":[9.25,6.5,9.75,6.75],"texture":"#0"},"south":{"uv":[9.25,6.5,9.75,6.75],"texture":"#0"}}}],"display":{"gui":{"rotation":[-20,148,0],"translation":[0,-2,0],"scale":[0.45,0.45,0.45]},"head":{"translation":[0,14.75,0],"scale":[2.2857,2.2857,2.2857]}}}