{"credit":"Made with Blockbench","texture_size":[32,32],"textures":{"0":"custom/cosmetics/dragon_wings","particle":"custom/cosmetics/dragon_wings"},"elements":[{"from":[10,11,8],"to":[22,12,9],"rotation":{"angle":-22.5,"axis":"z","origin":[9.5,0,8.5]},"faces":{"north":{"uv":[2,0,2.5,6],"rotation":90,"texture":"#0","tintindex":0},"east":{"uv":[1,5.5,1.5,6],"texture":"#0","tintindex":0},"south":{"uv":[2.5,0,2,6],"rotation":270,"texture":"#0","tintindex":0},"up":{"uv":[1.5,0,2,6],"rotation":270,"texture":"#0","tintindex":0},"down":{"uv":[2.5,0,3,6],"rotation":270,"texture":"#0","tintindex":0}}},{"from":[10,0,8.5],"to":[22,11,8.5],"rotation":{"angle":-22.5,"axis":"z","origin":[9.5,0,8.5]},"faces":{"north":{"uv":[8,5.5,14,0],"rotation":180,"texture":"#0","tintindex":0},"south":{"uv":[8,0,14,5.5],"texture":"#0","tintindex":0}}},{"from":[9,0,8],"to":[10,12,9],"rotation":{"angle":-22.5,"axis":"z","origin":[9.5,0,8.5]},"faces":{"north":{"uv":[1,0,0.5,6],"texture":"#0","tintindex":0},"east":{"uv":[1,0,1.5,6],"texture":"#0","tintindex":0},"south":{"uv":[0.5,0,1,6],"texture":"#0","tintindex":0},"west":{"uv":[0,0,0.5,6],"texture":"#0","tintindex":0},"up":{"uv":[0,0,0.25,0.25],"texture":"#0","tintindex":0},"down":{"uv":[1,5.5,1.5,6],"texture":"#0","tintindex":0}}},{"from":[6,0,8],"to":[7,12,9],"rotation":{"angle":22.5,"axis":"z","origin":[6.5,0,8.5]},"faces":{"north":{"uv":[0.5,0,1,6],"texture":"#0","tintindex":0},"east":{"uv":[0,0,0.5,6],"texture":"#0","tintindex":0},"south":{"uv":[1,0,0.5,6],"texture":"#0","tintindex":0},"west":{"uv":[1,0,1.5,6],"texture":"#0","tintindex":0},"up":{"uv":[0,0,0.25,0.25],"texture":"#0","tintindex":0},"down":{"uv":[1,5.5,1.5,6],"texture":"#0","tintindex":0}}},{"from":[-6,0,8.5],"to":[6,11,8.5],"rotation":{"angle":22.5,"axis":"z","origin":[6.5,0,8.5]},"faces":{"north":{"uv":[8,0,14,5.5],"texture":"#0","tintindex":0},"south":{"uv":[14,0,8,5.5],"texture":"#0","tintindex":0}}},{"from":[-6,11,8],"to":[6,12,9],"rotation":{"angle":22.5,"axis":"z","origin":[6.5,0,8.5]},"faces":{"north":{"uv":[2.5,0,2,6],"rotation":270,"texture":"#0","tintindex":0},"south":{"uv":[2,0,2.5,6],"rotation":90,"texture":"#0","tintindex":0},"west":{"uv":[1,5.5,1.5,6],"texture":"#0","tintindex":0},"up":{"uv":[1.5,0,2,6],"rotation":90,"texture":"#0","tintindex":0},"down":{"uv":[2.5,0,3,6],"rotation":90,"texture":"#0","tintindex":0}}},{"from":[-7.5,11,8.5],"to":[-6,13.5,8.5],"rotation":{"angle":22.5,"axis":"z","origin":[6.5,0,8.5]},"faces":{"north":{"uv":[3,0,3.75,1.25],"texture":"#0"},"south":{"uv":[3.75,0,3,1.25],"texture":"#0"}}},{"from":[6,11,8.5],"to":[8.5,13.5,8.5],"rotation":{"angle":22.5,"axis":"z","origin":[6.5,0,8.5]},"faces":{"north":{"uv":[5,0,3.75,1.25],"rotation":270,"texture":"#0"},"south":{"uv":[5,1.25,3.75,0],"rotation":270,"texture":"#0"}}},{"from":[5.98,10.98,7.98],"to":[7.02,12.02,9.02],"rotation":{"angle":22.5,"axis":"z","origin":[6.5,0,8.5]},"faces":{"north":{"uv":[3.5,1.25,3,1.75],"texture":"#0"},"east":{"uv":[3.25,1.25,3.5,1.75],"texture":"#0"},"south":{"uv":[3,1.25,3.5,1.75],"texture":"#0"},"up":{"uv":[3.25,1.25,3.5,1.75],"rotation":90,"texture":"#0"}}},{"from":[-6.02,11,8],"to":[-6.02,12,9],"rotation":{"angle":22.5,"axis":"z","origin":[6.5,0,8.5]},"faces":{"west":{"uv":[3,1.25,3.25,1.5],"texture":"#0"}}},{"from":[-3,2,8.5],"to":[-1,4,8.5],"rotation":{"angle":22.5,"axis":"z","origin":[6.5,0,8.5]},"faces":{"north":{"uv":[4,1.25,5,2.25],"texture":"#0"},"south":{"uv":[5,1.25,4,2.25],"texture":"#0"}}},{"from":[17,2,8.5],"to":[19,4,8.5],"rotation":{"angle":-22.5,"axis":"z","origin":[9.5,0,8.5]},"faces":{"north":{"uv":[5,1.25,4,2.25],"texture":"#0"},"south":{"uv":[4,1.25,5,2.25],"texture":"#0"}}},{"from":[22,11,8.5],"to":[23.5,13.5,8.5],"rotation":{"angle":-22.5,"axis":"z","origin":[9.5,0,8.5]},"faces":{"north":{"uv":[3.75,0,3,1.25],"texture":"#0"},"south":{"uv":[3,0,3.75,1.25],"texture":"#0"}}},{"from":[7.5,11,8.5],"to":[10,13.5,8.5],"rotation":{"angle":-22.5,"axis":"z","origin":[9.5,0,8.5]},"faces":{"north":{"uv":[5,1.25,3.75,0],"rotation":270,"texture":"#0"},"south":{"uv":[5,0,3.75,1.25],"rotation":270,"texture":"#0"}}},{"from":[8.98,10.98,7.98],"to":[10.02,12.02,9.02],"rotation":{"angle":-22.5,"axis":"z","origin":[9.5,0,8.5]},"faces":{"north":{"uv":[3,1.25,3.5,1.75],"texture":"#0"},"south":{"uv":[3.5,1.25,3,1.75],"texture":"#0"},"west":{"uv":[3.25,1.25,3.5,1.75],"texture":"#0"},"up":{"uv":[3.25,1.25,3.5,1.75],"rotation":270,"texture":"#0"}}},{"from":[22.02,11,8],"to":[22.02,12,9],"rotation":{"angle":-22.5,"axis":"z","origin":[9.5,0,8.5]},"faces":{"east":{"uv":[3,1.25,3.25,1.5],"texture":"#0"}}}],"display":{"gui":{"rotation":[23,-54,4],"translation":[0.25,1.25,0],"scale":[0.69,0.69,0.69]},"head":{"rotation":[28,0,0],"translation":[0,-27,13.75],"scale":[3.21,3.21,3.21]},"thirdperson_righthand":{"rotation":[118.0,0,0],"translation":[-1.0,-10.59375,30.724998],"scale":[2.00625,2.00625,2.00625]}},"groups":[{"name":"group","origin":[0,0,0],"children":[{"name":"group","origin":[6.5,0,8.5],"children":[0,1,2,3,4,5]},6,7,8,9,10,11]},{"name":"group","origin":[0,0,0],"children":[12,13,14,15]}]}