{"credit":"Made with Blockbench","textures":{"1":"custom/cosmetics/female_hair1"},"elements":[{"from":[5,10,14],"to":[2,-1,11],"faces":{"north":{"uv":[0,3,3,14],"rotation":180,"texture":"#1","tintindex":0},"east":{"uv":[0,3,3,14],"rotation":180,"texture":"#1","tintindex":0},"south":{"uv":[3,3,6,14],"rotation":180,"texture":"#1","tintindex":0},"west":{"uv":[3,3,6,14],"rotation":180,"texture":"#1","tintindex":0},"down":{"uv":[0,0,3,3],"texture":"#1","tintindex":0}}},{"from":[2,-1,11],"to":[5,10,14],"faces":{"north":{"uv":[3,3,6,14],"texture":"#1","tintindex":0},"east":{"uv":[3,3,6,14],"texture":"#1","tintindex":0},"south":{"uv":[0,3,3,14],"texture":"#1","tintindex":0},"west":{"uv":[0,3,3,14],"texture":"#1","tintindex":0},"up":{"uv":[0,0,3,3],"texture":"#1","tintindex":0}}},{"from":[14,10,14],"to":[11,-1,11],"rotation":{"angle":0,"axis":"y","origin":[17,8,8]},"faces":{"north":{"uv":[0,3,3,14],"rotation":180,"texture":"#1","tintindex":0},"east":{"uv":[0,3,3,14],"rotation":180,"texture":"#1","tintindex":0},"south":{"uv":[3,3,6,14],"rotation":180,"texture":"#1","tintindex":0},"west":{"uv":[3,3,6,14],"rotation":180,"texture":"#1","tintindex":0},"down":{"uv":[0,0,3,3],"texture":"#1","tintindex":0}}},{"from":[11,-1,11],"to":[14,10,14],"rotation":{"angle":0,"axis":"y","origin":[17,8,8]},"faces":{"north":{"uv":[3,3,6,14],"texture":"#1","tintindex":0},"east":{"uv":[3,3,6,14],"texture":"#1","tintindex":0},"south":{"uv":[0,3,3,14],"texture":"#1","tintindex":0},"west":{"uv":[0,3,3,14],"texture":"#1","tintindex":0},"up":{"uv":[0,0,3,3],"texture":"#1","tintindex":0}}},{"from":[3,7,10.9],"to":[5,9,10.9],"faces":{"north":{"uv":[3,0,5,2],"texture":"#1"},"south":{"uv":[3,0,5,2],"texture":"#1"}}},{"from":[11,7,10.9],"to":[13,9,10.9],"faces":{"north":{"uv":[3,0,5,2],"texture":"#1"},"south":{"uv":[3,0,5,2],"texture":"#1"}}}],"display":{"thirdperson_righthand":{"rotation":[90.0,0.0,0.0],"translation":[-1.0,-2.0,17.705078],"scale":[0.99609375,0.99609375,0.99609375]},"thirdperson_lefthand":{"rotation":[63,52,0],"translation":[0,2.25,2.5],"scale":[0.4,0.4,0.4]},"firstperson_righthand":{"rotation":[0,109,0],"translation":[11,3.75,-7.5]},"firstperson_lefthand":{"rotation":[0,109,0],"translation":[11,3.75,-7.5]},"ground":{"translation":[0,3.75,0],"scale":[0.4,0.4,0.4]},"gui":{"rotation":[30,135,0],"translation":[-3,1.25,0]},"head":{"translation":[0,6.75,0],"scale":[1.7,1.7,1.7]},"fixed":{"rotation":[-90,0,0],"translation":[0,0,-16],"scale":[2,2,2]}},"groups":[{"name":"group","origin":[8,8,8],"children":[{"name":"group","origin":[8,8,8],"children":[0,1]},{"name":"group","origin":[8,8,8],"children":[2,3]},4,5]}]}