{"credit":"Made with Blockbench","textures":{"0":"custom/cosmetics/female_hair3","particle":"custom/cosmetics/female_hair3"},"elements":[{"from":[2,0,10],"to":[6,4,14],"rotation":{"angle":0,"axis":"y","origin":[10,8,8]},"faces":{"north":{"uv":[0,0,4,4],"texture":"#0","tintindex":0},"east":{"uv":[0,0,4,4],"texture":"#0","tintindex":0},"south":{"uv":[0,0,4,4],"texture":"#0","tintindex":0},"west":{"uv":[0,0,4,4],"texture":"#0","tintindex":0},"up":{"uv":[8,0,4,4],"rotation":180,"texture":"#0","tintindex":0},"down":{"uv":[4,4,0,8],"rotation":180,"texture":"#0","tintindex":0}}},{"from":[1.5,-0.5,9.5],"to":[6.5,4.5,14.5],"rotation":{"angle":0,"axis":"y","origin":[10,8,8]},"faces":{"north":{"uv":[5,5,9,9],"texture":"#0","tintindex":0},"east":{"uv":[5,5,9,9],"texture":"#0","tintindex":0},"south":{"uv":[5,5,9,9],"texture":"#0","tintindex":0},"west":{"uv":[5,5,9,9],"texture":"#0","tintindex":0},"up":{"uv":[9,5,13,9],"texture":"#0","tintindex":0},"down":{"uv":[5,9,9,13],"texture":"#0","tintindex":0}}},{"from":[6.5,4.5,14.5],"to":[1.5,-0.5,9.5],"rotation":{"angle":0,"axis":"y","origin":[10,8,8]},"faces":{"north":{"uv":[5,9,9,5],"rotation":270,"texture":"#0","tintindex":0},"east":{"uv":[5,9,9,5],"rotation":270,"texture":"#0","tintindex":0},"south":{"uv":[5,9,9,5],"rotation":270,"texture":"#0","tintindex":0},"west":{"uv":[5,9,9,5],"rotation":270,"texture":"#0","tintindex":0},"up":{"uv":[5,9,9,13],"texture":"#0","tintindex":0},"down":{"uv":[9,5,13,9],"texture":"#0","tintindex":0}}},{"from":[10,0,10],"to":[14,4,14],"rotation":{"angle":0,"axis":"y","origin":[18,8,8]},"faces":{"north":{"uv":[0,0,4,4],"texture":"#0","tintindex":0},"east":{"uv":[0,0,4,4],"texture":"#0","tintindex":0},"south":{"uv":[0,0,4,4],"texture":"#0","tintindex":0},"west":{"uv":[0,0,4,4],"texture":"#0","tintindex":0},"up":{"uv":[8,0,4,4],"rotation":180,"texture":"#0","tintindex":0},"down":{"uv":[4,4,0,8],"rotation":180,"texture":"#0","tintindex":0}}},{"from":[9.5,-0.5,9.5],"to":[14.5,4.5,14.5],"rotation":{"angle":0,"axis":"y","origin":[18,8,8]},"faces":{"north":{"uv":[5,5,9,9],"texture":"#0","tintindex":0},"east":{"uv":[5,5,9,9],"texture":"#0","tintindex":0},"south":{"uv":[5,5,9,9],"texture":"#0","tintindex":0},"west":{"uv":[5,5,9,9],"texture":"#0","tintindex":0},"up":{"uv":[9,5,13,9],"texture":"#0","tintindex":0},"down":{"uv":[5,9,9,13],"texture":"#0","tintindex":0}}},{"from":[14.5,4.5,14.5],"to":[9.5,-0.5,9.5],"rotation":{"angle":0,"axis":"y","origin":[18,8,8]},"faces":{"north":{"uv":[5,9,9,5],"rotation":270,"texture":"#0","tintindex":0},"east":{"uv":[5,9,9,5],"rotation":270,"texture":"#0","tintindex":0},"south":{"uv":[5,9,9,5],"rotation":270,"texture":"#0","tintindex":0},"west":{"uv":[5,9,9,5],"rotation":270,"texture":"#0","tintindex":0},"up":{"uv":[5,9,9,13],"texture":"#0","tintindex":0},"down":{"uv":[9,5,13,9],"texture":"#0","tintindex":0}}}],"display":{"thirdperson_righthand":{"rotation":[90.0,0.0,0.0],"translation":[-1.0,-0.75,23.125],"scale":[0.9375,0.9375,0.9375]},"thirdperson_lefthand":{"rotation":[64,39,0],"translation":[-1.25,3.25,2.25],"scale":[0.4,0.4,0.4]},"firstperson_righthand":{"rotation":[0,102,0],"translation":[0,6,1.25]},"firstperson_lefthand":{"rotation":[0,102,0],"translation":[0,6,1.25]},"ground":{"translation":[0,6.5,-2],"scale":[0.5,0.5,0.5]},"gui":{"translation":[0,5.5,0]},"head":{"translation":[0,16,-2],"scale":[1.6,1.6,1.6]}},"groups":[{"name":"group","origin":[8,8,8],"children":[0,1,2]},{"name":"group","origin":[8,8,8],"children":[3,4,5]}]}