{"credit":"Made with Blockbench","textures":{"0":"custom/cosmetics/female_hair2","particle":"custom/cosmetics/female_hair2"},"elements":[{"from":[6,0,7],"to":[10,16,10],"faces":{"north":{"uv":[0,0,4,16],"texture":"#0","tintindex":0},"east":{"uv":[4,0,7,16],"texture":"#0","tintindex":0},"south":{"uv":[0,0,4,16],"texture":"#0","tintindex":0},"west":{"uv":[4,0,7,16],"texture":"#0","tintindex":0},"up":{"uv":[7,2,11,5],"texture":"#0","tintindex":0}}},{"from":[10,16,10],"to":[6,0,7],"faces":{"north":{"uv":[0,0,4,16],"rotation":180,"texture":"#0","tintindex":0},"east":{"uv":[4,0,7,16],"rotation":180,"texture":"#0","tintindex":0},"south":{"uv":[0,0,4,16],"rotation":180,"texture":"#0","tintindex":0},"west":{"uv":[4,0,7,16],"rotation":180,"texture":"#0","tintindex":0},"down":{"uv":[7,2,11,5],"texture":"#0","tintindex":0}}},{"from":[7,13,6.9],"to":[9,15,6.9],"faces":{"north":{"uv":[7,0,9,2],"texture":"#0"},"south":{"uv":[7,0,9,2],"texture":"#0"}}}],"display":{"thirdperson_righthand":{"rotation":[90.0,0.0,0.0],"scale":[0.9375,0.9375,0.9375],"translation":[-1.0,-6.0625,11.845703]},"thirdperson_lefthand":{"rotation":[40,29,0],"scale":[0.4,0.4,0.4]},"firstperson_righthand":{"rotation":[0,95,0],"translation":[2.25,-2,0]},"firstperson_lefthand":{"rotation":[0,95,0],"translation":[2.25,-2,0]},"ground":{"translation":[0,2.5,0],"scale":[0.4,0.4,0.4]},"head":{"translation":[0,-3.25,6.5],"scale":[1.6,1.6,1.6]}}}