{"credit":"Made with Blockbench","texture_size":[64,64],"textures":{"0":"custom/cosmetics/fish_bowl/fish_bowl","1":"custom/cosmetics/fish_bowl/fish","particle":"custom/cosmetics/fish_bowl/fish_bowl"},"elements":[{"from":[0,0,0],"to":[16,14,16],"faces":{"north":{"uv":[0,0,8,7],"texture":"#0"},"east":{"uv":[0,0,8,7],"texture":"#0"},"south":{"uv":[0,0,8,7],"texture":"#0"},"west":{"uv":[0,0,8,7],"texture":"#0"},"up":{"uv":[0,7,8,15],"texture":"#0"},"down":{"uv":[8,0,16,8],"texture":"#0"}}},{"from":[0,0,0],"to":[16,14,16],"faces":{"north":{"uv":[0,1,8,8],"texture":"#1"},"east":{"uv":[0,1,8,8],"texture":"#1"},"south":{"uv":[0,1,8,8],"texture":"#1"},"west":{"uv":[0,1,8,8],"texture":"#1"}}},{"from":[0,11,0],"to":[16,11,16],"faces":{"up":{"uv":[8,0,16,8],"texture":"#1"},"down":{"uv":[8,0,16,8],"texture":"#1"}}},{"from":[0,0.1,0],"to":[16,0.1,16],"faces":{"up":{"uv":[8,0,16,8],"texture":"#1"},"down":{"uv":[8,0,16,8],"texture":"#1"}}},{"from":[1,0,1],"to":[15,11,15],"faces":{"north":{"uv":[8.5,10.5,15.5,16],"texture":"#1"},"east":{"uv":[8.5,10.5,15.5,16],"texture":"#1"},"south":{"uv":[8.5,10.5,15.5,16],"texture":"#1"},"west":{"uv":[8.5,10.5,15.5,16],"texture":"#1"}}},{"from":[2,4,2],"to":[14,8,14],"faces":{"north":{"uv":[1,8,7,10],"texture":"#1","tintindex":0},"east":{"uv":[1,10,7,12],"texture":"#1","tintindex":0},"south":{"uv":[1,12,7,14],"texture":"#1","tintindex":0},"west":{"uv":[1,14,7,16],"texture":"#1","tintindex":0}}},{"from":[14,8,14],"to":[2,4,2],"faces":{"north":{"uv":[7,12,1,14],"rotation":180,"texture":"#1","tintindex":0},"east":{"uv":[7,14,1,16],"rotation":180,"texture":"#1","tintindex":0},"south":{"uv":[7,8,1,10],"rotation":180,"texture":"#1","tintindex":0},"west":{"uv":[7,10,1,12],"rotation":180,"texture":"#1","tintindex":0}}},{"from":[14,16,14],"to":[2,14,2],"faces":{"north":{"uv":[8,8,14,9],"rotation":180,"texture":"#0","tintindex":0},"east":{"uv":[8,8,14,9],"rotation":180,"texture":"#0","tintindex":0},"south":{"uv":[8,8,14,9],"rotation":180,"texture":"#0","tintindex":0},"west":{"uv":[8,8,14,9],"rotation":180,"texture":"#0","tintindex":0},"up":{"uv":[8,9,14,14.5],"texture":"#0","tintindex":0},"down":{"uv":[8,9,14,14.5],"texture":"#0","tintindex":0}}},{"from":[2,14,2],"to":[14,16,14],"faces":{"north":{"uv":[8,8,14,9],"texture":"#0","tintindex":0},"east":{"uv":[8,8,14,9],"texture":"#0","tintindex":0},"south":{"uv":[8,8,14,9],"texture":"#0","tintindex":0},"west":{"uv":[8,8,14,9],"texture":"#0","tintindex":0},"up":{"uv":[8,9,14,14.5],"texture":"#0","tintindex":0},"down":{"uv":[8,9,14,14.5],"texture":"#0","tintindex":0}}}],"display":{"gui":{"rotation":[30,135,0],"translation":[0,0.5,0],"scale":[0.67,0.67,0.67]},"head":{"rotation":[-3,0,0],"translation":[0,4.25,0],"scale":[1.43,1.43,1.43]},"thirdperson_righthand":{"rotation":[87.0,0,0],"translation":[-1.0,-2.0,16.240234],"scale":[0.83789057,0.83789057,0.83789057]}}}