{"credit":"Made with Blockbench","texture_size":[64,64],"textures":{"0":"custom/cosmetics/fry_pack","1":"custom/cosmetics/fry_pack_drip","2":"custom/cosmetics/fry_pack_drip_1","particle":"custom/cosmetics/fry_pack"},"elements":[{"from":[3,0,2],"to":[13,12,10],"faces":{"north":{"uv":[4.5,0,7,3],"texture":"#0","tintindex":0},"east":{"uv":[2.5,0,4.5,3],"texture":"#0","tintindex":0},"south":{"uv":[0,0,2.5,3],"texture":"#0","tintindex":0},"west":{"uv":[4.5,0,2.5,3],"texture":"#0","tintindex":0}}},{"from":[3,0,2],"to":[13,12,10],"faces":{"north":{"uv":[13.5,0,16,3],"texture":"#0"},"east":{"uv":[11.5,0,13.5,3],"texture":"#0"},"south":{"uv":[9,0,11.5,3],"texture":"#0"},"west":{"uv":[13.5,0,11.5,3],"texture":"#0"},"down":{"uv":[16,3,13.5,5],"texture":"#0"}}},{"from":[-1,12,2],"to":[3,12,10],"rotation":{"angle":45,"axis":"z","origin":[3,12,6]},"faces":{"up":{"uv":[7,0,9,1],"rotation":90,"texture":"#0","tintindex":0},"down":{"uv":[7,0,9,1],"rotation":90,"texture":"#0","tintindex":0}}},{"from":[13,12,2],"to":[17,12,10],"rotation":{"angle":-45,"axis":"z","origin":[13,12,6]},"faces":{"up":{"uv":[7,1,9,0],"rotation":90,"texture":"#0","tintindex":0},"down":{"uv":[7,1,9,0],"rotation":90,"texture":"#0","tintindex":0}}},{"from":[13,12,2],"to":[17,12,10],"rotation":{"angle":-45,"axis":"z","origin":[13,12,6]},"faces":{"up":{"uv":[7,2,9,1],"rotation":90,"texture":"#0"},"down":{"uv":[7,2,9,1],"rotation":90,"texture":"#0"}}},{"from":[-1,12,2],"to":[3,12,10],"rotation":{"angle":45,"axis":"z","origin":[3,12,6]},"faces":{"up":{"uv":[7,1,9,2],"rotation":90,"texture":"#0"},"down":{"uv":[7,1,9,2],"rotation":90,"texture":"#0"}}},{"from":[3.25,0,2.25],"to":[5.25,13,4.25],"faces":{"north":{"uv":[0.75,3.25,1.25,6.5],"texture":"#0"},"east":{"uv":[0.75,3.25,1.25,6.5],"texture":"#0"},"south":{"uv":[1.25,3.25,0.75,6.5],"texture":"#0"},"west":{"uv":[0.75,3.25,1.25,6.5],"texture":"#0"},"up":{"uv":[0,0,0.5,0.5],"texture":"#missing"}}},{"from":[3.25,0,5.25],"to":[5.25,17,7.25],"faces":{"north":{"uv":[2.25,3.25,2.75,7.5],"texture":"#0"},"east":{"uv":[2.75,3.25,2.25,7.5],"texture":"#0"},"south":{"uv":[2.25,3.25,2.75,7.5],"texture":"#0"},"west":{"uv":[2.75,3.25,2.25,7.5],"texture":"#0"},"up":{"uv":[0,3.25,0.5,3.75],"texture":"#0"}}},{"from":[10.25,3,7.25],"to":[12.25,20,9.25],"faces":{"north":{"uv":[2.25,3.25,2.75,7.5],"texture":"#0"},"east":{"uv":[2.75,3.25,2.25,7.5],"texture":"#0"},"south":{"uv":[2.25,3.25,2.75,7.5],"texture":"#0"},"west":{"uv":[2.75,3.25,2.25,7.5],"texture":"#0"},"up":{"uv":[0,3.25,0.5,3.75],"texture":"#0"}}},{"from":[0.22763,13.19446,2.25],"to":[2.22763,22.19446,4.25],"rotation":{"angle":22.5,"axis":"z","origin":[4.22763,20.69446,3.25]},"faces":{"north":{"uv":[0.5,3.25,0,5.5],"texture":"#0"},"east":{"uv":[0,3.25,0.5,5.5],"texture":"#0"},"south":{"uv":[0.5,3.25,0,5.5],"texture":"#0"},"west":{"uv":[0,3.25,0.5,5.5],"texture":"#0"},"up":{"uv":[0,3.25,0.5,3.75],"texture":"#0"}}},{"from":[13.77237,13.19446,4.25],"to":[15.77237,22.19446,6.25],"rotation":{"angle":-22.5,"axis":"z","origin":[11.77237,20.69446,3.25]},"faces":{"north":{"uv":[0,3.25,0.5,5.5],"texture":"#0"},"east":{"uv":[0.5,3.25,0,5.5],"texture":"#0"},"south":{"uv":[0,3.25,0.5,5.5],"texture":"#0"},"west":{"uv":[0.5,3.25,0,5.5],"texture":"#0"},"up":{"uv":[0.5,3.25,0,3.75],"texture":"#0"}}},{"from":[10.75,0,4.25],"to":[12.75,13,6.25],"rotation":{"angle":0,"axis":"y","origin":[16,0,2]},"faces":{"north":{"uv":[0.75,3.25,1.25,6.5],"texture":"#0"},"east":{"uv":[0.75,3.25,1.25,6.5],"texture":"#0"},"south":{"uv":[0.75,3.25,1.25,6.5],"texture":"#0"},"west":{"uv":[1.25,3.25,0.75,6.5],"texture":"#0"},"up":{"uv":[0.5,0,1,0.5],"texture":"#missing"}}},{"from":[7.75,0,3.25],"to":[9.75,25,5.25],"rotation":{"angle":0,"axis":"y","origin":[16,0,2]},"faces":{"north":{"uv":[3,3.25,3.5,9.5],"texture":"#0"},"east":{"uv":[3.5,3.25,3,9.5],"texture":"#0"},"south":{"uv":[3,3.25,3.5,9.5],"texture":"#0"},"west":{"uv":[3.5,3.25,3,9.5],"texture":"#0"},"up":{"uv":[0,3.25,0.5,3.75],"texture":"#0"}}},{"from":[5.75,0,6.25],"to":[7.75,13,8.25],"rotation":{"angle":0,"axis":"y","origin":[16,0,2]},"faces":{"north":{"uv":[0.75,3.25,1.25,6.5],"texture":"#0"},"east":{"uv":[1.25,3.25,0.75,6.5],"texture":"#0"},"south":{"uv":[0.75,3.25,1.25,6.5],"texture":"#0"},"west":{"uv":[1.25,3.25,0.75,6.5],"texture":"#0"},"up":{"uv":[0.5,0,1,0.5],"texture":"#missing"}}},{"from":[5.75,12.12253,8.66132],"to":[7.75,25.12253,10.66132],"rotation":{"angle":22.5,"axis":"x","origin":[6.75,18.62253,9.66132]},"faces":{"north":{"uv":[1.5,3.25,2,6.5],"texture":"#0"},"east":{"uv":[2,3.25,1.5,6.5],"texture":"#0"},"south":{"uv":[1.5,3.25,2,6.5],"texture":"#0"},"west":{"uv":[2,3.25,1.5,6.5],"texture":"#0"},"up":{"uv":[0,3.25,0.5,3.75],"texture":"#0"}}},{"from":[5.5,11.87253,8.41132],"to":[8,25.37253,10.91132],"rotation":{"angle":22.5,"axis":"x","origin":[6.75,18.62253,9.66132]},"faces":{"north":{"uv":[4.75,3.25,5.25,6.5],"texture":"#0","tintindex":0},"east":{"uv":[4,3.25,4.5,6.5],"texture":"#0","tintindex":0},"south":{"uv":[4.5,3.25,4,6.5],"texture":"#0","tintindex":0},"west":{"uv":[5.25,3.25,4.75,6.5],"texture":"#0","tintindex":0},"up":{"uv":[5.25,3.25,4.75,3.75],"rotation":180,"texture":"#0","tintindex":0}}},{"from":[7.5,10.37253,12.16132],"to":[10,23.87253,14.66132],"rotation":{"angle":45,"axis":"x","origin":[9.25,18.62253,9.66132]},"faces":{"north":{"uv":[5.25,3.25,4.75,6.5],"texture":"#0","tintindex":0},"east":{"uv":[4.75,3.25,5.25,6.5],"texture":"#0","tintindex":0},"south":{"uv":[4,3.25,4.5,6.5],"texture":"#0","tintindex":0},"west":{"uv":[4.5,3.25,4,6.5],"texture":"#0","tintindex":0},"up":{"uv":[4.75,3.75,5.25,3.25],"rotation":270,"texture":"#0","tintindex":0}}},{"from":[7.75,12.12253,8.25],"to":[9.75,21.12253,10.25],"rotation":{"angle":45,"axis":"x","origin":[8.75,12.56127,10.45566]},"faces":{"north":{"uv":[0,3.25,0.5,5.5],"texture":"#0"},"east":{"uv":[0.5,3.25,0,5.5],"texture":"#0"},"south":{"uv":[0,3.25,0.5,5.5],"texture":"#0"},"west":{"uv":[0.5,3.25,0,5.5],"texture":"#0"},"up":{"uv":[0,3.25,0.5,3.75],"texture":"#0"}}},{"from":[7.75,0,8.25],"to":[9.75,13,10.25],"rotation":{"angle":22.5,"axis":"x","origin":[8.75,12.56127,10.45566]},"faces":{"north":{"uv":[0.75,3.25,1.25,6.5],"texture":"#0"},"east":{"uv":[1.25,3.25,0.75,6.5],"texture":"#0"},"south":{"uv":[0.75,3.25,1.25,6.5],"texture":"#0"},"west":{"uv":[1.25,3.25,0.75,6.5],"texture":"#0"},"up":{"uv":[0.5,0,1,0.5],"texture":"#missing"}}},{"name":"cube inverted","from":[10,23.87253,14.66132],"to":[7.5,10.37253,12.16132],"rotation":{"angle":45,"axis":"x","origin":[9.25,18.62253,9.66132]},"faces":{"north":{"uv":[4,6.5,4.5,3.25],"texture":"#0","tintindex":0},"east":{"uv":[4.5,6.5,4,3.25],"texture":"#0","tintindex":0},"south":{"uv":[5.25,6.5,4.75,3.25],"texture":"#0","tintindex":0},"west":{"uv":[4.75,6.5,5.25,3.25],"texture":"#0","tintindex":0},"down":{"uv":[4.75,3.25,5,3.5],"texture":"#0","tintindex":0}}},{"name":"cube inverted","from":[8,25.37253,10.91132],"to":[5.5,11.87253,8.41132],"rotation":{"angle":22.5,"axis":"x","origin":[6.75,18.62253,9.66132]},"faces":{"north":{"uv":[4.5,6.5,4,3.25],"texture":"#0","tintindex":0},"east":{"uv":[5.25,6.5,4.75,3.25],"texture":"#0","tintindex":0},"south":{"uv":[4.75,6.5,5.25,3.25],"texture":"#0","tintindex":0},"west":{"uv":[4,6.5,4.5,3.25],"texture":"#0","tintindex":0},"down":{"uv":[5,3.25,4.75,3.5],"texture":"#0","tintindex":0}}},{"from":[8,8.79893,16.90824],"to":[10,18.79893,16.90824],"rotation":{"angle":-22.5,"axis":"x","origin":[11,18.79893,16.90824]},"faces":{"north":{"uv":[2,0,0,10],"texture":"#1","tintindex":0},"south":{"uv":[0,0,2,10],"texture":"#1","tintindex":0}}},{"from":[5.5,15.25745,15.80968],"to":[7.5,25.25745,15.80968],"rotation":{"angle":-22.5,"axis":"x","origin":[9,18.75745,16.80968]},"faces":{"north":{"uv":[2,0,0,10],"texture":"#2","tintindex":0},"south":{"uv":[0,0,2,10],"texture":"#2","tintindex":0}}},{"name":"cube inverted","from":[13,12,10],"to":[3,0,2],"faces":{"north":{"uv":[0,3,2.5,0],"texture":"#0","tintindex":0},"east":{"uv":[4.5,3,2.5,0],"texture":"#0","tintindex":0},"south":{"uv":[4.5,3,7,0],"texture":"#0","tintindex":0},"west":{"uv":[2.5,3,4.5,0],"texture":"#0","tintindex":0}}},{"name":"cube inverted","from":[13,12,10],"to":[3,0,2],"faces":{"north":{"uv":[9,3,11.5,0],"texture":"#0"},"east":{"uv":[13.5,3,11.5,0],"texture":"#0"},"south":{"uv":[13.5,3,16,0],"texture":"#0"},"west":{"uv":[11.5,3,13.5,0],"texture":"#0"},"up":{"uv":[13.5,3,16,5],"texture":"#0"}}}],"display":{"gui":{"rotation":[39,17,-29],"translation":[-0.75,-2.5,0],"scale":[0.63,0.63,0.63]},"head":{"rotation":[18,0,0],"translation":[0,-53.75,11.5],"scale":[1.61,1.61,1.61]},"thirdperson_righthand":{"rotation":[108.0,0,0],"translation":[-1.0,-9.1875,14.006248],"scale":[1.00625,1.00625,1.00625]}}}