{"credit":"Made with Blockbench","textures":{"0":"custom/cosmetics/hard_hat","particle":"custom/cosmetics/hard_hat"},"elements":[{"from":[4,0,4],"to":[12,4,12],"faces":{"north":{"uv":[0,4.5,4,6.5],"texture":"#0"},"east":{"uv":[4,4.5,8,6.5],"texture":"#0"},"south":{"uv":[0,4.5,4,6.5],"texture":"#0"},"west":{"uv":[4,4.5,8,6.5],"texture":"#0"},"up":{"uv":[0,0,4,4],"texture":"#0"},"down":{"uv":[6,1.5,8,3.5],"texture":"#0"}}},{"from":[7,0,3],"to":[9,5,13],"faces":{"north":{"uv":[10,5,11,7.5],"texture":"#0"},"east":{"uv":[4.5,1,9.5,3.5],"texture":"#0"},"south":{"uv":[10,5,11,7.5],"texture":"#0"},"west":{"uv":[4.5,1,9.5,3.5],"texture":"#0"},"up":{"uv":[10,0,11,5],"texture":"#0"}}},{"from":[3,0,1],"to":[13,0,13],"faces":{"up":{"uv":[0,8,5,14],"rotation":180,"texture":"#0"},"down":{"uv":[0,8,5,14],"texture":"#0"}}}],"display":{"thirdperson_righthand":{"rotation":[93.0,0,0],"translation":[-1.0,-2.46875,23.857422],"scale":[1.1132812,1.1132812,1.1132812]},"thirdperson_lefthand":{"rotation":[39,38,0],"translation":[0,4,1.75],"scale":[0.4,0.4,0.4]},"firstperson_righthand":{"rotation":[0,13,0],"translation":[6.75,5.75,0]},"firstperson_lefthand":{"rotation":[0,13,0],"translation":[6.75,5.75,0]},"ground":{"translation":[0,3.25,0],"scale":[0.4,0.4,0.4]},"gui":{"rotation":[30,135,0],"translation":[0.25,5.25,0]},"head":{"rotation":[3,0,0],"translation":[0,17.25,0.75],"scale":[1.9,1.9,1.9]},"fixed":{"rotation":[-90,0,0],"translation":[0,0,-16.25],"scale":[2,2,2]}}}