{"credit":"Made with Blockbench","texture_size":[32,32],"textures":{"0":"custom/cosmetics/hot_air_balloon","1":"custom/decorations/candle_1","particle":"custom/cosmetics/hot_air_balloon"},"elements":[{"from":[4,0,4],"to":[12,6,12],"faces":{"north":{"uv":[4,11.5,8,14.5],"texture":"#0"},"east":{"uv":[4,11.5,8,14.5],"texture":"#0"},"south":{"uv":[4,11.5,8,14.5],"texture":"#0"},"west":{"uv":[4,11.5,8,14.5],"texture":"#0"},"up":{"uv":[0,7.5,4,11.5],"texture":"#0"},"down":{"uv":[0,11.5,4,15.5],"texture":"#0"}}},{"name":"cube inverted","from":[12,6,12],"to":[4,0,4],"faces":{"north":{"uv":[4,14.5,8,11.5],"texture":"#0"},"east":{"uv":[4,14.5,8,11.5],"texture":"#0"},"south":{"uv":[4,14.5,8,11.5],"texture":"#0"},"west":{"uv":[4,14.5,8,11.5],"texture":"#0"},"up":{"uv":[4,11.5,0,15.5],"texture":"#0"},"down":{"uv":[4,7.5,0,11.5],"texture":"#0"}}},{"from":[5,6,5],"to":[11,11,11],"faces":{"north":{"uv":[4.5,9,7.5,11.5],"texture":"#0"},"east":{"uv":[4.5,9,7.5,11.5],"texture":"#0"},"south":{"uv":[4.5,9,7.5,11.5],"texture":"#0"},"west":{"uv":[4.5,9,7.5,11.5],"texture":"#0"}}},{"from":[4,11,4],"to":[12,12,12],"faces":{"north":{"uv":[4,8.5,8,9],"texture":"#0"},"east":{"uv":[4,8.5,8,9],"texture":"#0"},"south":{"uv":[4,8.5,8,9],"texture":"#0"},"west":{"uv":[4,8.5,8,9],"texture":"#0"},"down":{"uv":[0,7.5,4,11.5],"texture":"#0"}}},{"name":"cube inverted","from":[12,12,12],"to":[4,11,4],"faces":{"north":{"uv":[4,9,8,8.5],"texture":"#0"},"east":{"uv":[4,9,8,8.5],"texture":"#0"},"south":{"uv":[4,9,8,8.5],"texture":"#0"},"west":{"uv":[4,9,8,8.5],"texture":"#0"},"up":{"uv":[4,7.5,0,11.5],"texture":"#0"}}},{"name":"cube inverted","from":[11,11,11],"to":[5,6,5],"faces":{"north":{"uv":[4.5,11.5,7.5,9],"texture":"#0"},"east":{"uv":[4.5,11.5,7.5,9],"texture":"#0"},"south":{"uv":[4.5,11.5,7.5,9],"texture":"#0"},"west":{"uv":[4.5,11.5,7.5,9],"texture":"#0"}}},{"from":[4,12,4],"to":[12,14,12],"faces":{"north":{"uv":[4,7.5,8,8.5],"texture":"#0","tintindex":0},"east":{"uv":[4,7.5,8,8.5],"texture":"#0","tintindex":0},"south":{"uv":[4,7.5,8,8.5],"texture":"#0","tintindex":0},"west":{"uv":[4,7.5,8,8.5],"texture":"#0","tintindex":0}}},{"name":"cube inverted","from":[12,14,12],"to":[4,12,4],"faces":{"north":{"uv":[4,8.5,8,7.5],"texture":"#0","tintindex":0},"east":{"uv":[4,8.5,8,7.5],"texture":"#0","tintindex":0},"south":{"uv":[4,8.5,8,7.5],"texture":"#0","tintindex":0},"west":{"uv":[4,8.5,8,7.5],"texture":"#0","tintindex":0}}},{"from":[0,14,0],"to":[16,29,16],"faces":{"north":{"uv":[0,0,8,7.5],"texture":"#0","tintindex":0},"east":{"uv":[0,0,8,7.5],"texture":"#0","tintindex":0},"south":{"uv":[0,0,8,7.5],"texture":"#0","tintindex":0},"west":{"uv":[0,0,8,7.5],"texture":"#0","tintindex":0},"up":{"uv":[8,0,16,8],"texture":"#0","tintindex":0},"down":{"uv":[8,8,16,16],"texture":"#0","tintindex":0}}},{"name":"cube inverted","from":[16,29,16],"to":[0,14,0],"faces":{"north":{"uv":[0,7.5,8,0],"texture":"#0","tintindex":0},"east":{"uv":[0,7.5,8,0],"texture":"#0","tintindex":0},"south":{"uv":[0,7.5,8,0],"texture":"#0","tintindex":0},"west":{"uv":[0,7.5,8,0],"texture":"#0","tintindex":0},"up":{"uv":[16,8,8,16],"texture":"#0","tintindex":0},"down":{"uv":[16,0,8,8],"texture":"#0","tintindex":0}}},{"from":[6.5,-2,6.5],"to":[9.5,-1,9.5],"faces":{"north":{"uv":[4,14.5,5.5,15],"texture":"#0"},"east":{"uv":[5.5,14.5,4,15],"texture":"#0"},"south":{"uv":[4,14.5,5.5,15],"texture":"#0"},"west":{"uv":[5.5,14.5,4,15],"texture":"#0"},"up":{"uv":[4,14.5,5.5,16],"rotation":90,"texture":"#0"},"down":{"uv":[4,14.5,5.5,16],"texture":"#0"}}},{"from":[7,-1,8],"to":[9,0,8],"rotation":{"angle":-45,"axis":"y","origin":[8,-0.5,8]},"faces":{"north":{"uv":[5.5,14.5,6.5,15],"texture":"#0"},"south":{"uv":[5.5,14.5,6.5,15],"texture":"#0"}}},{"from":[7,-1,8],"to":[9,0,8],"rotation":{"angle":45,"axis":"y","origin":[8,-0.5,8]},"faces":{"north":{"uv":[5.5,14.5,6.5,15],"texture":"#0"},"south":{"uv":[5.5,14.5,6.5,15],"texture":"#0"}}},{"from":[6.5,11,8],"to":[9.5,14,8],"rotation":{"angle":45,"axis":"y","origin":[8,12.5,8]},"faces":{"north":{"uv":[9,0,12,3],"texture":"#1"},"south":{"uv":[9,0,12,3],"texture":"#1"}}},{"from":[6.5,11,8],"to":[9.5,14,8],"rotation":{"angle":-45,"axis":"y","origin":[8,12.5,8]},"faces":{"north":{"uv":[9,0,12,3],"texture":"#1"},"south":{"uv":[9,0,12,3],"texture":"#1"}}}],"display":{"gui":{"rotation":[28,45,0],"translation":[0,-3.25,0],"scale":[0.45,0.45,0.45]},"head":{"translation":[0,12.25,0],"scale":[2.2857,2.2857,2.2857]}}}