{"credit":"Made with Blockbench","textures":{"0":"custom/cosmetics/knit_hat","particle":"custom/cosmetics/knit_hat"},"elements":[{"from":[3,0,3],"to":[13,5,13],"faces":{"north":{"uv":[0,0,5,2.5],"texture":"#0","tintindex":0},"east":{"uv":[0,0,5,2.5],"texture":"#0","tintindex":0},"south":{"uv":[0,0,5,2.5],"texture":"#0","tintindex":0},"west":{"uv":[0,0,5,2.5],"texture":"#0","tintindex":0},"up":{"uv":[5,2.5,10,7.5],"texture":"#0","tintindex":0},"down":{"uv":[0,2.5,5,7.5],"texture":"#0"}}},{"from":[2.75,-0.25,2.75],"to":[13.25,5.25,13.25],"faces":{"north":{"uv":[0,7.5,5,10],"texture":"#0"},"east":{"uv":[0,7.5,5,10],"texture":"#0"},"south":{"uv":[0,7.5,5,10],"texture":"#0"},"west":{"uv":[0,7.5,5,10],"texture":"#0"},"down":{"uv":[0,2.5,5,7.5],"texture":"#0"}}},{"from":[13.25,5.25,13.25],"to":[2.75,-0.25,2.75],"faces":{"north":{"uv":[0,7.5,5,10],"rotation":180,"texture":"#0"},"east":{"uv":[0,7.5,5,10],"rotation":180,"texture":"#0"},"south":{"uv":[0,7.5,5,10],"rotation":180,"texture":"#0"},"west":{"uv":[0,7.5,5,10],"rotation":180,"texture":"#0"},"up":{"uv":[0,2.5,5,7.5],"texture":"#0"}}},{"from":[6,5,6],"to":[10,9,10],"faces":{"north":{"uv":[5,0,7,2],"texture":"#0"},"east":{"uv":[5,0,7,2],"texture":"#0"},"south":{"uv":[5,0,7,2],"texture":"#0"},"west":{"uv":[5,0,7,2],"texture":"#0"},"up":{"uv":[7,0,9,2],"texture":"#0"}}}],"display":{"thirdperson_righthand":{"rotation":[106.0,0,0],"translation":[-1.0,-4.34375,22.685547],"scale":[0.9375,0.9375,0.9375]},"thirdperson_lefthand":{"rotation":[43,53,0],"translation":[0,1.75,0.5],"scale":[0.4,0.4,0.4]},"firstperson_righthand":{"rotation":[0,39,0],"translation":[8.75,4.25,-5.25]},"firstperson_lefthand":{"rotation":[0,39,0],"translation":[8.75,4.25,-5.25]},"ground":{"translation":[0,4.75,0],"scale":[0.4,0.4,0.4]},"gui":{"rotation":[30,45,0],"translation":[0,4.5,0]},"head":{"rotation":[16,0,0],"translation":[0,15.25,3.75],"scale":[1.6,1.6,1.6]},"fixed":{"rotation":[-90,0,0],"translation":[0,0,-16],"scale":[2,2,2]}}}