{"credit":"Made with Blockbench","texture_size":[32,32],"textures":{"0":"custom/cosmetics/large_cutlery","particle":"custom/cosmetics/large_cutlery"},"elements":[{"from":[7,-3,7],"to":[9,9,9],"faces":{"north":{"uv":[1,10,0,16],"texture":"#0","tintindex":0},"east":{"uv":[0,10,1,16],"texture":"#0","tintindex":0},"south":{"uv":[1,10,0,16],"texture":"#0","tintindex":0},"west":{"uv":[0,10,1,16],"texture":"#0","tintindex":0},"down":{"uv":[0,15.5,0.5,16],"texture":"#0","tintindex":0}}},{"from":[7,-3,7],"to":[9,9,9],"faces":{"north":{"uv":[2,10,1,16],"texture":"#0"},"east":{"uv":[1,10,2,16],"texture":"#0"},"south":{"uv":[2,10,1,16],"texture":"#0"},"west":{"uv":[1,10,2,16],"texture":"#0"},"up":{"uv":[0,9.5,0.5,10],"texture":"#0"}}},{"from":[7,9,8],"to":[9,17,8],"faces":{"north":{"uv":[0,6,1,10],"texture":"#0"},"south":{"uv":[0,6,1,10],"texture":"#0"}}},{"from":[4.5,17,7.5],"to":[11.5,27,8.5],"rotation":{"angle":0,"axis":"y","origin":[0.5,0,0]},"faces":{"north":{"uv":[4,1,7.5,6],"texture":"#0"},"east":{"uv":[4,1,4.5,6],"texture":"#0"},"south":{"uv":[8,1,11.5,6],"texture":"#0"},"west":{"uv":[4,1,4.5,6],"texture":"#0"},"up":{"uv":[4,1,7.5,1.5],"texture":"#0"},"down":{"uv":[0,5.5,3.5,6],"texture":"#0"}}},{"name":"cube inverted","from":[11.5,27,8.5],"to":[4.5,17,7.5],"rotation":{"angle":0,"axis":"y","origin":[0.5,0,0]},"faces":{"north":{"uv":[4,11,7.5,6],"texture":"#0"},"east":{"uv":[4,11,4.5,6],"texture":"#0"},"south":{"uv":[4,6,7.5,1],"texture":"#0"},"west":{"uv":[4,11,4.5,6],"texture":"#0"},"up":{"uv":[7.5,6,4,6.5],"texture":"#0"},"down":{"uv":[7.5,6,4,6.5],"texture":"#0"}}}],"gui_light":"front","display":{"thirdperson_righthand":{"rotation":[48.0,-43.0,11.0],"translation":[-1.9375,-0.125,1.328125],"scale":[0.9375,0.9375,0.9375]},"thirdperson_lefthand":{"rotation":[48,43,-11],"translation":[0,0,0.75]},"firstperson_righthand":{"translation":[14,0,0],"scale":[0,0,0]},"firstperson_lefthand":{"translation":[14,0,0],"scale":[0,0,0]},"gui":{"rotation":[0,180,47],"translation":[-2.25,-2,0],"scale":[0.58,0.58,0.58]}}}