{"credit":"Made with Blockbench","textures":{"0":"custom/cosmetics/marshmallow_stick","1":"custom/cosmetics/marshmallow_stick_flame","2":"custom/cosmetics/marshmallow_stick_flame_base","particle":"custom/cosmetics/marshmallow_stick"},"elements":[{"from":[7,15,7],"to":[9,18,9],"faces":{"north":{"uv":[1,1,2,2.5],"texture":"#0"},"east":{"uv":[2,1,1,2.5],"texture":"#0"},"south":{"uv":[1,1,2,2.5],"texture":"#0"},"west":{"uv":[2,1,1,2.5],"texture":"#0"},"up":{"uv":[1,0,2,1],"texture":"#0"},"down":{"uv":[1,2.5,2,3.5],"texture":"#0"}}},{"from":[7.5,0,7.5],"to":[8.5,20,8.5],"faces":{"north":{"uv":[0,0,0.5,10],"texture":"#0"},"east":{"uv":[0,0,0.5,10],"texture":"#0"},"south":{"uv":[0,0,0.5,10],"texture":"#0"},"west":{"uv":[0,0,0.5,10],"texture":"#0"},"up":{"uv":[0,0,0.5,0.5],"texture":"#0"},"down":{"uv":[0,9.5,0.5,10],"texture":"#0"}}},{"name":"cube inverted","from":[9.25,18.25,9.25],"to":[6.75,14.75,6.75],"faces":{"north":{"uv":[1,1.5,0,0],"texture":"#2"},"east":{"uv":[1,1.5,0,0],"texture":"#2"},"south":{"uv":[1,1.5,0,0],"texture":"#2"},"west":{"uv":[1,1.5,0,0],"texture":"#2"},"up":{"uv":[1,1.5,0,0],"texture":"#2"},"down":{"uv":[1,1.5,0,0],"texture":"#2"}}},{"name":"cube inverted","from":[13.25,18,9],"to":[9.25,15,7],"rotation":{"angle":0,"axis":"z","origin":[1.5,2,1]},"faces":{"north":{"uv":[3,0,0,4],"rotation":90,"texture":"#1"},"south":{"uv":[3,0,0,4],"rotation":270,"texture":"#1"},"up":{"uv":[0,4,2,0],"rotation":90,"texture":"#1"},"down":{"uv":[0,4,2,0],"rotation":90,"texture":"#1"}}}],"display":{"thirdperson_righthand":{"rotation":[1,-84,13],"translation":[-1.46875,6.4375,0.625],"scale":[0.9375,0.9375,0.9375]},"thirdperson_lefthand":{"rotation":[1,84,-13],"translation":[-0.5,7,0]},"firstperson_righthand":{"rotation":[-78,-73,-49],"translation":[4.25,2,2.5]},"firstperson_lefthand":{"rotation":[-70,116,40],"translation":[4.25,2,2.5],"scale":[0,0,0]},"ground":{"translation":[0,4.5,0],"scale":[0.4,0.4,0.4]},"gui":{"rotation":[25,-137,58],"translation":[-1.25,-1.75,0],"scale":[0.89,0.89,0.89]},"head":{"rotation":[0,180,90],"translation":[0,-0.75,-0.75],"scale":[1.6,1.6,1.6]},"fixed":{"rotation":[-90,0,0],"translation":[0,-1,-14],"scale":[2,2,2]}},"groups":[{"name":"group","origin":[8,8,8],"color":0,"children":[0,1,2]},3]}