{"credit":"Made with Blockbench","textures":{"0":"custom/cosmetics/mohawk","particle":"custom/cosmetics/mohawk"},"elements":[{"from":[8,0,2],"to":[8,12,14],"faces":{"east":{"uv":[14,1,2,13],"texture":"#0","tintindex":0},"west":{"uv":[2,1,14,13],"texture":"#0","tintindex":0}}}],"display":{"thirdperson_righthand":{"rotation":[90.0,0.0,0.0],"scale":[0.9375,0.9375,0.9375],"translation":[-1.0,-3.09375,18.4375]},"thirdperson_lefthand":{"rotation":[44,-85,0],"scale":[0.3,0.3,0.3]},"firstperson_righthand":{"translation":[2.25,2,0]},"firstperson_lefthand":{"translation":[2.25,2,0]},"ground":{"translation":[0,5.75,0],"scale":[0.4,0.4,0.4]},"gui":{"rotation":[0,90,0],"translation":[0,2,0]},"head":{"translation":[0,8,1.75],"scale":[1.6,1.6,1.6]},"fixed":{"rotation":[-90,0,0],"translation":[0,10,-1],"scale":[2,2,2]}}}