{"credit":"Made with Blockbench","textures":{"0":"custom/cosmetics/mug_hat","particle":"custom/cosmetics/mug_hat"},"elements":[{"from":[4.5,0,4.5],"to":[11.5,8,11.5],"faces":{"north":{"uv":[0,8,7,16],"texture":"#0"},"east":{"uv":[0,8,7,16],"texture":"#0"},"south":{"uv":[0,8,7,16],"texture":"#0"},"west":{"uv":[0,8,7,16],"texture":"#0"},"up":{"uv":[0,0,7,7],"texture":"#0"},"down":{"uv":[8,0,15,7],"texture":"#0"}}},{"from":[4.5,0.5,0.5],"to":[11.5,0.5,4.5],"faces":{"up":{"uv":[9,12,16,16],"rotation":180,"texture":"#0"},"down":{"uv":[9,12,16,16],"texture":"#0"}}},{"from":[2.5,1,7.5],"to":[4.5,2,8.5],"rotation":{"angle":0,"axis":"y","origin":[10,14,16]},"faces":{"north":{"uv":[7,9,9,10],"texture":"#0"},"south":{"uv":[7,9,9,10],"rotation":180,"texture":"#0"},"west":{"uv":[8,9,9,10],"texture":"#0"},"up":{"uv":[7,9,9,10],"rotation":180,"texture":"#0"},"down":{"uv":[7,9,9,10],"rotation":180,"texture":"#0"}}},{"from":[2.5,6,7.5],"to":[4.5,7,8.5],"rotation":{"angle":0,"axis":"y","origin":[10,14,16]},"faces":{"north":{"uv":[7,9,9,10],"texture":"#0"},"south":{"uv":[7,9,9,10],"rotation":180,"texture":"#0"},"west":{"uv":[8,9,9,10],"texture":"#0"},"up":{"uv":[7,9,9,10],"rotation":180,"texture":"#0"},"down":{"uv":[7,9,9,10],"rotation":180,"texture":"#0"}}},{"from":[2.5,2,7.5],"to":[3.5,6,8.5],"rotation":{"angle":0,"axis":"y","origin":[10,14,16]},"faces":{"north":{"uv":[8,10,9,14],"texture":"#0"},"east":{"uv":[8,10,9,14],"texture":"#0"},"south":{"uv":[8,10,9,14],"texture":"#0"},"west":{"uv":[8,10,9,14],"texture":"#0"}}}],"display":{"thirdperson_righthand":{"rotation":[90.0,0.0,0.0],"translation":[-1.0,-2.0,25.175781],"scale":[0.9375,0.9375,0.9375]},"thirdperson_lefthand":{"rotation":[63,51,0],"translation":[0,1.75,1.5],"scale":[0.4,0.4,0.4]},"firstperson_righthand":{"rotation":[0,-54,0],"translation":[10,4,-6.75]},"firstperson_lefthand":{"rotation":[0,-54,0],"translation":[10,4,-6.75]},"ground":{"translation":[0,3.5,0],"scale":[0.4,0.4,0.4]},"gui":{"rotation":[30,135,0],"translation":[0.25,3.75,0]},"head":{"translation":[0,19.5,0],"scale":[1.6,1.6,1.6]},"fixed":{"rotation":[-90,0,0],"translation":[0,0,-16],"scale":[2,2,2]}},"groups":[0,1,{"name":"group","origin":[8,8,8],"children":[2,3,4]}]}