{"credit":"Made with Blockbench","texture_size":[32,32],"textures":{"1":"custom/cosmetics/net","particle":"custom/cosmetics/net"},"elements":[{"name":"handle","from":[7,0,7],"to":[9,20,9],"faces":{"north":{"uv":[7,0,8,10],"texture":"#1"},"east":{"uv":[8,0,7,10],"texture":"#1"},"south":{"uv":[7,0,8,10],"texture":"#1"},"west":{"uv":[8,0,7,10],"texture":"#1"},"up":{"uv":[7,0,8,1],"texture":"#1"},"down":{"uv":[7,0,8,1],"texture":"#1"}}},{"name":"handle","from":[6.75,-0.25,6.75],"to":[9.25,20.25,9.25],"faces":{"north":{"uv":[0,0,1,10],"texture":"#1","tintindex":0},"east":{"uv":[1,0,0,10],"texture":"#1","tintindex":0},"south":{"uv":[0,0,1,10],"texture":"#1","tintindex":0},"west":{"uv":[1,0,0,10],"texture":"#1","tintindex":0}}},{"name":"rim","from":[3,20,7.5],"to":[13,30,8.5],"faces":{"north":{"uv":[1.5,0.5,6.5,5.5],"texture":"#1"},"east":{"uv":[6.5,0.5,7,5.5],"texture":"#1"},"south":{"uv":[1.5,0.5,6.5,5.5],"texture":"#1"},"west":{"uv":[1,0.5,1.5,5.5],"texture":"#1"},"up":{"uv":[1.5,0,6.5,0.5],"rotation":90,"texture":"#1"},"down":{"uv":[1.5,5.5,6.5,6],"rotation":90,"texture":"#1"}}},{"name":"rim_inner","from":[12,21,7.5],"to":[4,29,8.5],"faces":{"east":{"uv":[6.5,1,7,5],"texture":"#1"},"west":{"uv":[1,1,1.5,5],"texture":"#1"},"up":{"uv":[2,0,6,0.5],"rotation":90,"texture":"#1"},"down":{"uv":[2,5.5,6,6],"rotation":90,"texture":"#1"}}},{"name":"net","from":[4,21,8.5],"to":[12,29,16.5],"faces":{"east":{"uv":[12,0,16,4],"texture":"#1"},"south":{"uv":[16,4,12,0],"texture":"#1"},"west":{"uv":[12,0,16,4],"rotation":180,"texture":"#1"},"up":{"uv":[12,0,16,4],"rotation":270,"texture":"#1"},"down":{"uv":[12,0,16,4],"rotation":90,"texture":"#1"}}},{"name":"net_inner","from":[4,29,8.5],"to":[12,21,16.5],"faces":{"east":{"uv":[12,0,16,4],"texture":"#1"},"south":{"uv":[16,0,12,4],"texture":"#1"},"west":{"uv":[12,0,16,4],"rotation":180,"texture":"#1"},"up":{"uv":[12,0,16,4],"rotation":270,"texture":"#1"},"down":{"uv":[12,0,16,4],"rotation":90,"texture":"#1"}}},{"name":"handle inverted","from":[9.25,20.25,9.25],"to":[6.75,-0.25,6.75],"faces":{"north":{"uv":[0,10,1,0],"texture":"#1","tintindex":0},"east":{"uv":[1,10,0,0],"texture":"#1","tintindex":0},"south":{"uv":[0,10,1,0],"texture":"#1","tintindex":0},"west":{"uv":[1,10,0,0],"texture":"#1","tintindex":0}}}],"gui_light":"front","display":{"thirdperson_righthand":{"rotation":[116.4,-25.3,43.83],"translation":[1.8125,-5.75,10.1]},"ground":{"translation":[0,19.5,0],"scale":[0.81,0.81,0.81]},"gui":{"rotation":[147,54,-99],"translation":[-3.75,-3,0],"scale":[0.56,0.56,0.56]},"head":{"rotation":[26.4,-25.3,43.83],"translation":[4.5,-60,6],"scale":[1.6,1.6,1.6]}},"groups":[0,1,2,3,4,5,{"name":"tint","origin":[8,8,8],"color":0,"children":[]},6]}