{"credit":"Made with Blockbench","textures":{"0":"custom/cosmetics/original_banner","particle":"custom/cosmetics/original_banner"},"elements":[{"from":[6.5,20,3],"to":[9.5,23,21],"rotation":{"angle":0,"axis":"y","origin":[8,16,16]},"faces":{"north":{"uv":[8,0,8.75,0.75],"texture":"#0"},"east":{"uv":[0,0,4.5,0.75],"texture":"#0"},"south":{"uv":[8,0,8.75,0.75],"texture":"#0"},"west":{"uv":[0,0,4.5,0.75],"texture":"#0"},"up":{"uv":[0,0.75,4.5,1.5],"rotation":270,"texture":"#0"},"down":{"uv":[0,1.5,4.5,2.25],"rotation":270,"texture":"#0"}}},{"from":[8,-11,5],"to":[8,20,19],"rotation":{"angle":0,"axis":"y","origin":[8,16,16]},"faces":{"east":{"uv":[4.5,0,8,7.75],"texture":"#0"},"west":{"uv":[4.5,0,8,7.75],"texture":"#0"}}},{"from":[7,-9,3],"to":[9,21,5],"rotation":{"angle":22.5,"axis":"x","origin":[8,16,16]},"faces":{"north":{"uv":[8.75,0.5,9.25,8],"texture":"#0"},"east":{"uv":[8.75,0.5,9.25,8],"texture":"#0"},"south":{"uv":[8.75,0.5,9.25,8],"texture":"#0"},"west":{"uv":[9.25,0.5,8.75,8],"texture":"#0"},"up":{"uv":[8.75,0.5,9.25,1],"texture":"#0"}}},{"from":[3.9,-8.1,-6.1],"to":[12.1,4.1,0.1],"rotation":{"angle":0,"axis":"y","origin":[8,16,18]},"faces":{"north":{"uv":[0,8,2,11],"texture":"#0"},"east":{"uv":[0,8,1.5,11],"texture":"#0"},"south":{"uv":[0,8,2,11],"texture":"#0"},"west":{"uv":[0.5,8,2,11],"texture":"#0"},"up":{"uv":[0,12.5,2,14],"texture":"#0"}}},{"from":[12.1,4.1,0.1],"to":[3.9,-8.1,-6.1],"rotation":{"angle":0,"axis":"y","origin":[8,16,16]},"faces":{"north":{"uv":[0,8,2,11],"rotation":180,"texture":"#0"},"east":{"uv":[0,8,1.5,11],"rotation":180,"texture":"#0"},"south":{"uv":[0,8,2,11],"rotation":180,"texture":"#0"},"west":{"uv":[0.5,8,2,11],"rotation":180,"texture":"#0"},"down":{"uv":[0,12.5,2,14],"texture":"#0"}}},{"from":[8,23,4],"to":[8,31,9],"faces":{"east":{"uv":[10.5,6.25,9.25,8.25],"texture":"#0"},"west":{"uv":[9.25,6.25,10.5,8.25],"texture":"#0"}}},{"from":[4,-4,-6],"to":[12,4,0],"rotation":{"angle":0,"axis":"y","origin":[8,16,18]},"faces":{"north":{"uv":[2,8,4,10],"texture":"#0","tintindex":0},"east":{"uv":[2,8,3.5,10],"texture":"#0","tintindex":0},"south":{"uv":[2,8,4,10],"texture":"#0","tintindex":0},"west":{"uv":[2.5,8,4,10],"texture":"#0","tintindex":0},"up":{"uv":[2,10,4,11.5],"rotation":180,"texture":"#0","tintindex":0},"down":{"uv":[2,10,4,12],"rotation":180,"texture":"#0","tintindex":0}}},{"from":[8,-11,5],"to":[8,20,19],"rotation":{"angle":0,"axis":"y","origin":[8,16,16]},"faces":{"east":{"uv":[4.5,8,8,15.75],"texture":"#0","tintindex":0},"west":{"uv":[4.5,8,8,15.75],"texture":"#0","tintindex":0}}},{"from":[6.4,19.9,2.9],"to":[9.6,23.1,21.1],"rotation":{"angle":0,"axis":"y","origin":[8,16,16]},"faces":{"east":{"uv":[0,2.25,4.5,3],"texture":"#0","tintindex":0},"west":{"uv":[0,2.25,4.5,3],"texture":"#0","tintindex":0},"up":{"uv":[0,2.5,4.5,3.25],"rotation":270,"texture":"#0","tintindex":0},"down":{"uv":[0,3.75,4.5,4.5],"rotation":270,"texture":"#0","tintindex":0}}}],"display":{"thirdperson_righthand":{"rotation":[90.0,0.0,0.0],"translation":[-1.0,-17.3125,23.381248],"scale":[0.95624995,0.95624995,0.95624995]},"thirdperson_lefthand":{"rotation":[51,58,0],"translation":[4.25,1,3.75],"scale":[0.4,0.4,0.4]},"firstperson_righthand":{"rotation":[0,36,0],"translation":[15.75,0,-12]},"firstperson_lefthand":{"rotation":[0,36,0],"translation":[15.75,0,-12]},"ground":{"translation":[0,8,0],"scale":[0.4,0.4,0.4]},"gui":{"rotation":[30,125,0],"translation":[1.25,-0.25,0],"scale":[0.41,0.41,0.41]},"head":{"translation":[0,-38.75,24.5],"scale":[1.53,1.53,1.53]},"fixed":{"rotation":[0,-180,0],"translation":[0,8.5,-17.75],"scale":[2,2,2]}},"groups":[{"name":"group","origin":[8,8,8],"children":[0,1,2,3,4,5,{"name":"group","origin":[8,10,16],"children":[6,7,8]}]}]}