{"credit":"Made with Blockbench","textures":{"0":"custom/cosmetics/original_staff","particle":"custom/cosmetics/original_staff"},"elements":[{"from":[7,-4,7],"to":[9,21,9],"faces":{"north":{"uv":[0,3.5,1,16],"texture":"#0"},"east":{"uv":[0,3.5,1,16],"texture":"#0"},"south":{"uv":[0,3.5,1,16],"texture":"#0"},"west":{"uv":[0,3.5,1,16],"texture":"#0"},"down":{"uv":[0,15,1,16],"texture":"#0"}}},{"from":[5,21,5],"to":[11,27,11],"faces":{"north":{"uv":[5,6.5,8,9.5],"texture":"#0"},"east":{"uv":[2,6.5,5,9.5],"texture":"#0"},"south":{"uv":[5,6.5,8,9.5],"texture":"#0"},"west":{"uv":[2,6.5,5,9.5],"texture":"#0"},"up":{"uv":[2,3.5,5,6.5],"texture":"#0"},"down":{"uv":[5,3.5,8,6.5],"texture":"#0"}}},{"from":[2.5,17,8],"to":[13.5,21,8],"rotation":{"angle":45,"axis":"y","origin":[8,8,8]},"faces":{"north":{"uv":[0,0,5.5,2],"texture":"#0"},"south":{"uv":[0,0,5.5,2],"texture":"#0"}}},{"from":[2.5,17,8],"to":[13.5,21,8],"rotation":{"angle":-45,"axis":"y","origin":[8,8,8]},"faces":{"north":{"uv":[0,0,5.5,2],"texture":"#0"},"south":{"uv":[0,0,5.5,2],"texture":"#0"}}},{"from":[6.9,-4.1,6.9],"to":[9.1,21.1,9.1],"faces":{"north":{"uv":[1,3.5,2,16],"texture":"#0","tintindex":0},"east":{"uv":[1,3.5,2,16],"texture":"#0","tintindex":0},"south":{"uv":[1,3.5,2,16],"texture":"#0","tintindex":0},"west":{"uv":[1,3.5,2,16],"texture":"#0","tintindex":0},"down":{"uv":[1,15,2,16],"texture":"#0","tintindex":0}}}],"display":{"thirdperson_righthand":{"rotation":[49.0,-14.0,6.0],"translation":[-2.171875,-2.703125,-0.078125],"scale":[0.9375,0.9375,0.9375]},"thirdperson_lefthand":{"rotation":[49,14,-6],"translation":[0.25,-2.75,-0.75]},"firstperson_righthand":{"rotation":[11,4,0],"translation":[8.5,-7.25,-2.25]},"firstperson_lefthand":{"rotation":[11,4,0],"translation":[8.5,-7.25,-2.25],"scale":[0,0,0]},"ground":{"translation":[0,7,0],"scale":[0.4,0.4,0.4]},"gui":{"rotation":[0,45,-45],"translation":[-1.25,-2,0],"scale":[0.6,0.6,0.6]},"head":{"translation":[0,-3.25,0]},"fixed":{"translation":[0,-4,-3],"scale":[2,2,2]}}}