{"credit":"Made with Blockbench","texture_size":[64,64],"textures":{"0":"custom/cosmetics/piglin_mask","1":"custom/cosmetics/piglin_mask_steam","particle":"custom/cosmetics/piglin_mask"},"elements":[{"from":[3.5,0,5],"to":[12.5,8,14],"rotation":{"angle":0,"axis":"y","origin":[0,0,3]},"faces":{"north":{"uv":[0,0,2.25,2],"texture":"#0"},"east":{"uv":[4.5,0,2.25,2],"texture":"#0"},"south":{"uv":[4.5,0,6.75,2],"texture":"#0"},"west":{"uv":[2.25,0,4.5,2],"texture":"#0"},"up":{"uv":[0,4.25,2.25,2],"texture":"#0"},"down":{"uv":[2.25,2,4.5,4.25],"texture":"#0"}}},{"from":[12.5,8,14],"to":[3.5,0,5],"rotation":{"angle":0,"axis":"y","origin":[0,0,3]},"faces":{"north":{"uv":[4.5,2,6.75,0],"texture":"#0"},"east":{"uv":[2.25,2,4.5,0],"texture":"#0"},"south":{"uv":[0,2,2.25,0],"texture":"#0"},"west":{"uv":[4.5,2,2.25,0],"texture":"#0"},"up":{"uv":[2.25,2,4.5,4.25],"texture":"#0"},"down":{"uv":[0,4.25,2.25,2],"texture":"#0"}}},{"from":[3.5,2,6],"to":[4.5,6,9],"rotation":{"angle":-22.5,"axis":"z","origin":[4,7,7.5]},"faces":{"north":{"uv":[7.25,6.75,7.5,7.75],"texture":"#0"},"east":{"uv":[7.25,6.75,8,7.75],"texture":"#0"},"south":{"uv":[7.75,6.75,8,7.75],"texture":"#0"},"west":{"uv":[7.25,6.75,8,7.75],"texture":"#0"},"up":{"uv":[7.25,6.75,8,7],"texture":"#0"},"down":{"uv":[8,7.5,7.25,7.75],"rotation":90,"texture":"#0"}}},{"from":[11.5,2,6],"to":[12.5,6,9],"rotation":{"angle":22.5,"axis":"z","origin":[12,7,7.5]},"faces":{"north":{"uv":[7.5,6.75,7.25,7.75],"texture":"#0"},"east":{"uv":[8,6.75,7.25,7.75],"texture":"#0"},"south":{"uv":[8,6.75,7.75,7.75],"texture":"#0"},"west":{"uv":[8,6.75,7.25,7.75],"texture":"#0"},"up":{"uv":[8,6.75,7.25,7],"texture":"#0"},"down":{"uv":[8,7.75,7.25,7.5],"rotation":90,"texture":"#0"}}},{"from":[3.5,0,5],"to":[12.5,8,14],"rotation":{"angle":0,"axis":"y","origin":[0,0,3]},"faces":{"north":{"uv":[0,4.25,2.25,6.25],"texture":"#0","tintindex":0},"east":{"uv":[4.5,4.25,2.25,6.25],"texture":"#0","tintindex":0},"west":{"uv":[2.25,4.25,4.5,6.25],"texture":"#0","tintindex":0},"up":{"uv":[0,8.5,2.25,6.25],"texture":"#0","tintindex":0},"down":{"uv":[2.25,6.25,4.5,8.5],"texture":"#0","tintindex":0}}},{"from":[6,0,2],"to":[10,3,5],"rotation":{"angle":0,"axis":"y","origin":[0,0,3]},"faces":{"north":{"uv":[4.5,7,5.5,7.75],"texture":"#0"},"east":{"uv":[6.25,7,5.5,7.75],"texture":"#0"},"west":{"uv":[5.5,7,6.25,7.75],"texture":"#0"},"up":{"uv":[4.5,7,5.5,6.25],"texture":"#0"},"down":{"uv":[5.5,6.25,6.5,7],"texture":"#0"}}},{"name":"cube inverted","from":[12.5,8,14],"to":[3.5,0,5],"rotation":{"angle":0,"axis":"y","origin":[0,0,3]},"faces":{"east":{"uv":[2.25,6.25,4.5,4.25],"texture":"#0","tintindex":0},"south":{"uv":[0,6.25,2.25,4.25],"texture":"#0","tintindex":0},"west":{"uv":[4.5,6.25,2.25,4.25],"texture":"#0","tintindex":0},"up":{"uv":[4.5,6.25,2.25,8.5],"texture":"#0","tintindex":0},"down":{"uv":[2.25,8.5,0,6.25],"texture":"#0","tintindex":0}}},{"from":[5.25,0.975,-0.75],"to":[6.25,2.975,0.25],"rotation":{"angle":22.5,"axis":"y","origin":[10.5,0.475,4]},"faces":{"north":{"uv":[4.75,3,5,3.25],"texture":"#0"},"east":{"uv":[4.75,3,5,3.25],"texture":"#0"},"south":{"uv":[5,3,4.75,3.25],"texture":"#0"},"west":{"uv":[5,3,4.75,3.5],"texture":"#0"},"up":{"uv":[4.75,3,5,3.25],"rotation":90,"texture":"#0"},"down":{"uv":[0,0.5,0.25,0],"rotation":270,"texture":"#missing"}}},{"from":[5.25,-0.025,-0.75],"to":[6.25,0.975,3.25],"rotation":{"angle":22.5,"axis":"y","origin":[10.5,0.475,4]},"faces":{"north":{"uv":[4.75,3,4.5,3.25],"texture":"#0"},"east":{"uv":[5,3.75,4.75,2.75],"rotation":90,"texture":"#0"},"south":{"uv":[0.5,0,0,0.25],"texture":"#missing"},"west":{"uv":[5,3.75,4.75,2.75],"rotation":90,"texture":"#0"},"up":{"uv":[4.75,3.75,5,2.75],"rotation":180,"texture":"#0"},"down":{"uv":[4.5,3.75,4.75,2.75],"texture":"#0"}}},{"from":[9.75,0.975,-0.75],"to":[10.75,2.975,0.25],"rotation":{"angle":-22.5,"axis":"y","origin":[5.5,0.475,4]},"faces":{"north":{"uv":[5,3,4.75,3.25],"texture":"#0"},"east":{"uv":[4.75,3,5,3.5],"texture":"#0"},"south":{"uv":[4.75,3,5,3.25],"texture":"#0"},"west":{"uv":[5,3,4.75,3.25],"texture":"#0"},"up":{"uv":[4.75,3.25,5,3],"rotation":90,"texture":"#0"},"down":{"uv":[0,0,0.25,0.5],"rotation":270,"texture":"#missing"}}},{"from":[9.75,-0.025,-0.75],"to":[10.75,0.975,3.25],"rotation":{"angle":-22.5,"axis":"y","origin":[5.5,0.475,4]},"faces":{"north":{"uv":[4.5,3,4.75,3.25],"texture":"#0"},"east":{"uv":[5,2.75,4.75,3.75],"rotation":90,"texture":"#0"},"south":{"uv":[0,0,0.5,0.25],"texture":"#missing"},"west":{"uv":[5,2.75,4.75,3.75],"rotation":90,"texture":"#0"},"up":{"uv":[5,3.75,4.75,2.75],"rotation":180,"texture":"#0"},"down":{"uv":[4.75,3.75,4.5,2.75],"texture":"#0"}}},{"from":[-3,-5,1.175],"to":[7,5,1.175],"rotation":{"angle":45,"axis":"z","origin":[0,0,0]},"faces":{"north":{"uv":[0,0,10,10],"rotation":270,"texture":"#1","tintindex":0},"south":{"uv":[0,10,10,0],"rotation":270,"texture":"#1","tintindex":0}}},{"from":[9,-5,1.175],"to":[19,5,1.175],"rotation":{"angle":-45,"axis":"z","origin":[16,0,0]},"faces":{"north":{"uv":[0,10,10,0],"rotation":270,"texture":"#1","tintindex":0},"south":{"uv":[0,0,10,10],"rotation":270,"texture":"#1","tintindex":0}}},{"from":[7.5,7,4],"to":[8.5,13,6],"rotation":{"angle":-22.5,"axis":"x","origin":[8,10,7]},"faces":{"north":{"uv":[6.75,0,7,1.5],"texture":"#0"},"east":{"uv":[7.25,0,6.75,1.5],"texture":"#0"},"south":{"uv":[7,0,7.25,1.5],"texture":"#0"},"west":{"uv":[6.75,0,7.25,1.5],"texture":"#0"},"up":{"uv":[6.75,0,7.25,0.25],"rotation":90,"texture":"#0"},"down":{"uv":[6.75,1.25,7.25,1.5],"rotation":90,"texture":"#0"}}},{"from":[7.5,7,10],"to":[8.5,13,12],"rotation":{"angle":22.5,"axis":"x","origin":[8,10,9]},"faces":{"north":{"uv":[7,0,7.25,1.5],"texture":"#0"},"east":{"uv":[6.75,0,7.25,1.5],"texture":"#0"},"south":{"uv":[6.75,0,7,1.5],"texture":"#0"},"west":{"uv":[7.25,0,6.75,1.5],"texture":"#0"},"up":{"uv":[7.25,0.25,6.75,0],"rotation":90,"texture":"#0"},"down":{"uv":[7.25,1.5,6.75,1.25],"rotation":90,"texture":"#0"}}},{"from":[7.5,8,7],"to":[8.5,14,9],"rotation":{"angle":0,"axis":"x","origin":[8,10,7]},"faces":{"north":{"uv":[6.75,0,7,1.5],"texture":"#0"},"east":{"uv":[7.25,0,6.75,1.5],"texture":"#0"},"south":{"uv":[7,0,7.25,1.5],"texture":"#0"},"west":{"uv":[6.75,0,7.25,1.5],"texture":"#0"},"up":{"uv":[6.75,0,7.25,0.25],"rotation":90,"texture":"#0"},"down":{"uv":[6.75,1.25,7.25,1.5],"rotation":90,"texture":"#0"}}}],"display":{"thirdperson_righthand":{"rotation":[90,0,0],"translation":[0,2.5,5],"scale":[1.07,1.07,1.07]},"gui":{"rotation":[30,135,0],"translation":[-0.75,3,0]},"head":{"rotation":[2,0,0],"translation":[0,7.5,-3],"scale":[1.79,1.79,1.79]}}}