{"credit":"Made with Blockbench","textures":{"1":"custom/cosmetics/casino_fedora"},"elements":[{"from":[8.9,1.05,7.2],"to":[8.9,7.05,11.2],"rotation":{"angle":-22.5,"axis":"x","origin":[8.9,1.5,9]},"faces":{"east":{"uv":[2,7,4,10],"texture":"#1"},"west":{"uv":[2,7,4,10],"texture":"#1"}}},{"from":[8.65,1.55,7.7],"to":[8.65,7.55,11.7],"rotation":{"angle":22.5,"axis":"x","origin":[8.9,1.5,9]},"faces":{"east":{"uv":[2,7,4,10],"texture":"#1"},"west":{"uv":[2,7,4,10],"texture":"#1"}}},{"from":[8.9,1,7],"to":[8.9,7,11],"rotation":{"angle":22.5,"axis":"z","origin":[8.9,1.5,9]},"faces":{"east":{"uv":[0,7,2,10],"texture":"#1"},"west":{"uv":[0,7,2,10],"texture":"#1"}}}],"display":{"thirdperson_righthand":{"rotation":[0,76,0],"translation":[-1,6,0.75]},"thirdperson_lefthand":{"rotation":[0,-100,0],"translation":[1.25,6,1]},"firstperson_righthand":{"rotation":[-4,13,0],"translation":[10.25,6.5,-6.25]},"firstperson_lefthand":{"rotation":[0,13,0],"translation":[10.25,6.5,-6.25]},"ground":{"translation":[0,8.75,0],"scale":[0.4,0.4,0.4]},"gui":{"rotation":[30,45,0],"translation":[0,5,0]},"head":{"rotation":[3,0,0],"translation":[0,17.5,0.75],"scale":[1.9,1.9,1.9]},"fixed":{"rotation":[-90,0,0],"translation":[0,0,-16.25],"scale":[2,2,2]}}}