{"credit":"Made with Blockbench","textures":{"0":"custom/cosmetics/redstone_stall_gear","particle":"custom/cosmetics/redstone_stall_gear"},"elements":[{"from":[5,5,4],"to":[11,9,12],"rotation":{"angle":0,"axis":"y","origin":[8,13,8]},"faces":{"north":{"uv":[0,2,3,4],"texture":"#0","tintindex":0},"east":{"uv":[0,0,4,2],"texture":"#0","tintindex":0},"south":{"uv":[0,4,3,6],"texture":"#0","tintindex":0},"west":{"uv":[4,0,0,2],"texture":"#0","tintindex":0}}},{"from":[11,9,12],"to":[5,5,4],"rotation":{"angle":0,"axis":"y","origin":[8,13,8]},"faces":{"north":{"uv":[3,4,0,6],"rotation":180,"texture":"#0","tintindex":0},"east":{"uv":[0,0,4,2],"rotation":180,"texture":"#0","tintindex":0},"south":{"uv":[0,2,3,4],"rotation":180,"texture":"#0","tintindex":0},"west":{"uv":[4,0,0,2],"rotation":180,"texture":"#0","tintindex":0}}},{"from":[3,-2,3],"to":[7,2,7],"rotation":{"angle":0,"axis":"y","origin":[11,6,11]},"faces":{"north":{"uv":[4,0,6,2],"texture":"#0"},"east":{"uv":[8,0,6,2],"texture":"#0"},"south":{"uv":[8,0,10,2],"texture":"#0"},"west":{"uv":[6,0,8,2],"texture":"#0"},"up":{"uv":[4,2,6,4],"rotation":180,"texture":"#0"},"down":{"uv":[6,2,8,4],"texture":"#0"}}},{"from":[3,2,4],"to":[3,8,7],"rotation":{"angle":0,"axis":"y","origin":[11,10,12]},"faces":{"east":{"uv":[6.5,4,8,7],"texture":"#0"},"west":{"uv":[8,4,6.5,7],"texture":"#0"}}}],"display":{"thirdperson_righthand":{"rotation":[54.0,-20.0,-0.0],"translation":[-1.9375,1.515625,3.671875],"scale":[0.375,0.375,0.375]},"thirdperson_lefthand":{"rotation":[54,20,0],"translation":[0,1.75,3.25],"scale":[0.4,0.4,0.4]},"firstperson_righthand":{"rotation":[0,35,0],"translation":[3,8,0]},"firstperson_lefthand":{"rotation":[0,35,0],"translation":[3,8,0]},"ground":{"translation":[0,4.25,0],"scale":[0.5,0.5,0.5]},"gui":{"rotation":[30,135,0],"translation":[0,6.25,0]},"head":{"translation":[0,11.25,0],"scale":[1.6,1.6,1.6]}}}