{"credit":"Made with Blockbench","textures":{"0":"custom/cosmetics/reporter_fedora","particle":"custom/cosmetics/reporter_fedora"},"elements":[{"from":[3.9,-0.1,3.9],"to":[12.1,6.1,12.1],"faces":{"north":{"uv":[0,3,4,6],"texture":"#0","tintindex":0},"east":{"uv":[0,3,4,6],"texture":"#0","tintindex":0},"south":{"uv":[0,3,4,6],"texture":"#0","tintindex":0},"west":{"uv":[0,3,4,6],"texture":"#0","tintindex":0}}},{"from":[4,0,4],"to":[12,6,12],"rotation":{"angle":0,"axis":"y","origin":[8,6,8]},"faces":{"north":{"uv":[0,0,4,3],"texture":"#0"},"east":{"uv":[0,0,4,3],"texture":"#0"},"south":{"uv":[0,0,4,3],"texture":"#0"},"west":{"uv":[0,0,4,3],"texture":"#0"},"up":{"uv":[4,0,8,4],"texture":"#0"}}},{"from":[12,6,12],"to":[4,0,4],"rotation":{"angle":0,"axis":"y","origin":[8,6,8]},"faces":{"north":{"uv":[0,0,4,3],"rotation":180,"texture":"#0"},"east":{"uv":[0,0,4,3],"rotation":180,"texture":"#0"},"south":{"uv":[0,0,4,3],"rotation":180,"texture":"#0"},"west":{"uv":[0,0,4,3],"rotation":180,"texture":"#0"},"down":{"uv":[4,0,8,4],"texture":"#0"}}},{"from":[1,0,1],"to":[15,0,15],"faces":{"up":{"uv":[8,0,15,7],"texture":"#0"},"down":{"uv":[8,0,15,7],"texture":"#0"}}},{"from":[4.3,1,5],"to":[4.3,5,8],"rotation":{"angle":22.5,"axis":"z","origin":[3.9,1,7.5]},"faces":{"north":{"uv":[0,0,0,4],"texture":"#0"},"east":{"uv":[13,7,14.5,9],"texture":"#0"},"south":{"uv":[0,0,0,4],"texture":"#0"},"west":{"uv":[13,7,14.5,9],"texture":"#0"},"up":{"uv":[0,0,0,3],"texture":"#0"},"down":{"uv":[0,0,0,3],"texture":"#0"}}},{"name":"cube inverted","from":[12.1,6.1,12.1],"to":[3.9,-0.1,3.9],"faces":{"north":{"uv":[0,6,4,3],"texture":"#0","tintindex":0},"east":{"uv":[0,6,4,3],"texture":"#0","tintindex":0},"south":{"uv":[0,6,4,3],"texture":"#0","tintindex":0},"west":{"uv":[0,6,4,3],"texture":"#0","tintindex":0}}}],"display":{"thirdperson_righthand":{"rotation":[56,43,0],"translation":[0,2.25,2.5],"scale":[0.4,0.4,0.4]},"thirdperson_lefthand":{"rotation":[56,43,0],"translation":[0,2.25,2.5],"scale":[0.4,0.4,0.4]},"firstperson_righthand":{"rotation":[0,13,0],"translation":[10.25,6.5,-6.25]},"firstperson_lefthand":{"rotation":[0,13,0],"translation":[10.25,6.5,-6.25]},"ground":{"translation":[0,8.75,0],"scale":[0.4,0.4,0.4]},"gui":{"rotation":[30,45,0],"translation":[0,5,0]},"head":{"rotation":[3,0,0],"translation":[0,17.5,0.75],"scale":[1.9,1.9,1.9]},"fixed":{"rotation":[-90,0,0],"translation":[0,0,-16.25],"scale":[2,2,2]}}}