{"credit":"Made with Blockbench","textures":{"0":"custom/cosmetics/rusty_hat","particle":"custom/cosmetics/rusty_hat"},"elements":[{"from":[3,0,3],"to":[13,6,13],"faces":{"north":{"uv":[0,5,5,8],"texture":"#0"},"east":{"uv":[0,5,5,8],"texture":"#0"},"south":{"uv":[0,5,5,8],"texture":"#0"},"west":{"uv":[0,5,5,8],"texture":"#0"},"up":{"uv":[0,0,5,5],"rotation":180,"texture":"#0"},"down":{"uv":[5,0,10,5],"texture":"#0"}}},{"from":[2,2,6],"to":[3,6,10],"faces":{"north":{"uv":[10,2,10.5,4],"texture":"#0"},"south":{"uv":[12.5,2,13,4],"texture":"#0"},"west":{"uv":[12.5,2,10.5,4],"texture":"#0"},"up":{"uv":[10,0,10.5,2],"rotation":180,"texture":"#0"},"down":{"uv":[10.5,0,11,2],"rotation":180,"texture":"#0"}}},{"from":[13,2,6],"to":[14,6,10],"faces":{"north":{"uv":[10,2,10.5,4],"texture":"#0"},"east":{"uv":[10.5,2,12.5,4],"texture":"#0"},"south":{"uv":[12.5,2,13,4],"texture":"#0"},"up":{"uv":[10,0,10.5,2],"rotation":180,"texture":"#0"},"down":{"uv":[10.5,0,11,2],"rotation":180,"texture":"#0"}}},{"from":[2,5,8],"to":[14,14,8],"rotation":{"angle":45,"axis":"x","origin":[8,6,8]},"faces":{"north":{"uv":[5,5,11,9.5],"texture":"#0"},"south":{"uv":[5,5,11,9.5],"texture":"#0"}}}],"display":{"thirdperson_righthand":{"rotation":[94.0,0,0],"translation":[-1.0,-2.46875,23.271484],"scale":[0.9433594,0.9433594,0.9433594]},"thirdperson_lefthand":{"rotation":[44,58,0],"translation":[0,2.5,1.75],"scale":[0.4,0.4,0.4]},"firstperson_righthand":{"rotation":[4,113,0],"translation":[15,1,-8.75]},"firstperson_lefthand":{"rotation":[4,113,0],"translation":[15,1,-8.75]},"ground":{"translation":[0,4.75,0],"scale":[0.4,0.4,0.4]},"gui":{"rotation":[30,135,0],"translation":[0,2.25,0],"scale":[0.97,0.97,0.97]},"head":{"rotation":[4,0,0],"translation":[0,16.25,0.75],"scale":[1.61,1.61,1.61]},"fixed":{"rotation":[-90,0,0],"translation":[0,0,-16],"scale":[2,2,2]}}}