{"credit":"Made with Blockbench","textures":{"0":"custom/cosmetics/saxophone","particle":"custom/cosmetics/saxophone"},"elements":[{"from":[5.5,0,3],"to":[10.5,8,8],"faces":{"north":{"uv":[0,4.5,2.5,8.5],"texture":"#0","tintindex":0},"east":{"uv":[5,4.5,2.5,8.5],"texture":"#0","tintindex":0},"south":{"uv":[0,4.5,2.5,8.5],"texture":"#0","tintindex":0},"west":{"uv":[2.5,4.5,5,8.5],"texture":"#0","tintindex":0},"up":{"uv":[0,2,2.5,4.5],"texture":"#0","tintindex":0},"down":{"uv":[2.5,2,5,4.5],"rotation":270,"texture":"#0","tintindex":0}}},{"from":[6,0,8],"to":[10,19,11],"faces":{"north":{"uv":[5,0,7,9.5],"texture":"#0","tintindex":0},"east":{"uv":[8.5,0,7,9.5],"texture":"#0","tintindex":0},"south":{"uv":[8.5,0,10.5,9.5],"texture":"#0","tintindex":0},"west":{"uv":[7,0,8.5,9.5],"texture":"#0","tintindex":0},"up":{"uv":[1.5,0,3,2],"rotation":90,"texture":"#0","tintindex":0},"down":{"uv":[0,0,1.5,2],"rotation":270,"texture":"#0","tintindex":0}}},{"from":[7,17,11],"to":[9,19,15],"faces":{"east":{"uv":[3,2,5,1],"rotation":180,"texture":"#0","tintindex":0},"south":{"uv":[4,1,5,2],"texture":"#0","tintindex":0},"west":{"uv":[3,1,5,2],"texture":"#0","tintindex":0},"up":{"uv":[3,0,5,1],"rotation":90,"texture":"#0","tintindex":0},"down":{"uv":[3,1.5,5,2],"rotation":270,"texture":"#0","tintindex":0}}}],"display":{"thirdperson_righthand":{"rotation":[49.0,23.0,-0.0],"translation":[1.109375,1.984375,0.625],"scale":[0.9375,0.9375,0.9375]},"thirdperson_lefthand":{"rotation":[49,-23,0],"translation":[-3.25,2.25,0]},"firstperson_righthand":{"rotation":[51,-51,43],"translation":[2.25,-3,0]},"firstperson_lefthand":{"rotation":[51,-51,43],"translation":[2.25,-3,0],"scale":[0,0,0]},"ground":{"translation":[0,3.25,0],"scale":[0.4,0.4,0.4]},"gui":{"rotation":[30,135,0],"translation":[-0.25,-1,0],"scale":[0.7,0.7,0.7]},"head":{"translation":[0,-22,-17.25],"scale":[1.6,1.6,1.6]},"fixed":{"translation":[0,-2,-6.25],"scale":[2,2,2]}}}