{
	"credit": "Made with Blockbench",
	"textures": {
		"1": "magmanetwork:item/server/toggle_no",
		"particle": "magmanetwork:item/server/toggle_no"
	},
	"elements": [
		{
			"from": [0, 0, 0],
			"to": [16, 16, 2],
			"faces": {
				"north": {"uv": [12, 13.5, 16, 16], "texture": "#1"},
				"east": {"uv": [3.5, 15.5, 2, 16], "texture": "#1"},
				"south": {"uv": [0, 0, 16, 16], "texture": "#1"},
				"west": {"uv": [1, 12, 2, 16], "texture": "#1"},
				"up": {"uv": [0, 0, 4.5, 0], "texture": "#1"},
				"down": {"uv": [13, 13.5, 16, 2], "texture": "#1"}
			}
		}
	],
	"gui_light": "front",
	"display": {
		"ground": {
			"scale": [0, 0, 0]
		},
		"gui": {
			"translation": [1.75, -4.75, 0],
			"scale": [1.2, 1.2, 1]
		}
	}
}