{"credit":"Made with Blockbench","texture_size":[64,64],"textures":{"0":"custom/cosmetics/easter/chick_nest","1":"custom/cosmetics/easter/chick_animation","2":"custom/cosmetics/easter/chick_animation_1","3":"custom/cosmetics/easter/chick_animation_2","4":"custom/cosmetics/easter/chick_wing","5":"custom/cosmetics/easter/chick_wing_1","6":"custom/cosmetics/easter/chick_wing_2","particle":"custom/cosmetics/easter/chick_nest"},"elements":[{"from":[2,0,2],"to":[14,6,14],"faces":{"north":{"uv":[0,0,3,1.5],"texture":"#0"},"east":{"uv":[0,0,3,1.5],"texture":"#0"},"south":{"uv":[0,0,3,1.5],"texture":"#0"},"west":{"uv":[0,0,3,1.5],"texture":"#0"},"up":{"uv":[3.5,3,6.5,6],"texture":"#0"},"down":{"uv":[3.5,0,6.5,3],"texture":"#0"}}},{"from":[1,2,1],"to":[15,7,15],"faces":{"north":{"uv":[0,5,3.5,6.25],"texture":"#0"},"east":{"uv":[0,5,3.5,6.25],"texture":"#0"},"south":{"uv":[0,5,3.5,6.25],"texture":"#0"},"west":{"uv":[0,5,3.5,6.25],"texture":"#0"},"up":{"uv":[0,1.5,3.5,5],"texture":"#0"}}},{"from":[15,7,15],"to":[1,2,1],"faces":{"north":{"uv":[0,5,3.5,6.25],"rotation":180,"texture":"#0"},"east":{"uv":[0,5,3.5,6.25],"rotation":180,"texture":"#0"},"south":{"uv":[0,5,3.5,6.25],"rotation":180,"texture":"#0"},"west":{"uv":[0,5,3.5,6.25],"rotation":180,"texture":"#0"},"down":{"uv":[0,1.5,3.5,5],"texture":"#0"}}},{"from":[13,7,13],"to":[3,6,3],"faces":{"north":{"uv":[3,1.75,0.5,2],"texture":"#0"},"east":{"uv":[3,1.75,0.5,2],"texture":"#0"},"south":{"uv":[3,1.75,0.5,2],"texture":"#0"},"west":{"uv":[0.5,1.75,3,2],"texture":"#0"}}},{"from":[10,7,2],"to":[12,9,3],"faces":{"north":{"uv":[5.75,0,6.25,0.5],"texture":"#0"},"east":{"uv":[5.75,0,6.25,0.5],"texture":"#0"},"south":{"uv":[5.75,0,6.25,0.5],"texture":"#0"},"west":{"uv":[5.75,0,6.25,0.5],"texture":"#0"},"up":{"uv":[4.75,1.25,5.25,1.5],"texture":"#0"}}},{"from":[4,7,2],"to":[6,9,3],"faces":{"north":{"uv":[5.75,0,6.25,0.5],"texture":"#0"},"east":{"uv":[5.75,0,6.25,0.5],"texture":"#0"},"south":{"uv":[5.75,0,6.25,0.5],"texture":"#0"},"west":{"uv":[5.75,0,6.25,0.5],"texture":"#0"},"up":{"uv":[4.75,1.25,5.25,1.5],"texture":"#0"}}},{"from":[5,-3,2],"to":[5,0,6],"faces":{"east":{"uv":[7.5,0,6.5,0.75],"texture":"#0"},"west":{"uv":[6.5,0,7.5,0.75],"texture":"#0"}}},{"from":[11,-3,2],"to":[11,0,6],"faces":{"east":{"uv":[7.5,0,6.5,0.75],"texture":"#0"},"west":{"uv":[6.5,0,7.5,0.75],"texture":"#0"}}},{"from":[-0.22111,10,4.77667],"to":[2.77889,13,8.77667],"rotation":{"angle":45,"axis":"y","origin":[2.27889,11,6.77667]},"faces":{"north":{"uv":[7,0,4,3],"texture":"#1"},"east":{"uv":[7.5,1.5,8.5,2.25],"texture":"#0"},"south":{"uv":[4,0,7,3],"texture":"#1"},"west":{"uv":[0,0,4,3],"texture":"#1"},"up":{"uv":[6.5,1.5,7.5,2.25],"rotation":90,"texture":"#0"},"down":{"uv":[8.25,2.25,9.25,3],"rotation":90,"texture":"#0"}}},{"from":[-1.22111,10,5.77667],"to":[-0.22111,11,7.77667],"rotation":{"angle":45,"axis":"y","origin":[2.27889,11,6.77667]},"faces":{"north":{"uv":[6.75,2.75,7.25,3],"texture":"#0"},"south":{"uv":[6.75,2.75,7.25,3],"texture":"#0"},"west":{"uv":[6.75,2.75,7.25,3],"texture":"#0"},"up":{"uv":[6.75,2.75,7.25,3],"rotation":90,"texture":"#0"},"down":{"uv":[6.75,2.75,7.25,3],"rotation":270,"texture":"#0"}}},{"from":[1.77889,8,4.77667],"to":[5.77889,11,4.77667],"rotation":{"angle":22.5,"axis":"x","origin":[3.77889,11,4.77667]},"faces":{"north":{"uv":[0,0,4,3],"texture":"#5"},"south":{"uv":[4,0,0,3],"texture":"#5"}}},{"from":[1.77889,8,8.77667],"to":[5.77889,11,8.77667],"rotation":{"angle":-22.5,"axis":"x","origin":[3.77889,11,8.77667]},"faces":{"north":{"uv":[0,0,4,3],"texture":"#5"},"south":{"uv":[4,0,0,3],"texture":"#5"}}},{"from":[4.77889,8.1,9.77667],"to":[2.77889,6.1,7.77667],"rotation":{"angle":0,"axis":"y","origin":[3.00111,8.72222,6.77778]},"faces":{"west":{"uv":[10,3,9.5,3.5],"texture":"#0"},"up":{"uv":[10,3.5,9.5,4],"texture":"#0"}}},{"from":[4.77889,8.1,5.77667],"to":[2.77889,6.1,3.77667],"rotation":{"angle":0,"axis":"y","origin":[3.00111,8.72222,6.77778]},"faces":{"west":{"uv":[9.5,3,10,3.5],"texture":"#0"},"up":{"uv":[9.5,3.5,10,4],"rotation":180,"texture":"#0"}}},{"from":[1.77889,8,4.78667],"to":[5.77889,11,8.78667],"rotation":{"angle":0,"axis":"y","origin":[3.00111,8.72222,6.77778]},"faces":{"north":{"uv":[6.5,3,7.5,3.75],"texture":"#0"},"east":{"uv":[8.5,3,9.5,3.75],"texture":"#0"},"south":{"uv":[7.5,3,6.5,3.75],"texture":"#0"},"west":{"uv":[7.5,3,8.5,3.75],"texture":"#0"},"up":{"uv":[8.5,1.25,9.5,2.25],"rotation":270,"texture":"#0"},"down":{"uv":[9.5,1.25,10.5,2.25],"rotation":270,"texture":"#0"}}},{"from":[4.77889,8,7.77667],"to":[2.77889,6,9.77667],"rotation":{"angle":0,"axis":"y","origin":[3.00111,8.72222,6.77778]},"faces":{"west":{"uv":[9.5,3,10,3.5],"texture":"#0"},"up":{"uv":[10,3.5,9.5,4],"rotation":90,"texture":"#0"}}},{"from":[4.77889,8,3.77667],"to":[2.77889,6,5.77667],"rotation":{"angle":0,"axis":"y","origin":[3.00111,8.72222,6.77778]},"faces":{"west":{"uv":[10,3,9.5,3.5],"texture":"#0"},"up":{"uv":[9.5,3.5,10,4],"rotation":90,"texture":"#0"}}},{"from":[13.46641,10,4.52069],"to":[16.46641,13,8.52069],"rotation":{"angle":-22.5,"axis":"y","origin":[13.28238,9.07778,7.30908]},"faces":{"north":{"uv":[4,0,7,3],"texture":"#3"},"east":{"uv":[0,0,4,3],"texture":"#3"},"south":{"uv":[7,0,4,3],"texture":"#3"},"west":{"uv":[7.5,1.5,8.5,2.25],"texture":"#0"},"up":{"uv":[6.5,1.5,7.5,2.25],"rotation":270,"texture":"#0"},"down":{"uv":[8.25,2.25,9.25,3],"rotation":270,"texture":"#0"}}},{"from":[16.46641,10,5.52069],"to":[17.46641,11,7.52069],"rotation":{"angle":-22.5,"axis":"y","origin":[13.28238,9.07778,7.30908]},"faces":{"north":{"uv":[6.75,2.75,7.25,3],"texture":"#0"},"east":{"uv":[6.75,2.75,7.25,3],"texture":"#0"},"south":{"uv":[6.75,2.75,7.25,3],"texture":"#0"},"up":{"uv":[6.75,2.75,7.25,3],"rotation":270,"texture":"#0"},"down":{"uv":[6.75,2.75,7.25,3],"rotation":90,"texture":"#0"}}},{"from":[10.48768,8.16171,9.2313],"to":[14.48768,11.16171,9.2313],"rotation":{"angle":-22.5,"axis":"x","origin":[13.28238,11.07778,9.30908]},"faces":{"north":{"uv":[4,0,0,3],"texture":"#4"},"south":{"uv":[0,0,4,3],"texture":"#4"}}},{"from":[10.48768,8.02515,5.2],"to":[14.48768,11.02515,5.2],"rotation":{"angle":22.5,"axis":"x","origin":[12.48768,11,5.2]},"faces":{"north":{"uv":[4,0,0,3],"texture":"#4"},"south":{"uv":[0,0,4,3],"texture":"#4"}}},{"from":[13.48768,8.1,6.22515],"to":[11.48768,6.1,4.22515],"rotation":{"angle":0,"axis":"y","origin":[13.28238,9.07778,7.30908]},"faces":{"east":{"uv":[10,3,9.5,3.5],"texture":"#0"},"up":{"uv":[10,3.5,9.5,4],"rotation":180,"texture":"#0"}}},{"from":[13.48768,8.1,10.22515],"to":[11.48768,6.1,8.22515],"rotation":{"angle":0,"axis":"y","origin":[13.28238,9.07778,7.30908]},"faces":{"east":{"uv":[9.5,3,10,3.5],"texture":"#0"},"up":{"uv":[9.5,3.5,10,4],"texture":"#0"}}},{"from":[10.48768,8,5.21515],"to":[14.48768,11,9.21515],"rotation":{"angle":0,"axis":"y","origin":[13.28238,9.07778,7.30908]},"faces":{"north":{"uv":[7.5,3,6.5,3.75],"texture":"#0"},"east":{"uv":[7.5,3,8.5,3.75],"texture":"#0"},"south":{"uv":[6.5,3,7.5,3.75],"texture":"#0"},"west":{"uv":[8.5,3,9.5,3.75],"texture":"#0"},"up":{"uv":[8.5,1.25,9.5,2.25],"rotation":90,"texture":"#0"},"down":{"uv":[9.5,1.25,10.5,2.25],"rotation":90,"texture":"#0"}}},{"from":[13.48768,8,4.22515],"to":[11.48768,6,6.22515],"rotation":{"angle":0,"axis":"y","origin":[13.28238,9.07778,7.30908]},"faces":{"east":{"uv":[9.5,3,10,3.5],"texture":"#0"},"up":{"uv":[10,3.5,9.5,4],"rotation":270,"texture":"#0"}}},{"from":[13.48768,8,8.22515],"to":[11.48768,6,10.22515],"rotation":{"angle":0,"axis":"y","origin":[13.28238,9.07778,7.30908]},"faces":{"east":{"uv":[10,3,9.5,3.5],"texture":"#0"},"up":{"uv":[9.5,3.5,10,4],"rotation":270,"texture":"#0"}}},{"from":[6,8,13],"to":[10,11,16],"rotation":{"angle":0,"axis":"y","origin":[6.00111,9.72222,11.77778]},"faces":{"north":{"uv":[7.5,1.5,8.5,2.25],"texture":"#0"},"east":{"uv":[4,0,7,3],"texture":"#2"},"south":{"uv":[0,0,4,3],"texture":"#2"},"west":{"uv":[7,0,4,3],"texture":"#2"},"up":{"uv":[6.5,1.5,7.5,2.25],"texture":"#0"},"down":{"uv":[8.25,2.25,9.25,3],"rotation":180,"texture":"#0"}}},{"from":[7,8,16],"to":[9,9,17],"rotation":{"angle":0,"axis":"y","origin":[6.00111,9.72222,11.77778]},"faces":{"east":{"uv":[6.75,2.75,7.25,3],"texture":"#0"},"south":{"uv":[6.75,2.75,7.25,3],"texture":"#0"},"west":{"uv":[6.75,2.75,7.25,3],"texture":"#0"},"up":{"uv":[6.75,2.75,7.25,3],"texture":"#0"},"down":{"uv":[6.75,2.75,7.25,3],"texture":"#0"}}},{"from":[6,6,10],"to":[6,9,14],"rotation":{"angle":-22.5,"axis":"z","origin":[6,9,12]},"faces":{"east":{"uv":[4,0,0,3],"texture":"#6"},"west":{"uv":[0,0,4,3],"texture":"#6"}}},{"from":[10,6,10],"to":[10,9,14],"rotation":{"angle":22.5,"axis":"z","origin":[10,9,12]},"faces":{"east":{"uv":[4,0,0,3],"texture":"#6"},"west":{"uv":[0,0,4,3],"texture":"#6"}}},{"from":[11,6,13],"to":[9,4,11],"rotation":{"angle":0,"axis":"y","origin":[6.00111,9.72222,11.77778]},"faces":{"south":{"uv":[10,3,9.5,3.5],"texture":"#0"},"up":{"uv":[10,3.5,9.5,4],"rotation":270,"texture":"#0"}}},{"from":[7,6,13],"to":[5,4,11],"rotation":{"angle":0,"axis":"y","origin":[6.00111,9.72222,11.77778]},"faces":{"south":{"uv":[9.5,3,10,3.5],"texture":"#0"},"up":{"uv":[9.5,3.5,10,4],"rotation":90,"texture":"#0"}}},{"from":[6.01,6,10],"to":[10.01,9,14],"rotation":{"angle":0,"axis":"y","origin":[6.00111,9.72222,11.77778]},"faces":{"north":{"uv":[8.5,3,9.5,3.75],"texture":"#0"},"east":{"uv":[7.5,3,6.5,3.75],"texture":"#0"},"south":{"uv":[7.5,3,8.5,3.75],"texture":"#0"},"west":{"uv":[6.5,3,7.5,3.75],"texture":"#0"},"up":{"uv":[8.5,1.25,9.5,2.25],"rotation":180,"texture":"#0"},"down":{"uv":[9.5,1.25,10.5,2.25],"texture":"#0"}}},{"from":[9,6,13],"to":[11,4,11],"rotation":{"angle":0,"axis":"y","origin":[6.00111,9.72222,11.77778]},"faces":{"south":{"uv":[9.5,3,10,3.5],"texture":"#0"},"up":{"uv":[10,3.5,9.5,4],"texture":"#0"}}},{"from":[5,6,13],"to":[7,4,11],"rotation":{"angle":0,"axis":"y","origin":[6.00111,9.72222,11.77778]},"faces":{"south":{"uv":[10,3,9.5,3.5],"texture":"#0"},"up":{"uv":[9.5,3.5,10,4],"texture":"#0"}}},{"from":[2.5,-5.5,14.1],"to":[13.5,3.5,14.1],"faces":{"north":{"uv":[3.75,5.75,6.5,8],"texture":"#0","tintindex":0},"south":{"uv":[3.75,5.75,6.5,8],"texture":"#0","tintindex":0}}}],"display":{"gui":{"rotation":[30,-45,0],"translation":[0,2.75,0],"scale":[0.72,0.72,0.72]},"head":{"translation":[0,-43,13],"scale":[1.6,1.6,1.6]},"thirdperson_righthand":{"rotation":[90.0,0.0,0.0],"translation":[-1.0,-10.125,20.724998],"scale":[1.0,1.0,1.0]}},"groups":[0,1,2,3,4,5,6,7,{"name":"group","origin":[0,0,0],"children":[8,9,10,11,12,13,14,{"name":"group","origin":[0,0,2],"children":[15]},{"name":"group","origin":[0,0,2],"children":[16]}]},{"name":"group","origin":[0,0,0],"children":[17,18,19,20,21,22,23,{"name":"group","origin":[0,0,2],"children":[24]},{"name":"group","origin":[0,0,2],"children":[25]}]},{"name":"group","origin":[0,0,0],"children":[26,27,28,29,30,31,32,{"name":"group","origin":[0,0,2],"children":[33]},{"name":"group","origin":[0,0,2],"children":[34]}]},35]}