{"credit":"Made with Blockbench","texture_size":[64,64],"textures":{"0":"custom/cosmetics/easter/easter_egg_hat","particle":"custom/cosmetics/easter/easter_egg_hat"},"elements":[{"from":[4.9,4.9,4.9],"to":[11.1,8.1,11.1],"faces":{"north":{"uv":[2,2,3.5,2.75],"texture":"#0"},"east":{"uv":[2,2,3.5,2.75],"texture":"#0"},"south":{"uv":[2,2,3.5,2.75],"texture":"#0"},"west":{"uv":[2,2,3.5,2.75],"texture":"#0"}}},{"from":[3.9,-0.1,3.9],"to":[12.1,5.1,12.1],"faces":{"north":{"uv":[0,2,2,3.25],"texture":"#0"},"east":{"uv":[0,2,2,3.25],"texture":"#0"},"south":{"uv":[0,2,2,3.25],"texture":"#0"},"west":{"uv":[0,2,2,3.25],"texture":"#0"}}},{"from":[-2,0,-2],"to":[18,0,18],"faces":{"up":{"uv":[4,0,9,5],"texture":"#0"},"down":{"uv":[4,0,9,5],"texture":"#0"}}},{"from":[-2,0,-2],"to":[18,0,18],"faces":{"up":{"uv":[9,0,14,5],"texture":"#0","tintindex":0},"down":{"uv":[9,0,14,5],"texture":"#0","tintindex":0}}},{"from":[4,0,4],"to":[12,5,12],"faces":{"north":{"uv":[2,0,4,1.25],"texture":"#0","tintindex":0},"east":{"uv":[2,0,4,1.25],"texture":"#0","tintindex":0},"south":{"uv":[2,0,4,1.25],"texture":"#0","tintindex":0},"west":{"uv":[2,0,4,1.25],"texture":"#0","tintindex":0},"up":{"uv":[0,0,2,2],"texture":"#0","tintindex":0}}},{"from":[5,5,5],"to":[11,8,11],"faces":{"north":{"uv":[2,1.25,3.5,2],"texture":"#0","tintindex":0},"east":{"uv":[2,1.25,3.5,2],"texture":"#0","tintindex":0},"south":{"uv":[2,1.25,3.5,2],"texture":"#0","tintindex":0},"west":{"uv":[2,1.25,3.5,2],"texture":"#0","tintindex":0},"up":{"uv":[0.25,0.25,1.75,1.75],"texture":"#0","tintindex":0}}},{"from":[-1,-8,6],"to":[-1,0,7],"rotation":{"angle":45,"axis":"z","origin":[-1,0,7]},"faces":{"east":{"uv":[3.5,1.25,3.75,3.25],"texture":"#0","tintindex":0},"west":{"uv":[3.5,1.25,3.75,3.25],"texture":"#0","tintindex":0}}},{"from":[17,-8,6],"to":[17,0,7],"rotation":{"angle":-45,"axis":"z","origin":[17,0,6.5]},"faces":{"east":{"uv":[3.5,1.25,3.75,3.25],"texture":"#0","tintindex":0},"west":{"uv":[3.5,1.25,3.75,3.25],"texture":"#0","tintindex":0}}},{"from":[4.65,-5.66,6],"to":[11.35,-5.66,7],"faces":{"up":{"uv":[3.75,1.25,4,3],"rotation":90,"texture":"#0","tintindex":0},"down":{"uv":[3.75,1.25,4,3],"rotation":90,"texture":"#0","tintindex":0}}},{"from":[12,5,12],"to":[4,0,4],"faces":{"north":{"uv":[2,0,4,1.25],"rotation":180,"texture":"#0","tintindex":0},"east":{"uv":[2,0,4,1.25],"rotation":180,"texture":"#0","tintindex":0},"south":{"uv":[2,0,4,1.25],"rotation":180,"texture":"#0","tintindex":0},"west":{"uv":[2,0,4,1.25],"rotation":180,"texture":"#0","tintindex":0},"down":{"uv":[0,0,2,2],"texture":"#0","tintindex":0}}},{"from":[5.5,-8.65,6],"to":[10.5,-5.65,6],"rotation":{"angle":0,"axis":"x","origin":[8,-6.5,5]},"faces":{"north":{"uv":[0,3.25,1.25,4],"texture":"#0","tintindex":0},"south":{"uv":[0,3.25,1.25,4],"texture":"#0","tintindex":0}}}],"display":{"gui":{"rotation":[30,135,0],"translation":[0,5.25,0],"scale":[0.74,0.74,0.74]},"head":{"rotation":[5,0,0],"translation":[0,18.75,1.25],"scale":[1.9,1.9,1.9]},"thirdperson_righthand":{"rotation":[95.0,0,0],"translation":[-1.0,-2.78125,24.736328],"scale":[1.1132812,1.1132812,1.1132812]}},"groups":[0,1,2,{"name":"group","origin":[0,0,0],"children":[3,4,5,6,7,8,9,10]}]}