{"credit":"Made with Blockbench","texture_size":[32,32],"textures":{"0":"custom/cosmetics/easter/flower_umbrella","particle":"custom/cosmetics/easter/flower_umbrella"},"elements":[{"from":[0,32,-11],"to":[16,32,5],"rotation":{"angle":0,"axis":"x","origin":[8,32,5]},"faces":{"up":{"uv":[0,0,8,8],"texture":"#0","tintindex":0},"down":{"uv":[0,0,8,8],"rotation":180,"texture":"#0","tintindex":0}}},{"from":[-11,32,0],"to":[5,32,16],"rotation":{"angle":0,"axis":"z","origin":[5,32,8]},"faces":{"up":{"uv":[0,0,8,8],"rotation":270,"texture":"#0","tintindex":0},"down":{"uv":[0,0,8,8],"rotation":270,"texture":"#0","tintindex":0}}},{"from":[-6,32,2],"to":[5,32,14],"rotation":{"angle":-22.5,"axis":"z","origin":[5,32,8]},"faces":{"up":{"uv":[8,0,14,5.5],"rotation":270,"texture":"#0","tintindex":0},"down":{"uv":[8,0,14,5.5],"rotation":270,"texture":"#0","tintindex":0}}},{"from":[2,32,11],"to":[14,32,22],"rotation":{"angle":-22.5,"axis":"x","origin":[8,32,11]},"faces":{"up":{"uv":[8,0,14,5.5],"rotation":180,"texture":"#0","tintindex":0},"down":{"uv":[8,0,14,5.5],"texture":"#0","tintindex":0}}},{"from":[11,32,2],"to":[22,32,14],"rotation":{"angle":22.5,"axis":"z","origin":[11,32,8]},"faces":{"up":{"uv":[8,0,14,5.5],"rotation":90,"texture":"#0","tintindex":0},"down":{"uv":[8,0,14,5.5],"rotation":90,"texture":"#0","tintindex":0}}},{"from":[2,32,-6],"to":[14,32,5],"rotation":{"angle":22.5,"axis":"x","origin":[8,32,5]},"faces":{"up":{"uv":[8,0,14,5.5],"texture":"#0","tintindex":0},"down":{"uv":[8,0,14,5.5],"rotation":180,"texture":"#0","tintindex":0}}},{"from":[11,32,0],"to":[27,32,16],"rotation":{"angle":0,"axis":"z","origin":[11,32,8]},"faces":{"up":{"uv":[0,0,8,8],"rotation":90,"texture":"#0","tintindex":0},"down":{"uv":[0,0,8,8],"rotation":90,"texture":"#0","tintindex":0}}},{"from":[0,32,11],"to":[16,32,27],"rotation":{"angle":0,"axis":"x","origin":[8,32,11]},"faces":{"up":{"uv":[0,0,8,8],"rotation":180,"texture":"#0","tintindex":0},"down":{"uv":[0,0,8,8],"texture":"#0","tintindex":0}}},{"from":[6,9,6],"to":[13,9,13],"rotation":{"angle":45,"axis":"x","origin":[9.5,9,9.5]},"faces":{"up":{"uv":[8.5,11,12,14.5],"rotation":270,"texture":"#0","tintindex":0},"down":{"uv":[8.5,11,12,14.5],"rotation":180,"texture":"#0","tintindex":0}}},{"from":[3,21,3],"to":[10,21,10],"rotation":{"angle":-45,"axis":"x","origin":[6.5,21,6.5]},"faces":{"up":{"uv":[8.5,11,12,14.5],"rotation":90,"texture":"#0","tintindex":0},"down":{"uv":[8.5,11,12,14.5],"texture":"#0","tintindex":0}}},{"from":[2,32,-6],"to":[14,32,5],"rotation":{"angle":-22.5,"axis":"x","origin":[8,32,5]},"faces":{"up":{"uv":[8,5.5,14,11],"texture":"#0"},"down":{"uv":[8,5.5,14,11],"rotation":180,"texture":"#0"}}},{"from":[11,32,2],"to":[22,32,14],"rotation":{"angle":-22.5,"axis":"z","origin":[11,32,8]},"faces":{"up":{"uv":[8,5.5,14,11],"rotation":90,"texture":"#0"},"down":{"uv":[8,5.5,14,11],"rotation":90,"texture":"#0"}}},{"from":[2,32,11],"to":[14,32,22],"rotation":{"angle":22.5,"axis":"x","origin":[8,32,11]},"faces":{"up":{"uv":[8,5.5,14,11],"rotation":180,"texture":"#0"},"down":{"uv":[8,5.5,14,11],"texture":"#0"}}},{"from":[-6,32,2],"to":[5,32,14],"rotation":{"angle":22.5,"axis":"z","origin":[5,32,8]},"faces":{"up":{"uv":[8,5.5,14,11],"rotation":270,"texture":"#0"},"down":{"uv":[8,5.5,14,11],"rotation":270,"texture":"#0"}}},{"from":[7,-1,7],"to":[9,31,9],"faces":{"north":{"uv":[15,0,16,16],"texture":"#0"},"east":{"uv":[15,0,16,16],"texture":"#0"},"south":{"uv":[16,0,15,16],"texture":"#0"},"west":{"uv":[16,0,15,16],"texture":"#0"},"down":{"uv":[1,11,1.5,11.5],"texture":"#0"}}},{"from":[1,-8,8],"to":[9,-1,8],"faces":{"north":{"uv":[1,11,5,14.5],"texture":"#0"},"south":{"uv":[5,11,1,14.5],"texture":"#0"}}},{"from":[3,21,3],"to":[10,21,10],"rotation":{"angle":-45,"axis":"x","origin":[6.5,21,6.5]},"faces":{"up":{"uv":[5,11,8.5,14.5],"rotation":90,"texture":"#0"},"down":{"uv":[5,11,8.5,14.5],"texture":"#0"}}},{"from":[6,9,6],"to":[13,9,13],"rotation":{"angle":45,"axis":"x","origin":[9.5,9,9.5]},"faces":{"up":{"uv":[5,11,8.5,14.5],"rotation":270,"texture":"#0"},"down":{"uv":[5,11,8.5,14.5],"rotation":180,"texture":"#0"}}},{"from":[5,31,5],"to":[11,32,11],"rotation":{"angle":0,"axis":"y","origin":[0,31,0]},"faces":{"north":{"uv":[0,10.5,3,11],"texture":"#0"},"east":{"uv":[0,10.5,3,11],"texture":"#0"},"south":{"uv":[0,10.5,3,11],"texture":"#0"},"west":{"uv":[0,10.5,3,11],"texture":"#0"},"up":{"uv":[3,8,6,11],"texture":"#0"},"down":{"uv":[0,8,3,11],"texture":"#0"}}}],"display":{"thirdperson_righthand":{"rotation":[52.0,-159.0,-3.0],"translation":[-2.640625,1.28125,3.4375],"scale":[0.9375,0.9375,0.9375]},"thirdperson_lefthand":{"rotation":[52,159,3],"translation":[0.75,1.5,3]},"firstperson_righthand":{"rotation":[16,106,8],"translation":[13,-1.25,-4.5]},"firstperson_lefthand":{"rotation":[16,106,8],"translation":[13,-1.25,-4.5],"scale":[0,0,0]},"gui":{"rotation":[10,-37,-46],"translation":[-2.75,-3.75,0],"scale":[0.38,0.38,0.38]}},"groups":[{"name":"group","origin":[5,1,8],"children":[{"name":"group","origin":[8,32,11],"children":[0,1,2,3,4,5,6,7,8,9]},10,11,12,13]},14,15,{"name":"group","origin":[0,0,0],"children":[16]},{"name":"group","origin":[0,0,0],"children":[17]},18]}