{"credit":"Made with Blockbench","texture_size":[64,64],"textures":{"0":"custom/cosmetics/easter/wisteria_pot","1":"custom/cosmetics/easter/wisteria_leaf","2":"custom/cosmetics/easter/wisteria_leaf_1","particle":"custom/cosmetics/easter/wisteria_leaf"},"elements":[{"from":[5,15,-10],"to":[13,23,-2],"rotation":{"angle":0,"axis":"y","origin":[9,14.8,-6]},"faces":{"north":{"uv":[0,0,2,2],"texture":"#0","tintindex":0},"east":{"uv":[0,0,2,2],"texture":"#0","tintindex":0},"south":{"uv":[0,0,2,2],"texture":"#0","tintindex":0},"west":{"uv":[0,0,2,2],"texture":"#0","tintindex":0},"up":{"uv":[0,0,2,2],"rotation":180,"texture":"#0","tintindex":0},"down":{"uv":[0,0,2,2],"rotation":180,"texture":"#0","tintindex":0}}},{"from":[5,5,-10],"to":[13,15,-2],"rotation":{"angle":0,"axis":"y","origin":[9,14.8,-6]},"faces":{"north":{"uv":[0,2,2,4.5],"texture":"#0","tintindex":0},"east":{"uv":[2,2,4,4.5],"texture":"#0","tintindex":0},"south":{"uv":[2,2,4,4.5],"texture":"#0","tintindex":0},"west":{"uv":[0,2,2,4.5],"texture":"#0","tintindex":0}}},{"from":[5,-10,-10],"to":[13,6,-2],"rotation":{"angle":0,"axis":"y","origin":[9,14.8,-6]},"faces":{"north":{"uv":[0,0,7,16],"texture":"#2","tintindex":0},"east":{"uv":[7,0,0,16],"texture":"#1","tintindex":0}}},{"from":[13,6,-2],"to":[5,-10,-10],"rotation":{"angle":0,"axis":"y","origin":[9,14.8,-6]},"faces":{"south":{"uv":[0,0,7,16],"rotation":180,"texture":"#2","tintindex":0},"west":{"uv":[7,0,0,16],"rotation":180,"texture":"#1","tintindex":0}}},{"from":[-5,-4,0],"to":[3,12,8],"rotation":{"angle":0,"axis":"y","origin":[9,14.8,-6]},"faces":{"south":{"uv":[7,0,0,16],"texture":"#1","tintindex":0},"west":{"uv":[0,0,7,16],"texture":"#2","tintindex":0}}},{"from":[3,12,8],"to":[-5,-4,0],"rotation":{"angle":0,"axis":"y","origin":[9,14.8,-6]},"faces":{"north":{"uv":[7,0,0,16],"rotation":180,"texture":"#1","tintindex":0},"east":{"uv":[0,0,7,16],"rotation":180,"texture":"#2","tintindex":0}}},{"from":[13,14,-2],"to":[5,4,-10],"rotation":{"angle":0,"axis":"y","origin":[9,14.8,-6]},"faces":{"north":{"uv":[2,2,4,4.5],"rotation":180,"texture":"#0","tintindex":0},"east":{"uv":[0,2,2,4.5],"rotation":180,"texture":"#0","tintindex":0},"south":{"uv":[0,2,2,4.5],"rotation":180,"texture":"#0","tintindex":0},"west":{"uv":[2,2,4,4.5],"rotation":180,"texture":"#0","tintindex":0}}},{"from":[9,10,-16],"to":[9,26,4],"rotation":{"angle":45,"axis":"y","origin":[9,14.8,-6]},"faces":{"east":{"uv":[4,0,8,4],"texture":"#0","tintindex":0},"west":{"uv":[4,0,8,4],"texture":"#0","tintindex":0}}},{"from":[-1,10,-6],"to":[19,26,-6],"rotation":{"angle":45,"axis":"y","origin":[9,14.8,-6]},"faces":{"north":{"uv":[4,0,8,4],"texture":"#0","tintindex":0},"south":{"uv":[4,0,8,4],"texture":"#0","tintindex":0}}},{"from":[-4,21,0],"to":[4,29,8],"rotation":{"angle":0,"axis":"y","origin":[-4,6,0]},"faces":{"north":{"uv":[0,0,2,2],"texture":"#0","tintindex":0},"east":{"uv":[0,0,2,2],"texture":"#0","tintindex":0},"south":{"uv":[0,0,2,2],"texture":"#0","tintindex":0},"west":{"uv":[0,0,2,2],"texture":"#0","tintindex":0},"up":{"uv":[0,0,2,2],"texture":"#0","tintindex":0},"down":{"uv":[0,0,2,2],"texture":"#0","tintindex":0}}},{"from":[-4,11,0],"to":[4,21,8],"rotation":{"angle":0,"axis":"y","origin":[-4,6,0]},"faces":{"north":{"uv":[2,2,4,4.5],"texture":"#0","tintindex":0},"east":{"uv":[0,2,2,4.5],"texture":"#0","tintindex":0},"south":{"uv":[0,2,2,4.5],"texture":"#0","tintindex":0},"west":{"uv":[2,2,4,4.5],"texture":"#0","tintindex":0}}},{"from":[4,20,8],"to":[-4,10,0],"rotation":{"angle":0,"axis":"y","origin":[-4,6,0]},"faces":{"north":{"uv":[0,2,2,4.5],"rotation":180,"texture":"#0","tintindex":0},"east":{"uv":[2,2,4,4.5],"rotation":180,"texture":"#0","tintindex":0},"south":{"uv":[2,2,4,4.5],"rotation":180,"texture":"#0","tintindex":0},"west":{"uv":[0,2,2,4.5],"rotation":180,"texture":"#0","tintindex":0}}},{"from":[-10,16,4],"to":[10,32,4],"rotation":{"angle":-45,"axis":"y","origin":[0,24,4]},"faces":{"north":{"uv":[4,0,8,4],"texture":"#0","tintindex":0},"south":{"uv":[4,0,8,4],"texture":"#0","tintindex":0}}},{"from":[-10,16,4],"to":[10,32,4],"rotation":{"angle":45,"axis":"y","origin":[0,24,4]},"faces":{"north":{"uv":[4,0,8,4],"texture":"#0","tintindex":0},"south":{"uv":[4,0,8,4],"texture":"#0","tintindex":0}}},{"from":[12,20,0],"to":[20,28,8],"rotation":{"angle":0,"axis":"y","origin":[12,5,0]},"faces":{"north":{"uv":[0,0,2,2],"texture":"#0","tintindex":0},"east":{"uv":[0,0,2,2],"texture":"#0","tintindex":0},"south":{"uv":[0,0,2,2],"texture":"#0","tintindex":0},"west":{"uv":[0,0,2,2],"texture":"#0","tintindex":0},"up":{"uv":[0,0,2,2],"texture":"#0","tintindex":0},"down":{"uv":[0,0,2,2],"texture":"#0","tintindex":0}}},{"from":[12,10,0],"to":[20,20,8],"rotation":{"angle":0,"axis":"y","origin":[12,5,0]},"faces":{"north":{"uv":[2,2,4,4.5],"texture":"#0","tintindex":0},"east":{"uv":[0,2,2,4.5],"texture":"#0","tintindex":0},"south":{"uv":[0,2,2,4.5],"texture":"#0","tintindex":0},"west":{"uv":[2,2,4,4.5],"texture":"#0","tintindex":0}}},{"from":[20,19,8],"to":[12,9,0],"rotation":{"angle":0,"axis":"y","origin":[12,5,0]},"faces":{"north":{"uv":[0,2,2,4.5],"rotation":180,"texture":"#0","tintindex":0},"east":{"uv":[2,2,4,4.5],"rotation":180,"texture":"#0","tintindex":0},"south":{"uv":[2,2,4,4.5],"rotation":180,"texture":"#0","tintindex":0},"west":{"uv":[0,2,2,4.5],"rotation":180,"texture":"#0","tintindex":0}}},{"from":[6,15,4],"to":[26,31,4],"rotation":{"angle":-45,"axis":"y","origin":[16,23,4]},"faces":{"north":{"uv":[4,0,8,4],"texture":"#0","tintindex":0},"south":{"uv":[4,0,8,4],"texture":"#0","tintindex":0}}},{"from":[6,15,4],"to":[26,31,4],"rotation":{"angle":45,"axis":"y","origin":[16,23,4]},"faces":{"north":{"uv":[4,0,8,4],"texture":"#0","tintindex":0},"south":{"uv":[4,0,8,4],"texture":"#0","tintindex":0}}},{"from":[20,11,8],"to":[12,-5,0],"rotation":{"angle":0,"axis":"y","origin":[9,13.8,-6]},"faces":{"north":{"uv":[0,0,7,16],"rotation":180,"texture":"#2","tintindex":0},"west":{"uv":[0,0,7,16],"rotation":180,"texture":"#1","tintindex":0}}},{"from":[12,-5,0],"to":[20,11,8],"rotation":{"angle":0,"axis":"y","origin":[9,13.8,-6]},"faces":{"east":{"uv":[0,0,7,16],"texture":"#1","tintindex":0},"south":{"uv":[0,0,7,16],"texture":"#2","tintindex":0}}},{"from":[2.9,-6.1,3.9],"to":[13.1,3.1,14.1],"faces":{"north":{"uv":[2.5,4.5,5,6.75],"texture":"#0","tintindex":0},"east":{"uv":[2.5,4.5,5,6.75],"texture":"#0","tintindex":0},"south":{"uv":[2.5,4.5,5,6.75],"texture":"#0","tintindex":0},"west":{"uv":[2.5,4.5,5,6.75],"texture":"#0","tintindex":0}}},{"from":[4,3.1,5],"to":[12,3.1,13],"faces":{"up":{"uv":[0.25,9.5,2.25,11.5],"texture":"#0","tintindex":0}}},{"from":[3,-6,4],"to":[13,3,14],"faces":{"north":{"uv":[0,4.5,2.5,6.75],"texture":"#0"},"east":{"uv":[0,4.5,2.5,6.75],"texture":"#0"},"south":{"uv":[0,4.5,2.5,6.75],"texture":"#0"},"west":{"uv":[0,4.5,2.5,6.75],"texture":"#0"},"up":{"uv":[0,6.75,2.5,9.25],"texture":"#0"},"down":{"uv":[2.5,6.75,5,9.25],"texture":"#0"}}},{"from":[7,3,8],"to":[9,9,10],"faces":{"north":{"uv":[5,5.75,5.5,7.25],"texture":"#0"},"east":{"uv":[5,5.75,5.5,7.25],"texture":"#0"},"south":{"uv":[5.5,5.75,5,7.25],"texture":"#0"},"west":{"uv":[5,5.75,5.5,7.25],"texture":"#0"},"up":{"uv":[5,4.75,5.5,5.25],"texture":"#0"}}},{"from":[7,7,-3],"to":[9,9,8],"faces":{"east":{"uv":[6.5,6.75,6,4],"rotation":270,"texture":"#0"},"west":{"uv":[6.5,6.75,6,4],"rotation":90,"texture":"#0"},"up":{"uv":[6.5,6.75,6,4],"rotation":180,"texture":"#0"},"down":{"uv":[6,6.75,6.5,4],"texture":"#0"}}},{"from":[-1,8,4],"to":[1,23,6],"faces":{"north":{"uv":[6,4,5.5,7.75],"texture":"#0"},"east":{"uv":[5.5,4,6,7.75],"texture":"#0"},"south":{"uv":[6,4,5.5,7.75],"texture":"#0"},"west":{"uv":[5.5,4,6,7.75],"texture":"#0"},"down":{"uv":[5.5,6.25,6,6.75],"texture":"#0"}}},{"from":[13,8,4],"to":[15,23,6],"faces":{"north":{"uv":[6,4,5.5,7.75],"texture":"#0"},"east":{"uv":[5.5,4,6,7.75],"texture":"#0"},"south":{"uv":[6,4,5.5,7.75],"texture":"#0"},"west":{"uv":[5.5,4,6,7.75],"texture":"#0"},"down":{"uv":[5.5,6.25,6,6.75],"texture":"#0"}}},{"from":[7,7,-5],"to":[9,22,-3],"faces":{"north":{"uv":[6,4,5.5,7.75],"texture":"#0"},"east":{"uv":[5.5,4,6,7.75],"texture":"#0"},"south":{"uv":[6,4,5.5,7.75],"texture":"#0"},"west":{"uv":[5.5,4,6,7.75],"texture":"#0"},"down":{"uv":[5.5,6.25,6,6.75],"texture":"#0"}}},{"from":[1,8,4],"to":[13,10,6],"faces":{"north":{"uv":[6,4,6.5,7],"rotation":90,"texture":"#0"},"south":{"uv":[6,7,6.5,4],"rotation":90,"texture":"#0"},"up":{"uv":[5,7,5.5,4],"rotation":90,"texture":"#0"},"down":{"uv":[6,7,6.5,4],"rotation":90,"texture":"#0"}}},{"from":[3,-1,5],"to":[3,3,13],"rotation":{"angle":-22.5,"axis":"z","origin":[3,3,9]},"faces":{"east":{"uv":[2.75,9.25,4.75,10.25],"texture":"#0"},"west":{"uv":[2.75,9.25,4.75,10.25],"texture":"#0"}}},{"from":[13,-1,5],"to":[13,3,13],"rotation":{"angle":22.5,"axis":"z","origin":[13,3,9]},"faces":{"east":{"uv":[2.75,9.25,4.75,10.25],"texture":"#0"},"west":{"uv":[2.75,9.25,4.75,10.25],"texture":"#0"}}}],"display":{"gui":{"rotation":[30,-45,0],"translation":[0,-1.5,0],"scale":[0.36,0.36,0.36]},"head":{"rotation":[0,-180,0],"translation":[0,-36.75,11.25],"scale":[1.61,1.61,1.61]},"thirdperson_righthand":{"rotation":[90.0,-180,0],"translation":[-1.0,-9.03125,24.631248],"scale":[1.00625,1.00625,1.00625]}},"groups":[{"name":"group","origin":[8,8,8],"children":[{"name":"group","origin":[4,18,4],"children":[0,1,2,3,4,5,6,7,8]},{"name":"group","origin":[4,18,4],"children":[9,10,11,12,13]},{"name":"group","origin":[4,18,4],"children":[14,15,16,17,18,19,20]}]},{"name":"group","origin":[0,0,0],"children":[21,22]},{"name":"group","origin":[0,0,0],"children":[23]},24,25,26,27,28,29,30,31]}