{"credit":"Made with Blockbench","texture_size":[64,64],"textures":{"1":"custom/cosmetics/new_year/2023_hat","2":"custom/cosmetics/new_year/sparkler","particle":"custom/cosmetics/new_year/2023_hat"},"elements":[{"from":[-1.5,6.5,6],"to":[5.5,10.5,10],"rotation":{"angle":-22.5,"axis":"z","origin":[7,8.5,8]},"faces":{"north":{"uv":[2,1,3,2.75],"rotation":90,"texture":"#1"},"south":{"uv":[2,1,3,2.75],"rotation":270,"texture":"#1"},"up":{"uv":[3,1,2,2.75],"rotation":270,"texture":"#1"},"down":{"uv":[3,1,2,2.75],"rotation":270,"texture":"#1"}}},{"from":[-1.5,6.5,6],"to":[5.5,10.5,10],"rotation":{"angle":-22.5,"axis":"z","origin":[7,8.5,8]},"faces":{"north":{"uv":[0,1,1,2.75],"rotation":90,"texture":"#1","tintindex":0},"east":{"uv":[0,2.5,0.25,2.75],"rotation":270,"texture":"#1","tintindex":0},"south":{"uv":[0,1,1,2.75],"rotation":270,"texture":"#1","tintindex":0},"west":{"uv":[0,0,1,1],"rotation":270,"texture":"#1","tintindex":0},"up":{"uv":[1,1,0,2.75],"rotation":270,"texture":"#1","tintindex":0},"down":{"uv":[1,1,0,2.75],"rotation":270,"texture":"#1","tintindex":0}}},{"from":[10.5,6.5,6],"to":[17.5,10.5,10],"rotation":{"angle":22.5,"axis":"z","origin":[9,8.5,8]},"faces":{"north":{"uv":[2,2.75,3,1],"rotation":90,"texture":"#1"},"south":{"uv":[2,2.75,3,1],"rotation":270,"texture":"#1"},"up":{"uv":[3,2.75,2,1],"rotation":270,"texture":"#1"},"down":{"uv":[3,2.75,2,1],"rotation":270,"texture":"#1"}}},{"from":[10.5,6.5,6],"to":[17.5,10.5,10],"rotation":{"angle":22.5,"axis":"z","origin":[9,8.5,8]},"faces":{"north":{"uv":[0,2.75,1,1],"rotation":90,"texture":"#1","tintindex":0},"east":{"uv":[0,1,1,0],"rotation":270,"texture":"#1","tintindex":0},"south":{"uv":[0,2.75,1,1],"rotation":270,"texture":"#1","tintindex":0},"west":{"uv":[0,2.75,0.25,2.5],"rotation":270,"texture":"#1","tintindex":0},"up":{"uv":[1,2.75,0,1],"rotation":270,"texture":"#1","tintindex":0},"down":{"uv":[1,2.75,0,1],"rotation":270,"texture":"#1","tintindex":0}}},{"from":[4,0.5,4],"to":[12,9.5,12],"rotation":{"angle":22.5,"axis":"x","origin":[8,8.5,8]},"faces":{"north":{"uv":[2,4.75,4,7],"texture":"#1"},"east":{"uv":[4,4.75,2,7],"texture":"#1"},"south":{"uv":[2,4.75,4,7],"texture":"#1"},"west":{"uv":[4,4.75,2,7],"texture":"#1"},"down":{"uv":[6,5,4,7],"texture":"#1"}}},{"from":[4,0.5,4],"to":[12,9.5,12],"rotation":{"angle":22.5,"axis":"x","origin":[8,8.5,8]},"faces":{"north":{"uv":[0,4.75,2,7],"texture":"#1","tintindex":0},"east":{"uv":[2,4.75,0,7],"texture":"#1","tintindex":0},"south":{"uv":[0,4.75,2,7],"texture":"#1","tintindex":0},"west":{"uv":[2,4.75,0,7],"texture":"#1","tintindex":0},"up":{"uv":[0,2.75,2,4.75],"texture":"#1","tintindex":0}}},{"from":[1,1.38268,1.2],"to":[15,8.38268,1.2],"rotation":{"angle":0,"axis":"x","origin":[8,3.88268,0.7412]},"faces":{"north":{"uv":[3.5,7,7,8.75],"texture":"#1"},"south":{"uv":[7,7,3.5,8.75],"texture":"#1"}}},{"from":[1,1.38268,1.2],"to":[15,8.38268,1.2],"rotation":{"angle":0,"axis":"x","origin":[8,3.88268,0.7412]},"faces":{"north":{"uv":[0,7,3.5,8.75],"texture":"#1","tintindex":0},"south":{"uv":[3.5,7,0,8.75],"texture":"#1","tintindex":0}}},{"from":[-14,-2,19.25],"to":[1,13,19.25],"rotation":{"angle":-45,"axis":"y","origin":[7,13.5,13.5]},"faces":{"north":{"uv":[1,0,16,15],"texture":"#2"},"south":{"uv":[1,0,16,15],"texture":"#2"}}},{"from":[-6.5,-2,11.75],"to":[-6.5,13,26.75],"rotation":{"angle":-45,"axis":"y","origin":[7,13.5,13.5]},"faces":{"east":{"uv":[1,0,16,15],"texture":"#2"},"west":{"uv":[1,0,16,15],"texture":"#2"}}},{"from":[15,-2,19.25],"to":[30,13,19.25],"rotation":{"angle":45,"axis":"y","origin":[9,13.5,13.5]},"faces":{"north":{"uv":[16,0,1,15],"texture":"#2"},"south":{"uv":[16,0,1,15],"texture":"#2"}}},{"from":[22.5,-2,11.75],"to":[22.5,13,26.75],"rotation":{"angle":45,"axis":"y","origin":[9,13.5,13.5]},"faces":{"east":{"uv":[16,0,1,15],"texture":"#2"},"west":{"uv":[16,0,1,15],"texture":"#2"}}},{"from":[-4.25,5.5,7],"to":[3.75,7.5,9],"rotation":{"angle":45,"axis":"z","origin":[-5,4,1]},"faces":{"north":{"uv":[4.5,3,5,5],"rotation":90,"texture":"#1"},"south":{"uv":[4.5,3,5,5],"rotation":270,"texture":"#1"},"west":{"uv":[4.5,3,4.75,3.25],"rotation":270,"texture":"#1"},"up":{"uv":[4.5,3,5,5],"rotation":270,"texture":"#1"},"down":{"uv":[4.5,3,5,5],"rotation":270,"texture":"#1"}}},{"from":[-4.25,5.5,7],"to":[3.75,7.5,9],"rotation":{"angle":45,"axis":"z","origin":[-5,4,1]},"faces":{"north":{"uv":[4,3,4.5,5],"rotation":90,"texture":"#1","tintindex":0},"east":{"uv":[0.75,3.5,1.25,4],"rotation":270,"texture":"#1","tintindex":0},"south":{"uv":[4,3,4.5,5],"rotation":270,"texture":"#1","tintindex":0},"up":{"uv":[4,3,4.5,5],"rotation":270,"texture":"#1","tintindex":0},"down":{"uv":[4,3,4.5,5],"rotation":270,"texture":"#1","tintindex":0}}},{"from":[12.25,5.5,7],"to":[20.25,7.5,9],"rotation":{"angle":-45,"axis":"z","origin":[21,4,1]},"faces":{"north":{"uv":[4.5,5,5,3],"rotation":90,"texture":"#1"},"east":{"uv":[4.5,3.25,4.75,3],"rotation":270,"texture":"#1"},"south":{"uv":[4.5,5,5,3],"rotation":270,"texture":"#1"},"up":{"uv":[4.5,5,5,3],"rotation":270,"texture":"#1"},"down":{"uv":[4.5,5,5,3],"rotation":270,"texture":"#1"}}},{"from":[12.25,5.5,7],"to":[20.25,7.5,9],"rotation":{"angle":-45,"axis":"z","origin":[21,4,1]},"faces":{"north":{"uv":[4,5,4.5,3],"rotation":90,"texture":"#1","tintindex":0},"south":{"uv":[4,5,4.5,3],"rotation":270,"texture":"#1","tintindex":0},"west":{"uv":[0.75,4,1.25,3.5],"rotation":270,"texture":"#1","tintindex":0},"up":{"uv":[4,5,4.5,3],"rotation":270,"texture":"#1","tintindex":0},"down":{"uv":[4,5,4.5,3],"rotation":270,"texture":"#1","tintindex":0}}}],"display":{"thirdperson_righthand":{"rotation":[86,0,0],"translation":[-1,-4.96875,24.29688],"scale":[1.13672,1.13672,1.13672]},"gui":{"rotation":[15,135,13],"translation":[0.25,0.75,0],"scale":[0.48,0.48,0.48]},"head":{"rotation":[-4,0,0],"translation":[0,14.75,4.75],"scale":[1.94,1.94,1.94]}},"groups":[{"name":"group","origin":[0,0,0],"color":0,"children":[{"name":"group","origin":[0,0,0],"color":0,"children":[0,1,2,3]},{"name":"group","origin":[0,0,0],"color":0,"children":[4,5]},{"name":"group","origin":[0,0,0],"color":0,"children":[]}]},6,7,8,9,10,11,{"name":"group","origin":[0,0,0],"color":0,"children":[12,13,14,15]}]}