{"credit":"Made with Blockbench","textures":{"0":"custom/cosmetics/new_year/sparkler","particle":"custom/cosmetics/new_year/sparkler"},"elements":[{"from":[7.5,-0.75,7.5],"to":[8.5,12.25,8.5],"rotation":{"angle":45,"axis":"x","origin":[8,13.5,8]},"faces":{"north":{"uv":[0,0,1,13],"texture":"#0","tintindex":0},"east":{"uv":[0,0,1,13],"texture":"#0","tintindex":0},"south":{"uv":[0,0,1,13],"texture":"#0","tintindex":0},"west":{"uv":[0,0,1,13],"texture":"#0","tintindex":0},"up":{"uv":[0,0,1,1],"texture":"#0","tintindex":0},"down":{"uv":[0,12,1,13],"texture":"#0","tintindex":0}}},{"from":[0.5,6,8],"to":[15.5,21,8],"rotation":{"angle":-45,"axis":"y","origin":[8,13.5,8]},"faces":{"north":{"uv":[1,0,16,15],"texture":"#0"},"south":{"uv":[1,0,16,15],"texture":"#0"}}},{"from":[0.5,6,8],"to":[15.5,21,8],"rotation":{"angle":45,"axis":"y","origin":[8,13.5,8]},"faces":{"north":{"uv":[1,0,16,15],"texture":"#0"},"south":{"uv":[1,0,16,15],"texture":"#0"}}}],"gui_light":"front","display":{"thirdperson_righthand":{"rotation":[-83.0,-59.0,-116.0],"translation":[-7.796875,5.5,3.4375],"scale":[0.9375,0.9375,0.9375]},"thirdperson_lefthand":{"rotation":[-83,59,116],"translation":[6.25,6,3]},"firstperson_righthand":{"rotation":[-72,35,57],"translation":[18.75,2.5,-2.75]},"firstperson_lefthand":{"rotation":[-72,35,57],"translation":[18.75,2.5,-2.75],"scale":[0,0,0]},"gui":{"rotation":[0,90,0],"translation":[2.25,-3.25,0],"scale":[0.84,0.84,0.84]}}}