{"credit":"Made with Blockbench","textures":{"1":"custom/cosmetics/cosmo/cosmo_base"},"elements":[{"from":[-2,20.3,8.6],"to":[18,20.3,19.6],"rotation":{"angle":22.5,"axis":"x","origin":[8,20,9]},"faces":{"up":{"uv":[7.5,5.25,12.5,8],"rotation":180,"texture":"#1"},"down":{"uv":[7.5,5.25,12.5,8],"texture":"#1"}}},{"from":[-1,-4,5],"to":[17,22,8],"rotation":{"angle":-22.5,"axis":"x","origin":[8,22,8]},"faces":{"east":{"uv":[7.75,8,7,14.5],"texture":"#1"},"south":{"uv":[7.75,8,12.25,14.5],"texture":"#1"},"west":{"uv":[7,8,7.75,14.5],"texture":"#1"}}},{"from":[17,22,8],"to":[-1,-4,5],"rotation":{"angle":-22.5,"axis":"x","origin":[8,22,8]},"faces":{"north":{"uv":[7.75,8,12.25,14.5],"rotation":180,"texture":"#1"},"east":{"uv":[7.75,8,7,14.5],"rotation":180,"texture":"#1"},"west":{"uv":[7,8,7.75,14.5],"rotation":180,"texture":"#1"}}},{"from":[17,22,8],"to":[-1,-4,5],"rotation":{"angle":-22.5,"axis":"x","origin":[8,22,8]},"faces":{"north":{"uv":[2.5,8,7,14.5],"rotation":180,"texture":"#1","tintindex":0},"east":{"uv":[2.5,8,1.75,14.5],"rotation":180,"texture":"#1","tintindex":0},"west":{"uv":[1.75,8,2.5,14.5],"rotation":180,"texture":"#1","tintindex":0}}},{"from":[-1,-4,5],"to":[17,22,8],"rotation":{"angle":-22.5,"axis":"x","origin":[8,22,8]},"faces":{"east":{"uv":[2.5,8,1.75,14.5],"texture":"#1","tintindex":0},"south":{"uv":[2.5,8,7,14.5],"texture":"#1","tintindex":0},"west":{"uv":[1.75,8,2.5,14.5],"texture":"#1","tintindex":0}}}],"display":{"thirdperson_righthand":{"rotation":[90.0,0.0,0.0],"translation":[-1.0,-3.71875,8.224998],"scale":[1.0,1.0,1.0]},"thirdperson_lefthand":{"rotation":[62,180,0],"translation":[0,-0.75,-0.5],"scale":[0.2,0.2,0.2]},"firstperson_righthand":{"rotation":[0,-72,0],"translation":[16.75,-6,-12.25]},"firstperson_lefthand":{"rotation":[0,-72,0],"translation":[16.75,-6,-12.25]},"ground":{"translation":[0,4.5,0],"scale":[0.4,0.4,0.4]},"gui":{"translation":[0,-2.5,0],"scale":[0.52,0.52,0.52]},"head":{"translation":[0,-63,2.75],"scale":[1.6,1.6,1.6]},"fixed":{"rotation":[14,180,180],"translation":[0,16.75,3.25],"scale":[2,2,2]}},"groups":[{"name":"group","origin":[8,24,8],"children":[0,1,2,{"name":"group","origin":[8,8,8],"children":[3,4]}]}]}