{"credit":"Made with Blockbench","textures":{"0":"custom/cosmetics/cosmo/cosmo_base","particle":"custom/cosmetics/cosmo/cosmo_base"},"elements":[{"from":[-2,7,-1],"to":[18,7,19],"rotation":{"angle":22.5,"axis":"x","origin":[8,8,8]},"faces":{"up":{"uv":[7.5,0,12.5,5],"texture":"#0"},"down":{"uv":[7.5,0,12.5,5],"texture":"#0"}}},{"from":[2.8,6.8,3.8],"to":[13.2,17.2,14.2],"rotation":{"angle":22.5,"axis":"x","origin":[8,8,8]},"faces":{"north":{"uv":[5,5,7.5,7.5],"texture":"#0"},"east":{"uv":[5,5,7.5,7.5],"texture":"#0"},"south":{"uv":[5,5,7.5,7.5],"texture":"#0"},"west":{"uv":[5,5,7.5,7.5],"texture":"#0"}}},{"from":[3,7,4],"to":[13,17,14],"rotation":{"angle":22.5,"axis":"x","origin":[8,8,8]},"faces":{"north":{"uv":[12.5,0,15,2.5],"texture":"#0"},"east":{"uv":[12.5,0,15,2.5],"texture":"#0"},"south":{"uv":[12.5,0,15,2.5],"texture":"#0"},"west":{"uv":[12.5,0,15,2.5],"texture":"#0"},"up":{"uv":[12.5,2.5,15,5],"texture":"#0"}}},{"from":[14,2.1,5],"to":[17,8.1,5],"faces":{"north":{"uv":[1,5.25,1.75,6.75],"texture":"#0"},"south":{"uv":[1,5.25,1.75,6.75],"texture":"#0"}}},{"from":[-1,2.1,5],"to":[2,8.1,5],"faces":{"north":{"uv":[1,5.25,1.75,6.75],"texture":"#0"},"south":{"uv":[1,5.25,1.75,6.75],"texture":"#0"}}},{"from":[3,7,4],"to":[13,17,14],"rotation":{"angle":22.5,"axis":"x","origin":[8,8,8]},"faces":{"north":{"uv":[5,0,7.5,2.5],"texture":"#0","tintindex":0},"east":{"uv":[5,0,7.5,2.5],"texture":"#0","tintindex":0},"south":{"uv":[5,0,7.5,2.5],"texture":"#0","tintindex":0},"west":{"uv":[5,0,7.5,2.5],"texture":"#0","tintindex":0},"up":{"uv":[5,2.5,7.5,5],"texture":"#0","tintindex":0}}},{"from":[13,17,14],"to":[3,7,4],"rotation":{"angle":22.5,"axis":"x","origin":[8,8,8]},"faces":{"north":{"uv":[5,0,7.5,2.5],"rotation":180,"texture":"#0","tintindex":0},"east":{"uv":[5,0,7.5,2.5],"rotation":180,"texture":"#0","tintindex":0},"south":{"uv":[5,0,7.5,2.5],"rotation":180,"texture":"#0","tintindex":0},"west":{"uv":[5,0,7.5,2.5],"rotation":180,"texture":"#0","tintindex":0},"down":{"uv":[5,2.5,7.5,5],"texture":"#0","tintindex":0}}},{"from":[-2,7,-1],"to":[18,7,19],"rotation":{"angle":22.5,"axis":"x","origin":[8,8,8]},"faces":{"up":{"uv":[0,0,5,5],"texture":"#0","tintindex":0},"down":{"uv":[0,0,5,5],"texture":"#0","tintindex":0}}},{"from":[14,2.1,5],"to":[17,8.1,5],"faces":{"north":{"uv":[0.25,5.25,1,6.75],"texture":"#0","tintindex":0},"south":{"uv":[0.25,5.25,1,6.75],"texture":"#0","tintindex":0}}},{"from":[-1,2.1,5],"to":[2,8.1,5],"faces":{"north":{"uv":[0.25,5.25,1,6.75],"texture":"#0","tintindex":0},"south":{"uv":[0.25,5.25,1,6.75],"texture":"#0","tintindex":0}}}],"display":{"thirdperson_righthand":{"rotation":[90.0,0.0,0.0],"translation":[-1.0,-1.53125,17.265625],"scale":[0.94921875,0.94921875,0.94921875]},"thirdperson_lefthand":{"rotation":[64,58,0],"translation":[0,1.5,1],"scale":[0.4,0.4,0.4]},"firstperson_righthand":{"rotation":[0,110,0],"translation":[9,5.5,-6.25]},"firstperson_lefthand":{"rotation":[0,110,0],"translation":[9,5.5,-6.25]},"ground":{"translation":[0,2.25,0],"scale":[0.4,0.4,0.4]},"gui":{"rotation":[30,135,0],"translation":[-0.25,-0.5,0],"scale":[0.72,0.72,0.72]},"head":{"translation":[0,6,-0.75],"scale":[1.62,1.62,1.62]},"fixed":{"rotation":[-90,0,0],"translation":[0,0,-16],"scale":[2,2,2]}},"groups":[{"name":"group","origin":[8,8,8],"children":[0,1,2]},3,4,{"name":"group","origin":[8,8,8],"children":[5,6,7,8,9]}]}