{"credit":"Made with Blockbench","texture_size":[32,32],"textures":{"0":"custom/cosmetics/nitro/nitro_helmet","particle":"custom/cosmetics/nitro/nitro_helmet"},"elements":[{"from":[3,0,3],"to":[13,9,13],"faces":{"north":{"uv":[0,0,5,4.5],"texture":"#0"},"east":{"uv":[10,0,5,4.5],"texture":"#0"},"south":{"uv":[0,9.5,5,14],"texture":"#0"},"west":{"uv":[5,0,10,4.5],"texture":"#0"},"up":{"uv":[5,4.5,10,9.5],"rotation":180,"texture":"#0"},"down":{"uv":[0,4.5,5,9.5],"texture":"#0"}}},{"from":[13,9,13],"to":[3,0,3],"faces":{"north":{"uv":[0,9.5,5,14],"rotation":180,"texture":"#0"},"east":{"uv":[10,0,5,4.5],"rotation":180,"texture":"#0"},"south":{"uv":[0,0,5,4.5],"rotation":180,"texture":"#0"},"west":{"uv":[5,0,10,4.5],"rotation":180,"texture":"#0"},"up":{"uv":[0,4.5,5,9.5],"texture":"#0"},"down":{"uv":[5,4.5,10,9.5],"rotation":180,"texture":"#0"}}},{"from":[2,2,5],"to":[3,7,10],"faces":{"north":{"uv":[10,0,10.5,2.5],"texture":"#0"},"south":{"uv":[10,0,10.5,2.5],"texture":"#0"},"west":{"uv":[10,0,12.5,2.5],"texture":"#0"},"up":{"uv":[10,0,12.5,0.5],"rotation":90,"texture":"#0"},"down":{"uv":[10,2,12.5,2.5],"rotation":90,"texture":"#0"}}},{"from":[13,2,5],"to":[14,7,10],"faces":{"north":{"uv":[10,0,10.5,2.5],"texture":"#0"},"east":{"uv":[10,0,12.5,2.5],"texture":"#0"},"south":{"uv":[10,0,10.5,2.5],"texture":"#0"},"up":{"uv":[10,0,12.5,0.5],"rotation":90,"texture":"#0"},"down":{"uv":[10,2,12.5,2.5],"rotation":90,"texture":"#0"}}},{"from":[2,3,6],"to":[2,6,9],"faces":{"west":{"uv":[10.5,3,12,4.5],"texture":"#0","tintindex":0}}},{"from":[7,8,2],"to":[9,11,10],"faces":{"north":{"uv":[12.5,0,13.5,1.5],"texture":"#0","tintindex":0},"east":{"uv":[14,5,10,6.5],"texture":"#0","tintindex":0},"south":{"uv":[13.5,0,14,0.5],"texture":"#0","tintindex":0},"west":{"uv":[10,5,14,6.5],"texture":"#0","tintindex":0},"up":{"uv":[13.5,0,14.5,4],"rotation":180,"texture":"#0","tintindex":0},"down":{"uv":[10,6,11,10],"rotation":180,"texture":"#0","tintindex":0}}},{"from":[14,3,6],"to":[14,6,9],"faces":{"east":{"uv":[12,3,10.5,4.5],"texture":"#0","tintindex":0}}},{"from":[2,7,6],"to":[2,11,7],"faces":{"east":{"uv":[5,9.5,5.5,11.5],"texture":"#0"},"west":{"uv":[5,9.5,5.5,11.5],"texture":"#0"}}},{"from":[14,7,6],"to":[14,11,7],"faces":{"east":{"uv":[5,9.5,5.5,11.5],"texture":"#0"},"west":{"uv":[5,9.5,5.5,11.5],"texture":"#0"}}}],"display":{"gui":{"rotation":[30,135,0],"translation":[0,3,0]},"head":{"translation":[0,5.75,0],"scale":[1.61,1.61,1.61]},"thirdperson_righthand":{"rotation":[90.0,0.0,0.0],"translation":[-1.0,-2.0,17.11914],"scale":[0.9433594,0.9433594,0.9433594]}},"groups":[0,1,2,3,{"name":"group","origin":[0,0,0],"children":[4,5,6]},7,8]}