{"credit":"Made with Blockbench","texture_size":[64,64],"textures":{"0":"custom/cosmetics/ancient/ancient_pot","1":"custom/cosmetics/ancient/ancient_pot_tongue","particle":"custom/cosmetics/ancient/ancient_pot"},"elements":[{"from":[2.5,-12,3.5],"to":[13.5,-4,12.5],"faces":{"north":{"uv":[7.5,3.75,10,5.75],"texture":"#0"},"east":{"uv":[5.25,1.75,7.5,3.75],"texture":"#0"},"south":{"uv":[7.5,3.75,10,5.75],"texture":"#0"},"west":{"uv":[5.25,1.75,7.5,3.75],"texture":"#0"},"up":{"uv":[7.5,1.5,10,3.75],"texture":"#0"},"down":{"uv":[9.75,1.5,12,3.75],"texture":"#0"}}},{"from":[3.5,-4,4.5],"to":[12.5,-1,11.5],"faces":{"north":{"uv":[10.25,3.75,12.25,4.5],"texture":"#0"},"east":{"uv":[5.5,1,7.25,1.75],"texture":"#0"},"south":{"uv":[10.25,3.75,12.25,4.5],"texture":"#0"},"west":{"uv":[5.5,1,7.25,1.75],"texture":"#0"},"up":{"uv":[7.75,1.75,9.75,3.5],"texture":"#0"}}},{"from":[3.5,-4,4.5],"to":[12.5,-1,11.5],"faces":{"north":{"uv":[3.5,1,5.25,1.75],"texture":"#0","tintindex":0},"east":{"uv":[3.5,1,5.25,1.75],"texture":"#0","tintindex":0},"south":{"uv":[3.5,1,5.25,1.75],"texture":"#0","tintindex":0},"west":{"uv":[3.5,1,5.25,1.75],"texture":"#0","tintindex":0}}},{"from":[6.5,-1,6.5],"to":[9.5,2,9.5],"faces":{"north":{"uv":[3,8.25,3.75,9],"texture":"#0"},"east":{"uv":[0.75,8.25,0,9],"texture":"#0"},"south":{"uv":[0.25,8.25,0.75,9],"texture":"#0"},"west":{"uv":[0,8.25,0.75,9],"texture":"#0"}}},{"from":[4.5,20,0.5],"to":[11.5,25,7.5],"faces":{"north":{"uv":[0,1.75,1.75,3],"texture":"#0"},"east":{"uv":[3.5,1.75,1.75,3],"texture":"#0"},"south":{"uv":[3.5,1.75,5.25,3],"texture":"#0"},"west":{"uv":[1.75,1.75,3.5,3],"texture":"#0"},"up":{"uv":[0,0,1.75,1.75],"rotation":180,"texture":"#0"},"down":{"uv":[1.75,0,3.5,1.75],"rotation":180,"texture":"#0"}}},{"from":[4.5,20,0.5],"to":[11.5,25,7.5],"faces":{"north":{"uv":[7.5,0.25,9.25,1.5],"texture":"#0","tintindex":0},"east":{"uv":[11,0.25,9.25,1.5],"texture":"#0","tintindex":0},"west":{"uv":[9.25,0.25,11,1.5],"texture":"#0","tintindex":0}}},{"from":[6.5,20,7.5],"to":[9.5,23,12.5],"faces":{"east":{"uv":[1.25,3,0,3.75],"texture":"#0"},"south":{"uv":[6,3.75,6.75,4.5],"texture":"#0"},"west":{"uv":[0,3,1.25,3.75],"texture":"#0"},"up":{"uv":[3.75,6.75,4.5,8],"texture":"#0"},"down":{"uv":[1.25,3.5,0,3.75],"rotation":90,"texture":"#0"}}},{"from":[6.5,14,2.5],"to":[9.5,17,12.5],"faces":{"north":{"uv":[3,4.5,3.75,5.25],"texture":"#0"},"east":{"uv":[2.5,4.5,0,5.25],"texture":"#0"},"south":{"uv":[6,5.25,6.75,6],"texture":"#0"},"west":{"uv":[0,4.5,2.5,5.25],"texture":"#0"},"up":{"uv":[3.75,3.75,4.5,6.25],"texture":"#0"},"down":{"uv":[6,3.75,6.75,6.25],"texture":"#0"}}},{"from":[6.5,2,6.5],"to":[9.5,5,14.5],"faces":{"north":{"uv":[3,7.5,3.75,8.25],"texture":"#0"},"east":{"uv":[2,7.5,0,8.25],"texture":"#0"},"south":{"uv":[6,5.25,6.75,6],"texture":"#0"},"west":{"uv":[0,7.5,2,8.25],"texture":"#0"},"up":{"uv":[3.75,5.5,4.5,7.5],"texture":"#0"},"down":{"uv":[5.25,3.75,6,5.75],"texture":"#0"}}},{"from":[6.5,8,2.5],"to":[9.5,11,14.5],"faces":{"north":{"uv":[3,6,3.75,6.75],"texture":"#0"},"east":{"uv":[3,6,0,6.75],"texture":"#0"},"south":{"uv":[6,3.75,6.75,4.5],"texture":"#0"},"west":{"uv":[0,6,3,6.75],"texture":"#0"},"up":{"uv":[4.5,3.75,5.25,6.75],"texture":"#0"},"down":{"uv":[7.5,6.75,6.75,3.75],"texture":"#0"}}},{"from":[6.5,17,9.5],"to":[9.5,20,12.5],"faces":{"north":{"uv":[3,3.75,3.75,4.5],"texture":"#0"},"east":{"uv":[0.75,3.75,0,4.5],"texture":"#0"},"south":{"uv":[6,4.5,6.75,5.25],"texture":"#0"},"west":{"uv":[0,3.75,0.75,4.5],"texture":"#0"}}},{"from":[6.5,11,2.5],"to":[9.5,14,5.5],"faces":{"north":{"uv":[3,5.25,3.75,6],"texture":"#0"},"east":{"uv":[0.75,5.25,0,6],"texture":"#0"},"south":{"uv":[0.5,5.25,0.75,6],"texture":"#0"},"west":{"uv":[0,5.25,0.75,6],"texture":"#0"}}},{"from":[6.5,5,11.5],"to":[9.5,8,14.5],"faces":{"north":{"uv":[3,3.75,3.75,4.5],"texture":"#0"},"east":{"uv":[0.75,6.75,0,7.5],"texture":"#0"},"south":{"uv":[6,4.5,6.75,5.25],"texture":"#0"},"west":{"uv":[0,6.75,0.75,7.5],"texture":"#0"}}},{"from":[2.5,14,9.5],"to":[6.5,22,10.5],"rotation":{"angle":-45,"axis":"x","origin":[6,19,8]},"faces":{"north":{"uv":[4.5,6.75,5.5,8.75],"texture":"#0"},"east":{"uv":[4.5,6.75,4.75,8.75],"texture":"#0"},"south":{"uv":[6.5,6.75,5.5,8.75],"texture":"#0"},"west":{"uv":[5.25,6.75,5.5,8.75],"texture":"#0"},"up":{"uv":[6.5,6.75,5.5,7],"texture":"#0"},"down":{"uv":[5.5,8.5,6.5,8.75],"texture":"#0"}}},{"from":[9.5,14,9.5],"to":[13.5,22,10.5],"rotation":{"angle":-45,"axis":"x","origin":[10,19,8]},"faces":{"north":{"uv":[5.5,6.75,4.5,8.75],"texture":"#0"},"east":{"uv":[5.5,6.75,5.25,8.75],"texture":"#0"},"south":{"uv":[5.5,6.75,6.5,8.75],"texture":"#0"},"west":{"uv":[4.75,6.75,4.5,8.75],"texture":"#0"},"up":{"uv":[5.5,6.75,6.5,7],"texture":"#0"},"down":{"uv":[6.5,8.5,5.5,8.75],"texture":"#0"}}},{"from":[3,-3,10.25],"to":[3,-1,19.25],"rotation":{"angle":-22.5,"axis":"y","origin":[3.5,-2,11.5]},"faces":{"east":{"uv":[7.5,6.25,9.75,6.75],"texture":"#0"},"west":{"uv":[7.5,6.25,9.75,6.75],"texture":"#0"}}},{"from":[-0.25,-3,17],"to":[1.75,-1,19],"faces":{"north":{"uv":[8,5.75,7.5,6.25],"texture":"#0"},"east":{"uv":[7.5,5.75,8,6.25],"texture":"#0"},"south":{"uv":[8,5.75,7.5,6.25],"texture":"#0"},"west":{"uv":[7.5,5.75,8,6.25],"texture":"#0"},"up":{"uv":[8,5.75,8.5,6.25],"texture":"#0"},"down":{"uv":[8.5,5.75,9,6.25],"texture":"#0"}}},{"from":[0.75,9,20.75],"to":[2.75,11,22.75],"rotation":{"angle":0,"axis":"y","origin":[3.5,12,4.25]},"faces":{"north":{"uv":[8,5.75,7.5,6.25],"texture":"#0"},"east":{"uv":[7.5,5.75,8,6.25],"texture":"#0"},"south":{"uv":[8,5.75,7.5,6.25],"texture":"#0"},"west":{"uv":[7.5,5.75,8,6.25],"texture":"#0"},"up":{"uv":[8,5.75,8.5,6.25],"texture":"#0"},"down":{"uv":[8.5,5.75,9,6.25],"texture":"#0"}}},{"from":[6.5,9,14.5],"to":[6.5,11,23.5],"rotation":{"angle":-45,"axis":"y","origin":[7,10,15.75]},"faces":{"east":{"uv":[7.5,6.25,9.75,6.75],"texture":"#0"},"west":{"uv":[7.5,6.25,9.75,6.75],"texture":"#0"}}},{"from":[13.25,9,20.75],"to":[15.25,11,22.75],"rotation":{"angle":0,"axis":"y","origin":[12.5,12,4.25]},"faces":{"north":{"uv":[7.5,5.75,8,6.25],"texture":"#0"},"east":{"uv":[8,5.75,7.5,6.25],"texture":"#0"},"south":{"uv":[7.5,5.75,8,6.25],"texture":"#0"},"west":{"uv":[8,5.75,7.5,6.25],"texture":"#0"},"up":{"uv":[8.5,5.75,8,6.25],"texture":"#0"},"down":{"uv":[9,5.75,8.5,6.25],"texture":"#0"}}},{"from":[9.5,9,14.5],"to":[9.5,11,23.5],"rotation":{"angle":45,"axis":"y","origin":[9,10,15.75]},"faces":{"east":{"uv":[9.75,6.25,7.5,6.75],"texture":"#0"},"west":{"uv":[9.75,6.25,7.5,6.75],"texture":"#0"}}},{"from":[14.25,-3,17],"to":[16.25,-1,19],"rotation":{"angle":0,"axis":"y","origin":[16,0,0]},"faces":{"north":{"uv":[7.5,5.75,8,6.25],"texture":"#0"},"east":{"uv":[8,5.75,7.5,6.25],"texture":"#0"},"south":{"uv":[7.5,5.75,8,6.25],"texture":"#0"},"west":{"uv":[8,5.75,7.5,6.25],"texture":"#0"},"up":{"uv":[8.5,5.75,8,6.25],"texture":"#0"},"down":{"uv":[9,5.75,8.5,6.25],"texture":"#0"}}},{"from":[13,-3,10.25],"to":[13,-1,19.25],"rotation":{"angle":22.5,"axis":"y","origin":[12.5,-2,11.5]},"faces":{"east":{"uv":[9.75,6.25,7.5,6.75],"texture":"#0"},"west":{"uv":[9.75,6.25,7.5,6.75],"texture":"#0"}}},{"from":[6.5,21,-6],"to":[9.5,21,1],"rotation":{"angle":-45,"axis":"x","origin":[8,21,0.5]},"faces":{"up":{"uv":[0,0,3,7],"rotation":180,"texture":"#1","tintindex":0},"down":{"uv":[0,7,3,0],"rotation":180,"texture":"#1","tintindex":0}}}],"display":{"thirdperson_righthand":{"rotation":[43,58,0],"translation":[-0.25,1.75,1.25],"scale":[0.24,0.24,0.24]},"thirdperson_lefthand":{"rotation":[43,58,0],"translation":[-0.25,1.75,1.25],"scale":[0.24,0.24,0.24]},"firstperson_righthand":{"rotation":[-11,94,9],"translation":[15.5,-3.25,-12.75]},"firstperson_lefthand":{"rotation":[-11,94,9],"translation":[15.5,-3.25,-12.75]},"ground":{"translation":[0,8,0],"scale":[0.28,0.28,0.28]},"gui":{"rotation":[46,135,-22],"translation":[-1,1,0],"scale":[0.41,0.41,0.41]},"head":{"rotation":[27,180,0],"translation":[0,-48.5,15]},"fixed":{"rotation":[90,0,0],"translation":[0,0,8],"scale":[2,2,2]}},"groups":[0,1,2,{"name":"group","origin":[0,0,0],"color":0,"children":[3,4,5,6,7,8,9,10,11,12]},13,14,15,16,17,18,19,20,21,22,23]}