{"credit":"Made with Blockbench","textures":{"0":"custom/entities/robot_guide/guide_leg","1":"custom/cosmetics/orbit/orbit_thruster","particle":"custom/entities/robot_guide/guide_leg"},"elements":[{"from":[7,0,7],"to":[9,4,9],"faces":{"north":{"uv":[2,6,4,10],"texture":"#0","tintindex":0},"east":{"uv":[2,6,4,10],"texture":"#0","tintindex":0},"south":{"uv":[2,6,4,10],"texture":"#0","tintindex":0},"west":{"uv":[2,6,4,10],"texture":"#0","tintindex":0},"down":{"uv":[2,10,4,12],"texture":"#0","tintindex":0}}},{"from":[9,4,9],"to":[7,0,7],"faces":{"north":{"uv":[2,6,4,10],"rotation":180,"texture":"#0","tintindex":0},"east":{"uv":[2,6,4,10],"rotation":180,"texture":"#0","tintindex":0},"south":{"uv":[2,6,4,10],"rotation":180,"texture":"#0","tintindex":0},"west":{"uv":[2,6,4,10],"rotation":180,"texture":"#0","tintindex":0},"up":{"uv":[2,10,4,12],"rotation":270,"texture":"#0","tintindex":0}}},{"from":[6,4,6],"to":[10,10,10],"faces":{"north":{"uv":[1,0,5,6],"texture":"#0","tintindex":0},"east":{"uv":[1,0,5,6],"texture":"#0","tintindex":0},"south":{"uv":[1,0,5,6],"texture":"#0","tintindex":0},"west":{"uv":[1,0,5,6],"texture":"#0","tintindex":0}}},{"from":[10,10,10],"to":[6,4,6],"faces":{"north":{"uv":[1,0,5,6],"rotation":180,"texture":"#0","tintindex":0},"east":{"uv":[1,0,5,6],"rotation":180,"texture":"#0","tintindex":0},"south":{"uv":[1,0,5,6],"rotation":180,"texture":"#0","tintindex":0},"west":{"uv":[1,0,5,6],"rotation":180,"texture":"#0","tintindex":0}}},{"from":[6,10,6],"to":[10,10,10],"faces":{"down":{"uv":[4,0,8,4],"texture":"#1","tintindex":0}}},{"from":[6,10,6],"to":[10,13,10],"faces":{"north":{"uv":[0,0,4,3],"texture":"#1"},"east":{"uv":[0,0,4,3],"texture":"#1"},"south":{"uv":[0,0,4,3],"texture":"#1"},"west":{"uv":[0,0,4,3],"texture":"#1"},"up":{"uv":[0,0,1,1],"texture":"#1"},"down":{"uv":[0,3,4,7],"texture":"#1"}}}],"display":{"thirdperson_righthand":{"rotation":[90,0,0],"translation":[0,-2,-3.25],"scale":[1.25,1.25,1.25]},"thirdperson_lefthand":{"rotation":[90,0,0],"translation":[0,-2,-3.25],"scale":[1.25,1.25,1.25]},"firstperson_righthand":{"rotation":[0,133,0],"translation":[3.5,-3,0]},"firstperson_lefthand":{"rotation":[0,133,0],"translation":[3.5,-3,0]},"head":{"translation":[0,-29,0],"scale":[1.61,1.61,1.61]}},"groups":[{"name":"group","origin":[8,8,8],"color":0,"children":[0,1,2,3,4]},5]}