{"credit":"Made with Blockbench","texture_size":[64,64],"textures":{"0":"custom/cosmetics/stellar_hat/earth","1":"custom/cosmetics/stellar_hat/sun","2":"custom/cosmetics/stellar_hat/mars","3":"custom/cosmetics/stellar_hat/saturn","4":"custom/cosmetics/stellar_hat/neptune","5":"custom/cosmetics/stellar_hat/stars","6":"custom/cosmetics/stellar_hat/stars_1","7":"custom/cosmetics/stellar_hat/stars_0","8":"custom/cosmetics/stellar_hat/stellar_hat","9":"custom/cosmetics/stellar_hat/ring","particle":"custom/cosmetics/stellar_hat/earth"},"elements":[{"from":[-2.79,4.15,1.36],"to":[-0.3,6.64,3.85],"rotation":{"angle":0,"axis":"y","origin":[1.36,0,1.36]},"faces":{"north":{"uv":[6,0,9,3],"texture":"#0"},"east":{"uv":[12,0,9,3],"texture":"#0"},"south":{"uv":[9,0,12,3],"texture":"#0"},"west":{"uv":[9,0,6,3],"texture":"#0"},"up":{"uv":[0,0,3,3],"rotation":180,"texture":"#0"},"down":{"uv":[6,0,3,3],"rotation":180,"texture":"#0"}}},{"from":[-2.79,3.9425,1.36],"to":[-0.3,6.4325,3.85],"rotation":{"angle":0,"axis":"y","origin":[1.36,0,1.36]},"faces":{"north":{"uv":[6,3,9,6],"texture":"#0"},"east":{"uv":[12,3,9,6],"texture":"#0"},"south":{"uv":[9,3,12,6],"texture":"#0"},"west":{"uv":[9,3,6,6],"texture":"#0"},"up":{"uv":[0,3,3,6],"rotation":180,"texture":"#0"},"down":{"uv":[6,3,3,6],"rotation":180,"texture":"#0"}}},{"from":[-2.79,3.735,1.36],"to":[-0.3,6.225,3.85],"rotation":{"angle":0,"axis":"y","origin":[1.36,0,1.36]},"faces":{"north":{"uv":[6,6,9,9],"texture":"#0"},"east":{"uv":[12,6,9,9],"texture":"#0"},"south":{"uv":[9,6,12,9],"texture":"#0"},"west":{"uv":[9,6,6,9],"texture":"#0"},"up":{"uv":[0,6,3,9],"rotation":180,"texture":"#0"},"down":{"uv":[6,6,3,9],"rotation":180,"texture":"#0"}}},{"from":[-2.79,3.5275,1.36],"to":[-0.3,6.0175,3.85],"rotation":{"angle":0,"axis":"y","origin":[1.36,0,1.36]},"faces":{"north":{"uv":[6,9,9,12],"texture":"#0"},"east":{"uv":[12,9,9,12],"texture":"#0"},"south":{"uv":[9,9,12,12],"texture":"#0"},"west":{"uv":[9,9,6,12],"texture":"#0"},"up":{"uv":[0,9,3,12],"rotation":180,"texture":"#0"},"down":{"uv":[6,9,3,12],"rotation":180,"texture":"#0"}}},{"from":[-2.79,3.32,1.36],"to":[-0.3,5.81,3.85],"rotation":{"angle":0,"axis":"y","origin":[1.36,0,1.36]},"faces":{"north":{"uv":[6,12,9,15],"texture":"#0"},"east":{"uv":[12,12,9,15],"texture":"#0"},"south":{"uv":[9,12,12,15],"texture":"#0"},"west":{"uv":[9,12,6,15],"texture":"#0"},"up":{"uv":[0,12,3,15],"rotation":180,"texture":"#0"},"down":{"uv":[6,12,3,15],"rotation":180,"texture":"#0"}}},{"from":[5.925,6.64,5.925],"to":[10.075,10.79,10.075],"rotation":{"angle":0,"axis":"x","origin":[8,8.0925,8]},"faces":{"north":{"uv":[0,0,2.5,2.5],"texture":"#1"},"east":{"uv":[0,0,2.5,2.5],"texture":"#1"},"south":{"uv":[0,0,2.5,2.5],"texture":"#1"},"west":{"uv":[0,0,2.5,2.5],"texture":"#1"},"up":{"uv":[0,0,2.5,2.5],"texture":"#1"},"down":{"uv":[0,0,2.5,2.5],"texture":"#1"}}},{"name":"cube inverted","from":[10.49,11.205,10.49],"to":[5.51,6.225,5.51],"rotation":{"angle":0,"axis":"x","origin":[8,8.0925,8]},"faces":{"north":{"uv":[2.5,2.5,5,0],"texture":"#1"},"east":{"uv":[2.5,2.5,5,0],"texture":"#1"},"south":{"uv":[2.5,2.5,5,0],"texture":"#1"},"west":{"uv":[2.5,2.5,5,0],"texture":"#1"},"up":{"uv":[5,0,2.5,2.5],"texture":"#1"},"down":{"uv":[5,0,2.5,2.5],"texture":"#1"}}},{"from":[5.925,6.225,5.925],"to":[10.075,10.375,10.075],"rotation":{"angle":0,"axis":"x","origin":[8,8.0925,8]},"faces":{"north":{"uv":[0,2.5,2.5,5],"texture":"#1"},"east":{"uv":[0,2.5,2.5,5],"texture":"#1"},"south":{"uv":[0,2.5,2.5,5],"texture":"#1"},"west":{"uv":[0,2.5,2.5,5],"texture":"#1"},"up":{"uv":[0,2.5,2.5,5],"texture":"#1"},"down":{"uv":[0,2.5,2.5,5],"texture":"#1"}}},{"name":"cube inverted","from":[10.49,10.79,10.49],"to":[5.51,5.81,5.51],"rotation":{"angle":0,"axis":"x","origin":[8,8.0925,8]},"faces":{"north":{"uv":[2.5,5,5,2.5],"texture":"#1"},"east":{"uv":[2.5,5,5,2.5],"texture":"#1"},"south":{"uv":[2.5,5,5,2.5],"texture":"#1"},"west":{"uv":[2.5,5,5,2.5],"texture":"#1"},"up":{"uv":[5,2.5,2.5,5],"texture":"#1"},"down":{"uv":[5,2.5,2.5,5],"texture":"#1"}}},{"from":[5.925,5.81,5.925],"to":[10.075,9.96,10.075],"rotation":{"angle":0,"axis":"x","origin":[8,8.0925,8]},"faces":{"north":{"uv":[0,5,2.5,7.5],"texture":"#1"},"east":{"uv":[0,5,2.5,7.5],"texture":"#1"},"south":{"uv":[0,5,2.5,7.5],"texture":"#1"},"west":{"uv":[0,5,2.5,7.5],"texture":"#1"},"up":{"uv":[0,5,2.5,7.5],"texture":"#1"},"down":{"uv":[0,5,2.5,7.5],"texture":"#1"}}},{"name":"cube inverted","from":[10.49,10.375,10.49],"to":[5.51,5.395,5.51],"rotation":{"angle":0,"axis":"x","origin":[8,8.0925,8]},"faces":{"north":{"uv":[2.5,7.5,5,5],"texture":"#1"},"east":{"uv":[2.5,7.5,5,5],"texture":"#1"},"south":{"uv":[2.5,7.5,5,5],"texture":"#1"},"west":{"uv":[2.5,7.5,5,5],"texture":"#1"},"up":{"uv":[5,5,2.5,7.5],"texture":"#1"},"down":{"uv":[5,5,2.5,7.5],"texture":"#1"}}},{"from":[5.925,5.81,5.925],"to":[10.075,9.96,10.075],"rotation":{"angle":0,"axis":"x","origin":[8,8.0925,8]},"faces":{"north":{"uv":[0,7.5,2.5,10],"texture":"#1"},"east":{"uv":[0,7.5,2.5,10],"texture":"#1"},"south":{"uv":[0,7.5,2.5,10],"texture":"#1"},"west":{"uv":[0,7.5,2.5,10],"texture":"#1"},"up":{"uv":[0,7.5,2.5,10],"texture":"#1"},"down":{"uv":[0,7.5,2.5,10],"texture":"#1"}}},{"name":"cube inverted","from":[10.49,10.375,10.49],"to":[5.51,5.395,5.51],"rotation":{"angle":0,"axis":"x","origin":[8,8.0925,8]},"faces":{"north":{"uv":[2.5,10,5,7.5],"texture":"#1"},"east":{"uv":[2.5,10,5,7.5],"texture":"#1"},"south":{"uv":[2.5,10,5,7.5],"texture":"#1"},"west":{"uv":[2.5,10,5,7.5],"texture":"#1"},"up":{"uv":[5,7.5,2.5,10],"texture":"#1"},"down":{"uv":[5,7.5,2.5,10],"texture":"#1"}}},{"from":[5.925,5.395,5.925],"to":[10.075,9.545,10.075],"rotation":{"angle":0,"axis":"x","origin":[8,8.0925,8]},"faces":{"north":{"uv":[0,10,2.5,12.5],"texture":"#1"},"east":{"uv":[0,10,2.5,12.5],"texture":"#1"},"south":{"uv":[0,10,2.5,12.5],"texture":"#1"},"west":{"uv":[0,10,2.5,12.5],"texture":"#1"},"up":{"uv":[0,10,2.5,12.5],"texture":"#1"},"down":{"uv":[0,10,2.5,12.5],"texture":"#1"}}},{"name":"cube inverted","from":[10.49,9.96,10.49],"to":[5.51,4.98,5.51],"rotation":{"angle":0,"axis":"x","origin":[8,8.0925,8]},"faces":{"north":{"uv":[2.5,12.5,5,10],"texture":"#1"},"east":{"uv":[2.5,12.5,5,10],"texture":"#1"},"south":{"uv":[2.5,12.5,5,10],"texture":"#1"},"west":{"uv":[2.5,12.5,5,10],"texture":"#1"},"up":{"uv":[5,10,2.5,12.5],"texture":"#1"},"down":{"uv":[5,10,2.5,12.5],"texture":"#1"}}},{"from":[12.15,10.79,-1.13],"to":[14.64,13.28,1.36],"rotation":{"angle":-22.5,"axis":"y","origin":[14.225,10.79,5.095]},"faces":{"north":{"uv":[9,0,6,3],"texture":"#2"},"east":{"uv":[6,0,9,3],"texture":"#2"},"south":{"uv":[12,0,9,3],"texture":"#2"},"west":{"uv":[9,0,12,3],"texture":"#2"},"up":{"uv":[0,0,3,3],"rotation":270,"texture":"#2"},"down":{"uv":[6,0,3,3],"rotation":90,"texture":"#2"}}},{"from":[12.15,10.5825,-1.13],"to":[14.64,13.0725,1.36],"rotation":{"angle":-22.5,"axis":"y","origin":[14.225,10.79,5.095]},"faces":{"north":{"uv":[9,3,6,6],"texture":"#2"},"east":{"uv":[6,3,9,6],"texture":"#2"},"south":{"uv":[12,3,9,6],"texture":"#2"},"west":{"uv":[9,3,12,6],"texture":"#2"},"up":{"uv":[0,3,3,6],"rotation":270,"texture":"#2"},"down":{"uv":[6,3,3,6],"rotation":90,"texture":"#2"}}},{"from":[12.15,10.375,-1.13],"to":[14.64,12.865,1.36],"rotation":{"angle":-22.5,"axis":"y","origin":[14.225,10.79,5.095]},"faces":{"north":{"uv":[9,6,6,9],"texture":"#2"},"east":{"uv":[6,6,9,9],"texture":"#2"},"south":{"uv":[12,6,9,9],"texture":"#2"},"west":{"uv":[9,6,12,9],"texture":"#2"},"up":{"uv":[0,6,3,9],"rotation":270,"texture":"#2"},"down":{"uv":[6,6,3,9],"rotation":90,"texture":"#2"}}},{"from":[12.15,10.1675,-1.13],"to":[14.64,12.6575,1.36],"rotation":{"angle":-22.5,"axis":"y","origin":[14.225,10.79,5.095]},"faces":{"north":{"uv":[9,9,6,12],"texture":"#2"},"east":{"uv":[6,9,9,12],"texture":"#2"},"south":{"uv":[12,9,9,12],"texture":"#2"},"west":{"uv":[9,9,12,12],"texture":"#2"},"up":{"uv":[0,9,3,12],"rotation":270,"texture":"#2"},"down":{"uv":[6,9,3,12],"rotation":90,"texture":"#2"}}},{"from":[12.15,9.96,-1.13],"to":[14.64,12.45,1.36],"rotation":{"angle":-22.5,"axis":"y","origin":[14.225,10.79,5.095]},"faces":{"north":{"uv":[9,12,6,15],"texture":"#2"},"east":{"uv":[6,12,9,15],"texture":"#2"},"south":{"uv":[12,12,9,15],"texture":"#2"},"west":{"uv":[9,12,12,15],"texture":"#2"},"up":{"uv":[0,12,3,15],"rotation":270,"texture":"#2"},"down":{"uv":[6,12,3,15],"rotation":90,"texture":"#2"}}},{"from":[15.055,5.6025,14.64],"to":[20.865,5.6025,20.45],"rotation":{"angle":22.5,"axis":"z","origin":[13.81,2.49,12.15]},"faces":{"up":{"uv":[8,0,11.5,3.5],"rotation":90,"texture":"#3"},"down":{"uv":[8,0,11.5,3.5],"texture":"#3"}}},{"from":[16.3,3.9425,15.885],"to":[19.62,7.2625,19.205],"rotation":{"angle":22.5,"axis":"z","origin":[13.81,2.49,12.15]},"faces":{"north":{"uv":[6,0,8,2],"texture":"#3"},"east":{"uv":[0,0,2,2],"texture":"#3"},"south":{"uv":[0,0,2,2],"texture":"#3"},"west":{"uv":[6,0,8,2],"texture":"#3"},"up":{"uv":[2,0,4,2],"texture":"#3"},"down":{"uv":[4,0,6,2],"texture":"#3"}}},{"from":[15.055,5.1875,14.64],"to":[20.865,5.1875,20.45],"rotation":{"angle":22.5,"axis":"z","origin":[13.81,2.075,12.15]},"faces":{"up":{"uv":[8,3.5,11.5,7],"rotation":90,"texture":"#3"},"down":{"uv":[8,3.5,11.5,7],"texture":"#3"}}},{"from":[16.3,3.5275,15.885],"to":[19.62,6.8475,19.205],"rotation":{"angle":22.5,"axis":"z","origin":[13.81,2.075,12.15]},"faces":{"north":{"uv":[6,2,8,4],"texture":"#3"},"east":{"uv":[0,2,2,4],"texture":"#3"},"south":{"uv":[0,2,2,4],"texture":"#3"},"west":{"uv":[6,2,8,4],"texture":"#3"},"up":{"uv":[2,2,4,4],"texture":"#3"},"down":{"uv":[4,2,6,4],"texture":"#3"}}},{"from":[15.055,4.7725,14.64],"to":[20.865,4.7725,20.45],"rotation":{"angle":22.5,"axis":"z","origin":[13.81,1.66,12.15]},"faces":{"up":{"uv":[8,7,11.5,10.5],"rotation":90,"texture":"#3"},"down":{"uv":[8,7,11.5,10.5],"texture":"#3"}}},{"from":[16.3,3.1125,15.885],"to":[19.62,6.4325,19.205],"rotation":{"angle":22.5,"axis":"z","origin":[13.81,1.66,12.15]},"faces":{"north":{"uv":[6,4,8,6],"texture":"#3"},"east":{"uv":[0,4,2,6],"texture":"#3"},"south":{"uv":[0,4,2,6],"texture":"#3"},"west":{"uv":[6,4,8,6],"texture":"#3"},"up":{"uv":[2,4,4,6],"texture":"#3"},"down":{"uv":[4,4,6,6],"texture":"#3"}}},{"from":[16.3,2.6975,15.885],"to":[19.62,6.0175,19.205],"rotation":{"angle":22.5,"axis":"z","origin":[13.81,1.245,12.15]},"faces":{"north":{"uv":[6,6,8,8],"texture":"#3"},"east":{"uv":[0,6,2,8],"texture":"#3"},"south":{"uv":[0,6,2,8],"texture":"#3"},"west":{"uv":[6,6,8,8],"texture":"#3"},"up":{"uv":[2,6,4,8],"texture":"#3"},"down":{"uv":[4,6,6,8],"texture":"#3"}}},{"from":[15.055,4.3575,14.64],"to":[20.865,4.3575,20.45],"rotation":{"angle":22.5,"axis":"z","origin":[13.81,1.245,12.15]},"faces":{"up":{"uv":[8,10.5,11.5,14],"rotation":90,"texture":"#3"},"down":{"uv":[8,10.5,11.5,14],"texture":"#3"}}},{"from":[15.055,3.9425,14.64],"to":[20.865,3.9425,20.45],"rotation":{"angle":22.5,"axis":"z","origin":[13.81,0.83,12.15]},"faces":{"up":{"uv":[11.5,0,15,3.5],"rotation":90,"texture":"#3"},"down":{"uv":[11.5,0,15,3.5],"texture":"#3"}}},{"from":[16.3,2.2825,15.885],"to":[19.62,5.6025,19.205],"rotation":{"angle":22.5,"axis":"z","origin":[13.81,0.83,12.15]},"faces":{"north":{"uv":[6,8,8,10],"texture":"#3"},"east":{"uv":[0,8,2,10],"texture":"#3"},"south":{"uv":[0,8,2,10],"texture":"#3"},"west":{"uv":[6,8,8,10],"texture":"#3"},"up":{"uv":[2,8,4,10],"texture":"#3"},"down":{"uv":[4,8,6,10],"texture":"#3"}}},{"from":[-0.3,13.28,13.81],"to":[2.19,15.77,16.3],"rotation":{"angle":22.5,"axis":"z","origin":[3.435,14.525,14.225]},"faces":{"north":{"uv":[0,0,1.5,1.5],"texture":"#4"},"east":{"uv":[1.5,0,0,1.5],"texture":"#4"},"south":{"uv":[6,0,4.5,1.5],"texture":"#4"},"west":{"uv":[4.5,0,6,1.5],"texture":"#4"},"up":{"uv":[1.5,0,3,1.5],"texture":"#4"},"down":{"uv":[3,0,4.5,1.5],"texture":"#4"}}},{"from":[0.945,12.035,12.565],"to":[0.945,17.015,17.545],"rotation":{"angle":22.5,"axis":"z","origin":[3.435,14.525,14.225]},"faces":{"east":{"uv":[11,0,8,3],"texture":"#4"},"west":{"uv":[8,0,11,3],"texture":"#4"}}},{"from":[-0.3,13.0725,13.81],"to":[2.19,15.5625,16.3],"rotation":{"angle":22.5,"axis":"z","origin":[3.435,14.3175,14.225]},"faces":{"north":{"uv":[0,1.5,1.5,3],"texture":"#4"},"east":{"uv":[1.5,1.5,0,3],"texture":"#4"},"south":{"uv":[6,1.5,4.5,3],"texture":"#4"},"west":{"uv":[4.5,1.5,6,3],"texture":"#4"},"up":{"uv":[1.5,1.5,3,3],"texture":"#4"},"down":{"uv":[3,1.5,4.5,3],"texture":"#4"}}},{"from":[0.945,11.8275,12.565],"to":[0.945,16.8075,17.545],"rotation":{"angle":22.5,"axis":"z","origin":[3.435,14.3175,14.225]},"faces":{"east":{"uv":[11,3,8,6],"texture":"#4"},"west":{"uv":[8,3,11,6],"texture":"#4"}}},{"from":[0.945,11.62,12.565],"to":[0.945,16.6,17.545],"rotation":{"angle":22.5,"axis":"z","origin":[3.435,14.11,14.225]},"faces":{"east":{"uv":[11,6,8,9],"texture":"#4"},"west":{"uv":[8,6,11,9],"texture":"#4"}}},{"from":[-0.3,12.865,13.81],"to":[2.19,15.355,16.3],"rotation":{"angle":22.5,"axis":"z","origin":[3.435,14.11,14.225]},"faces":{"north":{"uv":[0,3,1.5,4.5],"texture":"#4"},"east":{"uv":[1.5,3,0,4.5],"texture":"#4"},"south":{"uv":[6,3,4.5,4.5],"texture":"#4"},"west":{"uv":[4.5,3,6,4.5],"texture":"#4"},"up":{"uv":[1.5,3,3,4.5],"texture":"#4"},"down":{"uv":[3,3,4.5,4.5],"texture":"#4"}}},{"from":[-0.3,12.6575,13.81],"to":[2.19,15.1475,16.3],"rotation":{"angle":22.5,"axis":"z","origin":[3.435,13.9025,14.225]},"faces":{"north":{"uv":[0,4.5,1.5,6],"texture":"#4"},"east":{"uv":[1.5,4.5,0,6],"texture":"#4"},"south":{"uv":[6,4.5,4.5,6],"texture":"#4"},"west":{"uv":[4.5,4.5,6,6],"texture":"#4"},"up":{"uv":[1.5,4.5,3,6],"texture":"#4"},"down":{"uv":[3,4.5,4.5,6],"texture":"#4"}}},{"from":[0.945,11.4125,12.565],"to":[0.945,16.3925,17.545],"rotation":{"angle":22.5,"axis":"z","origin":[3.435,13.9025,14.225]},"faces":{"east":{"uv":[11,9,8,12],"texture":"#4"},"west":{"uv":[8,9,11,12],"texture":"#4"}}},{"from":[0.945,11.205,12.565],"to":[0.945,16.185,17.545],"rotation":{"angle":22.5,"axis":"z","origin":[3.435,13.695,14.225]},"faces":{"east":{"uv":[11,12,8,15],"texture":"#4"},"west":{"uv":[8,12,11,15],"texture":"#4"}}},{"from":[-0.3,12.45,13.81],"to":[2.19,14.94,16.3],"rotation":{"angle":22.5,"axis":"z","origin":[3.435,13.695,14.225]},"faces":{"north":{"uv":[0,6,1.5,7.5],"texture":"#4"},"east":{"uv":[1.5,6,0,7.5],"texture":"#4"},"south":{"uv":[6,6,4.5,7.5],"texture":"#4"},"west":{"uv":[4.5,6,6,7.5],"texture":"#4"},"up":{"uv":[1.5,6,3,7.5],"texture":"#4"},"down":{"uv":[3,6,4.5,7.5],"texture":"#4"}}},{"from":[0.63375,9.13,-4.035],"to":[1.25625,10.375,-4.035],"rotation":{"angle":-45,"axis":"y","origin":[0.945,9.7525,-4.035]},"faces":{"north":{"uv":[0,0,1,8],"texture":"#5"},"south":{"uv":[0,0,1,8],"texture":"#5"}}},{"from":[0.63375,9.13,-4.035],"to":[1.25625,10.375,-4.035],"rotation":{"angle":45,"axis":"y","origin":[0.945,9.7525,-4.035]},"faces":{"north":{"uv":[0,0,1,8],"texture":"#5"},"south":{"uv":[0,0,1,8],"texture":"#5"}}},{"from":[3.12375,1.66,18.375],"to":[3.74625,2.905,18.375],"rotation":{"angle":-45,"axis":"y","origin":[3.435,2.2825,18.375]},"faces":{"north":{"uv":[0,0,1,8],"texture":"#7"},"east":{"uv":[0,0,0,0],"texture":"#7"},"south":{"uv":[0,0,1,8],"texture":"#7"},"west":{"uv":[0,0,0,0],"texture":"#7"}}},{"from":[3.12375,1.66,18.375],"to":[3.74625,2.905,18.375],"rotation":{"angle":45,"axis":"y","origin":[3.435,2.2825,18.375]},"faces":{"north":{"uv":[0,0,1,8],"texture":"#7"},"east":{"uv":[0,0,0,0],"texture":"#7"},"south":{"uv":[0,0,1,8],"texture":"#7"},"west":{"uv":[0,0,0,0],"texture":"#7"}}},{"from":[18.89375,4.15,0.945],"to":[19.51625,5.395,0.945],"rotation":{"angle":-45,"axis":"y","origin":[19.205,4.7725,0.945]},"faces":{"north":{"uv":[0,0,1,8],"texture":"#5"},"south":{"uv":[0,0,1,8],"texture":"#5"}}},{"from":[18.89375,4.15,0.945],"to":[19.51625,5.395,0.945],"rotation":{"angle":45,"axis":"y","origin":[19.205,4.7725,0.945]},"faces":{"north":{"uv":[0,0,1,8],"texture":"#5"},"south":{"uv":[0,0,1,8],"texture":"#5"}}},{"from":[-6.00625,10.79,10.905],"to":[-5.38375,12.035,10.905],"rotation":{"angle":-45,"axis":"y","origin":[-5.695,11.4125,10.905]},"faces":{"north":{"uv":[1,0,2,8],"texture":"#7","tintindex":0},"east":{"uv":[0,0,0,0],"texture":"#7","tintindex":0},"south":{"uv":[1,0,2,8],"texture":"#7","tintindex":0},"west":{"uv":[0,0,0,0],"texture":"#7","tintindex":0}}},{"from":[-6.00625,10.79,10.905],"to":[-5.38375,12.035,10.905],"rotation":{"angle":45,"axis":"y","origin":[-5.695,11.4125,10.905]},"faces":{"north":{"uv":[1,0,2,8],"texture":"#7","tintindex":0},"east":{"uv":[0,0,0,0],"texture":"#7","tintindex":0},"south":{"uv":[1,0,2,8],"texture":"#7","tintindex":0},"west":{"uv":[0,0,0,0],"texture":"#7","tintindex":0}}},{"from":[4.78375,17.43,5.925],"to":[5.40625,18.675,5.925],"rotation":{"angle":-45,"axis":"y","origin":[5.095,18.0525,5.925]},"faces":{"north":{"uv":[1,0,2,8],"texture":"#5","tintindex":0},"east":{"uv":[0,0,0,0],"texture":"#5","tintindex":0},"south":{"uv":[1,0,2,8],"texture":"#5","tintindex":0},"west":{"uv":[0,0,0,0],"texture":"#5","tintindex":0},"up":{"uv":[0,0,0,0],"texture":"#5"},"down":{"uv":[0,0,0,0],"texture":"#5"}}},{"from":[4.78375,17.43,5.925],"to":[5.40625,18.675,5.925],"rotation":{"angle":45,"axis":"y","origin":[5.095,18.0525,5.925]},"faces":{"north":{"uv":[1,0,2,8],"texture":"#5","tintindex":0},"east":{"uv":[0,0,0,0],"texture":"#5","tintindex":0},"south":{"uv":[1,0,2,8],"texture":"#5","tintindex":0},"west":{"uv":[0,0,0,0],"texture":"#5","tintindex":0},"up":{"uv":[0,0,0,0],"texture":"#5"},"down":{"uv":[0,0,0,0],"texture":"#5"}}},{"from":[13.08375,13.28,20.865],"to":[13.70625,14.525,20.865],"rotation":{"angle":-45,"axis":"y","origin":[13.395,13.9025,20.865]},"faces":{"north":{"uv":[1,0,2,8],"texture":"#6","tintindex":0},"east":{"uv":[0,0,0,0],"texture":"#6","tintindex":0},"south":{"uv":[1,0,2,8],"texture":"#6","tintindex":0},"west":{"uv":[0,0,0,0],"texture":"#6","tintindex":0}}},{"from":[13.08375,13.28,20.865],"to":[13.70625,14.525,20.865],"rotation":{"angle":45,"axis":"y","origin":[13.395,13.9025,20.865]},"faces":{"north":{"uv":[1,0,2,8],"texture":"#6","tintindex":0},"east":{"uv":[0,0,0,0],"texture":"#6","tintindex":0},"south":{"uv":[1,0,2,8],"texture":"#6","tintindex":0},"west":{"uv":[0,0,0,0],"texture":"#6","tintindex":0}}},{"from":[19.72375,0.83,14.225],"to":[20.34625,2.075,14.225],"rotation":{"angle":45,"axis":"y","origin":[20.035,1.4525,14.225]},"faces":{"north":{"uv":[1,0,2,8],"texture":"#6","tintindex":0},"east":{"uv":[0,0,0,0],"texture":"#6","tintindex":0},"south":{"uv":[1,0,2,8],"texture":"#6","tintindex":0},"west":{"uv":[0,0,0,0],"texture":"#6","tintindex":0}}},{"from":[19.72375,0.83,14.225],"to":[20.34625,2.075,14.225],"rotation":{"angle":-45,"axis":"y","origin":[20.035,1.4525,14.225]},"faces":{"north":{"uv":[1,0,2,8],"texture":"#6","tintindex":0},"east":{"uv":[0,0,0,0],"texture":"#6","tintindex":0},"south":{"uv":[1,0,2,8],"texture":"#6","tintindex":0},"west":{"uv":[0,0,0,0],"texture":"#6","tintindex":0}}},{"from":[1,-2,1],"to":[15,-2,15],"rotation":{"angle":0,"axis":"y","origin":[0,-2,0]},"faces":{"up":{"uv":[0,0,3.5,3.5],"texture":"#8"},"down":{"uv":[0,0,3.5,3.5],"texture":"#8"}}},{"from":[1,-2.025,1],"to":[15,-2.025,15],"rotation":{"angle":-45,"axis":"y","origin":[8,-2,8]},"faces":{"up":{"uv":[0,0,3.5,3.5],"texture":"#8"},"down":{"uv":[0,0,3.5,3.5],"texture":"#8"}}},{"from":[1,-2.025,1],"to":[15,-2.025,15],"rotation":{"angle":-45,"axis":"y","origin":[8,-2,8]},"faces":{"up":{"uv":[3.5,0,7,3.5],"texture":"#8","tintindex":0},"down":{"uv":[3.5,0,7,3.5],"texture":"#8","tintindex":0}}},{"from":[1,-2,1],"to":[15,-2,15],"rotation":{"angle":0,"axis":"y","origin":[0,-2,0]},"faces":{"up":{"uv":[3.5,0,7,3.5],"texture":"#8","tintindex":0},"down":{"uv":[3.5,0,7,3.5],"texture":"#8","tintindex":0}}},{"from":[4,-2,4],"to":[12,1,12],"rotation":{"angle":0,"axis":"y","origin":[0,-2,0]},"faces":{"north":{"uv":[0,4,2,4.75],"texture":"#8","tintindex":0},"east":{"uv":[2.5,4,4.5,4.75],"texture":"#8","tintindex":0},"south":{"uv":[0,4,2,4.75],"texture":"#8","tintindex":0},"west":{"uv":[2.5,4,4.5,4.75],"texture":"#8","tintindex":0},"up":{"uv":[0,5,2,7],"rotation":180,"texture":"#8","tintindex":0}}},{"from":[4,-2,4],"to":[12,1,12],"rotation":{"angle":0,"axis":"y","origin":[0,-2,0]},"faces":{"north":{"uv":[4.5,4,6.5,4.75],"texture":"#8"},"east":{"uv":[7,4,9,4.75],"texture":"#8"},"south":{"uv":[4.5,4,6.5,4.75],"texture":"#8"},"west":{"uv":[7,4,9,4.75],"texture":"#8"},"up":{"uv":[4.5,5,6.5,7],"rotation":180,"texture":"#8"}}},{"from":[-8,-0.25,-7.5],"to":[24,-0.25,24.5],"rotation":{"angle":45,"axis":"y","origin":[8,-0.25,8.5]},"faces":{"up":{"uv":[0,0,16,16],"texture":"#9","tintindex":0},"down":{"uv":[0,0,16,16],"texture":"#9","tintindex":0}}}],"display":{"gui":{"rotation":[26,-122,0],"translation":[0.25,1,0],"scale":[0.48,0.48,0.48]},"head":{"rotation":[8,0,0],"translation":[0,22.5,2.75],"scale":[2,2,2]},"fixed":{"rotation":[-90,0,0],"translation":[0,0,-17.25],"scale":[2,2,2]},"thirdperson_righthand":{"rotation":[98.0,0,0],"translation":[-1.0,-3.71875,26.933594],"scale":[1.171875,1.171875,1.171875]}},"groups":[{"name":"group","origin":[0,0,0],"color":0,"children":[0,1,2,3,4]},{"name":"group","origin":[0,0,0],"color":0,"children":[5,6,7,8,9,10,11,12,13,14]},{"name":"group","origin":[0,0,0],"color":0,"children":[15,16,17,18,19]},{"name":"group","origin":[15,3,13],"color":0,"children":[20,21,22,23,24,25,26,27,28,29]},{"name":"group","origin":[0,0,0],"color":0,"children":[30,31,32,33,34,35,36,37,38,39]},{"name":"group","origin":[0,0,0],"color":0,"children":[40,41,42,43]},{"name":"group","origin":[0,0,0],"color":0,"children":[44,45]},{"name":"group","origin":[0,0,0],"color":0,"children":[46,47]},{"name":"group","origin":[0,0,0],"color":0,"children":[48,49,50,51,52,53]},54,55,56,57,58,59,60]}