{"credit":"Made with Blockbench","texture_size":[64,64],"textures":{"0":"custom/cosmetics/halloween/clown_afro","particle":"custom/cosmetics/halloween/clown_afro"},"elements":[{"from":[12,3,4],"to":[15,10,12],"rotation":{"angle":0,"axis":"y","origin":[16,0,0]},"faces":{"north":{"uv":[0.75,0,0,1.75],"texture":"#0"},"east":{"uv":[3,0,1,1.75],"texture":"#0"},"south":{"uv":[0,0,0.75,1.75],"texture":"#0"},"west":{"uv":[1.5,1.25,1,1.5],"texture":"#0"},"up":{"uv":[3.25,0.75,5.25,0],"rotation":90,"texture":"#0"},"down":{"uv":[3.25,1.75,5.25,1],"rotation":90,"texture":"#0"}}},{"from":[1,3,4],"to":[4,10,12],"faces":{"north":{"uv":[0,0,0.75,1.75],"texture":"#0"},"east":{"uv":[1,1.25,1.5,1.5],"texture":"#0"},"south":{"uv":[0.75,0,0,1.75],"texture":"#0"},"west":{"uv":[1,0,3,1.75],"texture":"#0"},"up":{"uv":[3.25,0,5.25,0.75],"rotation":90,"texture":"#0"},"down":{"uv":[3.25,1,5.25,1.75],"rotation":90,"texture":"#0"}}},{"from":[6,7,2],"to":[10,15,13],"faces":{"north":{"uv":[0,2,1,4],"texture":"#0"},"east":{"uv":[1.25,2,4,4],"texture":"#0"},"south":{"uv":[5.5,0,6.5,2],"texture":"#0"},"west":{"uv":[1.25,2,4,4],"texture":"#0"},"up":{"uv":[4.25,2,7,3],"rotation":90,"texture":"#0"},"down":{"uv":[1.5,3.75,2.5,4],"texture":"#0"}}},{"from":[-3,6,6],"to":[3,18,6],"rotation":{"angle":22.5,"axis":"x","origin":[0,12,5]},"faces":{"north":{"uv":[0,8,1.5,11],"texture":"#0"},"south":{"uv":[1.5,8,0,11],"texture":"#0"}}},{"from":[13,6,6],"to":[19,18,6],"rotation":{"angle":22.5,"axis":"x","origin":[16,12,5]},"faces":{"north":{"uv":[1.5,8,0,11],"texture":"#0"},"south":{"uv":[0,8,1.5,11],"texture":"#0"}}},{"from":[2,11.75,4.25],"to":[5,16.75,4.25],"rotation":{"angle":22.5,"axis":"x","origin":[3.5,14.5,4]},"faces":{"north":{"uv":[3.25,9.75,4,11],"texture":"#0","tintindex":0},"south":{"uv":[4,9.75,3.25,11],"texture":"#0","tintindex":0}}},{"from":[10,8,3],"to":[12,13,13],"rotation":{"angle":0,"axis":"y","origin":[16,0,0]},"faces":{"north":{"uv":[0.5,4.5,0,5.75],"texture":"#0","tintindex":0},"east":{"uv":[3.25,4.5,0.75,5.75],"texture":"#0","tintindex":0},"south":{"uv":[0,4.5,0.5,5.75],"texture":"#0","tintindex":0},"west":{"uv":[1.75,5.25,1.25,5.75],"texture":"#0","tintindex":0},"up":{"uv":[3.5,5,6,4.5],"rotation":90,"texture":"#0","tintindex":0},"down":{"uv":[1.75,5.25,1.25,5.75],"texture":"#0","tintindex":0}}},{"from":[4,8,3],"to":[6,13,13],"faces":{"north":{"uv":[0,4.5,0.5,5.75],"texture":"#0","tintindex":0},"east":{"uv":[1.25,5.25,1.75,5.75],"texture":"#0","tintindex":0},"south":{"uv":[0.5,4.5,0,5.75],"texture":"#0","tintindex":0},"west":{"uv":[0.75,4.5,3.25,5.75],"texture":"#0","tintindex":0},"up":{"uv":[3.5,4.5,6,5],"rotation":90,"texture":"#0","tintindex":0},"down":{"uv":[1.25,5.25,1.75,5.75],"texture":"#0","tintindex":0}}},{"from":[11,11.75,4.25],"to":[14,16.75,4.25],"rotation":{"angle":22.5,"axis":"x","origin":[12.5,14.5,4]},"faces":{"north":{"uv":[4,9.75,3.25,11],"texture":"#0","tintindex":0},"south":{"uv":[3.25,9.75,4,11],"texture":"#0","tintindex":0}}},{"from":[6.5,15,2],"to":[10.5,23,2],"rotation":{"angle":22.5,"axis":"x","origin":[8.5,15,2]},"faces":{"north":{"uv":[1.75,9,2.75,11],"texture":"#0"},"south":{"uv":[2.75,9,1.75,11],"texture":"#0"}}},{"from":[3,-4.5,4.25],"to":[13,0.5,4.25],"rotation":{"angle":-22.5,"axis":"x","origin":[8,-1.5,3.25]},"faces":{"north":{"uv":[0.75,6.75,3.25,8],"texture":"#0","tintindex":0},"east":{"uv":[0,0,0,1.25],"texture":"#missing","tintindex":0},"south":{"uv":[0.75,6.75,3.25,8],"texture":"#0","tintindex":0},"west":{"uv":[0,0,0,1.25],"texture":"#missing","tintindex":0},"up":{"uv":[0,0,2.5,0],"texture":"#missing","tintindex":0},"down":{"uv":[0,0,2.5,0],"texture":"#missing","tintindex":0}}},{"from":[3,1,12],"to":[13,8,13],"faces":{"east":{"uv":[3.5,5.25,3.75,7],"texture":"#0"},"south":{"uv":[3.5,5.25,6,7],"texture":"#0"},"west":{"uv":[3.5,5.25,3.75,7],"texture":"#0"},"up":{"uv":[3.5,5.25,6,5.5],"texture":"#0"}}},{"from":[3,1,12],"to":[13,8,13],"faces":{"east":{"uv":[6,5.25,6.25,7],"texture":"#0","tintindex":0},"south":{"uv":[6,5.25,8.5,7],"texture":"#0","tintindex":0},"west":{"uv":[6,5.25,6.25,7],"texture":"#0","tintindex":0},"up":{"uv":[6,5.25,8.5,5.5],"texture":"#0","tintindex":0}}},{"name":"cube inverted","from":[13,8,13],"to":[3,1,12],"faces":{"north":{"uv":[3.5,7,6,5.25],"texture":"#0"},"east":{"uv":[3.5,7,3.75,5.25],"texture":"#0"},"west":{"uv":[3.5,7,3.75,5.25],"texture":"#0"},"down":{"uv":[6,5.25,3.5,5.5],"texture":"#0"}}},{"name":"cube inverted","from":[13,8,13],"to":[3,1,12],"faces":{"north":{"uv":[6,7,8.5,5.25],"texture":"#0","tintindex":0},"east":{"uv":[6,7,6.25,5.25],"texture":"#0","tintindex":0},"west":{"uv":[6,7,6.25,5.25],"texture":"#0","tintindex":0},"down":{"uv":[8.5,5.25,6,5.5],"texture":"#0","tintindex":0}}}],"display":{"thirdperson_righthand":{"rotation":[90,0,0],"translation":[-1,-2,17.41211],"scale":[0.9375,0.9375,0.9375]},"gui":{"rotation":[30,135,0],"translation":[0.5,0.5,0],"scale":[0.65,0.65,0.65]},"head":{"translation":[0,6.25,0],"scale":[1.6,1.6,1.6]}}}