{"credit":"Made with Blockbench","texture_size":[32,32],"textures":{"0":"custom/cosmetics/halloween/demon_horns","particle":"custom/cosmetics/halloween/demon_horns"},"elements":[{"from":[1,0,6],"to":[5,7,10],"rotation":{"angle":45,"axis":"z","origin":[3,0.5,8]},"faces":{"north":{"uv":[0,4.5,2,8],"texture":"#0","tintindex":0},"east":{"uv":[0,4.5,2,8],"texture":"#0","tintindex":0},"south":{"uv":[0,4.5,2,8],"texture":"#0","tintindex":0},"west":{"uv":[0,4.5,2,8],"texture":"#0","tintindex":0},"up":{"uv":[2,6,4,8],"texture":"#0","tintindex":0},"down":{"uv":[0,7.5,0.5,8],"texture":"#0","tintindex":0}}},{"from":[6,0,1],"to":[10,7,5],"rotation":{"angle":-45,"axis":"x","origin":[8,0.5,3]},"faces":{"north":{"uv":[0,4.5,2,8],"texture":"#0","tintindex":0},"east":{"uv":[0,4.5,2,8],"texture":"#0","tintindex":0},"south":{"uv":[0,4.5,2,8],"texture":"#0","tintindex":0},"west":{"uv":[0,4.5,2,8],"texture":"#0","tintindex":0},"up":{"uv":[2,6,4,8],"texture":"#0","tintindex":0},"down":{"uv":[0,7.5,0.5,8],"texture":"#0","tintindex":0}}},{"from":[-3,4,7],"to":[-1,11,9],"rotation":{"angle":0,"axis":"y","origin":[0,7.5,8]},"faces":{"north":{"uv":[0.5,1,1.5,4.5],"texture":"#0","tintindex":0},"east":{"uv":[1.5,1,0.5,4.5],"texture":"#0","tintindex":0},"south":{"uv":[0.5,1,1.5,4.5],"texture":"#0","tintindex":0},"west":{"uv":[1.5,1,0.5,4.5],"texture":"#0","tintindex":0},"up":{"uv":[0.5,1,1.5,2],"texture":"#0","tintindex":0},"down":{"uv":[0,7.5,0.5,8],"texture":"#0","tintindex":0}}},{"from":[7,4,-3],"to":[9,11,-1],"rotation":{"angle":0,"axis":"y","origin":[8,7.5,0]},"faces":{"north":{"uv":[0.5,1,1.5,4.5],"texture":"#0","tintindex":0},"east":{"uv":[1.5,1,0.5,4.5],"texture":"#0","tintindex":0},"south":{"uv":[0.5,1,1.5,4.5],"texture":"#0","tintindex":0},"west":{"uv":[1.5,1,0.5,4.5],"texture":"#0","tintindex":0},"up":{"uv":[0.5,1,1.5,2],"texture":"#0","tintindex":0},"down":{"uv":[0,7.5,0.5,8],"texture":"#0","tintindex":0}}}],"display":{"thirdperson_righthand":{"rotation":[71.0,-45,0],"translation":[-1.0,-1.375,23.125],"scale":[0.9433594,0.9433594,0.9433594]},"ground":{"translation":[0,4.75,0],"scale":[0.49,0.49,0.49]},"gui":{"rotation":[0,134,0],"translation":[0,2.5,0],"scale":[0.91,0.91,0.91]},"head":{"rotation":[-19,-45,0],"translation":[0,16,-1],"scale":[1.61,1.61,1.61]}}}