{"credit":"Made with Blockbench","texture_size":[64,64],"textures":{"0":"custom/cosmetics/halloween/demon_wings","particle":"custom/cosmetics/halloween/demon_wings"},"elements":[{"from":[8.5,1,0],"to":[21,8.5,0.5],"rotation":{"angle":-45,"axis":"z","origin":[14.4,3.95,0.25]},"faces":{"north":{"uv":[0,4.25,6.25,8],"texture":"#0"},"south":{"uv":[6.25,4.25,0,8],"texture":"#0"}}},{"from":[8.5,1,0],"to":[21,8.5,0.5],"rotation":{"angle":-45,"axis":"z","origin":[14.4,3.95,0.25]},"faces":{"north":{"uv":[0,0.5,6.25,4.25],"texture":"#0","tintindex":0},"south":{"uv":[6.25,0.5,0,4.25],"texture":"#0","tintindex":0},"west":{"uv":[6,0.5,6.25,4.25],"texture":"#0","tintindex":0},"up":{"uv":[0,0.5,6.25,0.75],"rotation":180,"texture":"#0","tintindex":0}}},{"name":"cube inverted","from":[21,8.5,0.5],"to":[8.5,1,0],"rotation":{"angle":-45,"axis":"z","origin":[14.4,3.95,0.25]},"faces":{"north":{"uv":[6.25,4.25,0,0.5],"texture":"#0","tintindex":0},"east":{"uv":[6,4.25,6.25,0.5],"texture":"#0","tintindex":0},"south":{"uv":[0,4.25,6.25,0.5],"texture":"#0","tintindex":0},"down":{"uv":[6.25,0.5,0,0.75],"rotation":180,"texture":"#0","tintindex":0}}},{"name":"cube inverted","from":[21,8.5,0.5],"to":[8.5,1,0],"rotation":{"angle":-45,"axis":"z","origin":[14.4,3.95,0.25]},"faces":{"north":{"uv":[6.25,8,0,4.25],"texture":"#0"},"south":{"uv":[0,8,6.25,4.25],"texture":"#0"}}},{"from":[7.5,2,0.25],"to":[18.5,9.5,0.25],"rotation":{"angle":-45,"axis":"z","origin":[14.4,3.95,0.25]},"faces":{"north":{"uv":[6.25,0,11.75,3.75],"texture":"#0","tintindex":0},"south":{"uv":[11.75,0,6.25,3.75],"texture":"#0","tintindex":0}}},{"from":[-5,1,0],"to":[7.5,8.5,0.5],"rotation":{"angle":45,"axis":"z","origin":[1.6,3.95,0.25]},"faces":{"north":{"uv":[6.25,4.25,0,8],"texture":"#0"},"south":{"uv":[0,4.25,6.25,8],"texture":"#0"}}},{"from":[-5,1,0],"to":[7.5,8.5,0.5],"rotation":{"angle":45,"axis":"z","origin":[1.6,3.95,0.25]},"faces":{"north":{"uv":[6.25,0.5,0,4.25],"texture":"#0","tintindex":0},"east":{"uv":[6.25,0.5,6,4.25],"texture":"#0","tintindex":0},"south":{"uv":[0,0.5,6.25,4.25],"texture":"#0","tintindex":0},"up":{"uv":[6.25,0.5,0,0.75],"rotation":180,"texture":"#0","tintindex":0}}},{"name":"cube inverted","from":[7.5,8.5,0.5],"to":[-5,1,0],"rotation":{"angle":45,"axis":"z","origin":[1.6,3.95,0.25]},"faces":{"north":{"uv":[0,4.25,6.25,0.5],"texture":"#0","tintindex":0},"south":{"uv":[6.25,4.25,0,0.5],"texture":"#0","tintindex":0},"west":{"uv":[6.25,4.25,6,0.5],"texture":"#0","tintindex":0},"down":{"uv":[0,0.5,6.25,0.75],"rotation":180,"texture":"#0","tintindex":0}}},{"name":"cube inverted","from":[7.5,8.5,0.5],"to":[-5,1,0],"rotation":{"angle":45,"axis":"z","origin":[1.6,3.95,0.25]},"faces":{"north":{"uv":[0,8,6.25,4.25],"texture":"#0"},"south":{"uv":[6.25,8,0,4.25],"texture":"#0"}}},{"from":[-2.5,2,0.25],"to":[8.5,9.5,0.25],"rotation":{"angle":45,"axis":"z","origin":[1.6,3.95,0.25]},"faces":{"north":{"uv":[11.75,0,6.25,3.75],"texture":"#0","tintindex":0},"south":{"uv":[6.25,0,11.75,3.75],"texture":"#0","tintindex":0}}},{"from":[8,3,0],"to":[8,7.5,6.5],"rotation":{"angle":-22.5,"axis":"z","origin":[8,4.25,3.25]},"faces":{"east":{"uv":[9.5,4,6.25,6.25],"texture":"#0","tintindex":0},"west":{"uv":[6.25,4,9.5,6.25],"texture":"#0","tintindex":0}}}],"display":{"ground":{"translation":[0,14,7.5]},"gui":{"translation":[0,1.5,0],"scale":[0.56,0.56,0.56]},"head":{"rotation":[25,0,0],"translation":[0,-49,29.75],"scale":[3.21,3.21,3.21]},"thirdperson_righthand":{"rotation":[115.0,0,0],"translation":[-1.0,-20.59375,16.974998],"scale":[2.00625,2.00625,2.00625]}},"groups":[{"name":"group","origin":[0,0,0],"color":0,"children":[0,1,2,3,4]},{"name":"group","origin":[0,0,0],"color":0,"children":[5,6,7,8,9]},10]}