{"credit":"Made with Blockbench","texture_size":[128,128],"textures":{"0":"custom/cosmetics/halloween/ghost_balloon","1":"custom/furniture/halloween/timmy_trail","particle":"custom/cosmetics/halloween/ghost_balloon"},"elements":[{"from":[4,0,4],"to":[12,6.5,12],"rotation":{"angle":0,"axis":"y","origin":[4,0,4]},"faces":{"north":{"uv":[0,4,4,7.25],"texture":"#0","tintindex":0},"east":{"uv":[8,4,4,7.25],"texture":"#0","tintindex":0},"south":{"uv":[8,4,12,7.25],"texture":"#0","tintindex":0},"west":{"uv":[4,4,8,7.25],"texture":"#0","tintindex":0},"up":{"uv":[0,0,4,4],"rotation":180,"texture":"#0","tintindex":0},"down":{"uv":[4,0,8,4],"texture":"#0","tintindex":0}}},{"from":[4,0,4],"to":[12,6.5,12],"rotation":{"angle":0,"axis":"y","origin":[4,0,4]},"faces":{"north":{"uv":[0,12,4,15.25],"texture":"#0"},"down":{"uv":[4,8,8,12],"texture":"#0"}}},{"from":[4,-1.5,4],"to":[12,0,4],"rotation":{"angle":0,"axis":"y","origin":[4,0,4]},"faces":{"north":{"uv":[0,7.25,4,8],"texture":"#0","tintindex":0},"south":{"uv":[0,7.25,4,8],"texture":"#0","tintindex":0}}},{"from":[7.875,0.375,12],"to":[7.875,6.875,24.5],"rotation":{"angle":0,"axis":"y","origin":[7.875,1.125,8]},"faces":{"east":{"uv":[13,0,6.5,12.5],"rotation":90,"texture":"#1","tintindex":0},"west":{"uv":[13,0,6.5,12.5],"rotation":270,"texture":"#1","tintindex":0}}},{"from":[7.875,0.375,12],"to":[7.875,6.875,24.5],"rotation":{"angle":0,"axis":"y","origin":[7.875,1.125,8]},"faces":{"east":{"uv":[6.5,0,0,12.5],"rotation":90,"texture":"#1"},"west":{"uv":[6.5,0,0,12.5],"rotation":270,"texture":"#1"}}}],"display":{"gui":{"rotation":[30,134,0],"translation":[-2.5,2.75,0],"scale":[0.79,0.79,0.79]},"head":{"translation":[0,-5,-18.25],"scale":[2.2857,2.2857,2.2857]}}}