{"credit":"Made with Blockbench","texture_size":[128,128],"textures":{"0":"custom/furniture/halloween/timmy_trail","particle":"custom/furniture/halloween/timmy_trail"},"elements":[{"from":[7.75,-4.25,-4.5],"to":[7.75,8.75,20.5],"rotation":{"angle":0,"axis":"z","origin":[7.75,2.25,8]},"faces":{"east":{"uv":[13,0,6.5,12.5],"rotation":90,"texture":"#0","tintindex":0},"west":{"uv":[13,0,6.5,12.5],"rotation":270,"texture":"#0","tintindex":0}}},{"from":[7.75,-4.25,-4.5],"to":[7.75,8.75,20.5],"rotation":{"angle":0,"axis":"z","origin":[7.75,2.25,8]},"faces":{"east":{"uv":[6.5,0,0,12.5],"rotation":90,"texture":"#0"},"west":{"uv":[6.5,0,0,12.5],"rotation":270,"texture":"#0"}}}],"display":{"head":{"translation":[0,5.5,27],"scale":[2.2857,2.2857,2.2857]}}}