{"credit":"Made with Blockbench","textures":{"0":"custom/cosmetics/halloween/scary_mask","particle":"custom/cosmetics/halloween/scary_mask"},"elements":[{"from":[3,0,7],"to":[13,8,8],"faces":{"north":{"uv":[0,0,10,8],"texture":"#0"},"east":{"uv":[0,0,1,8],"texture":"#0"},"south":{"uv":[0,8,10,16],"texture":"#0"},"west":{"uv":[0,0,1,8],"texture":"#0"},"up":{"uv":[0,0,10,1],"texture":"#0"},"down":{"uv":[0,7,10,8],"texture":"#0"}}},{"from":[6,-4,7],"to":[10,0,8],"rotation":{"angle":0,"axis":"x","origin":[8,-2,7.5]},"faces":{"north":{"uv":[11,0,15,4],"texture":"#0"},"east":{"uv":[11,0,12,4],"texture":"#0"},"south":{"uv":[11,5,15,9],"texture":"#0"},"west":{"uv":[11,0,12,4],"texture":"#0"},"down":{"uv":[11,3,15,4],"texture":"#0"}}}],"display":{"thirdperson_righthand":{"rotation":[90.0,0.0,0.0],"translation":[-1.0,2.84375,18.876953],"scale":[0.9375,0.9375,0.9375]},"thirdperson_lefthand":{"rotation":[90,0,0],"translation":[0,-2.25,17]},"head":{"translation":[0,8.75,-7.75],"scale":[1.6,1.6,1.6]}}}