{"credit":"Made with Blockbench","texture_size":[64,64],"textures":{"0":"custom/cosmetics/may4th/baby_yoda_carrier","1":"custom/cosmetics/may4th/baby_yoda_blink","particle":"custom/cosmetics/may4th/baby_yoda_blink"},"elements":[{"from":[3.5,8,5],"to":[12.5,13,11],"faces":{"north":{"uv":[0,0,9,5],"texture":"#1"},"east":{"uv":[3.75,0,2.25,1.25],"texture":"#0"},"south":{"uv":[2.25,1.5,4.5,2.75],"texture":"#0"},"west":{"uv":[2.25,0,3.75,1.25],"texture":"#0"},"up":{"uv":[0,1.25,2.25,2.75],"rotation":180,"texture":"#0"}}},{"from":[17.5,12,8],"to":[12.5,9,7],"faces":{"north":{"uv":[5,0,3.75,0.75],"rotation":180,"texture":"#0"},"down":{"uv":[5,0,3.75,0.25],"rotation":180,"texture":"#0"}}},{"from":[3.5,12,8],"to":[-1.5,9,7],"faces":{"north":{"uv":[3.75,0,5,0.75],"rotation":180,"texture":"#0"},"down":{"uv":[5,0,3.75,0.25],"rotation":180,"texture":"#0"}}},{"from":[12.5,9,7],"to":[17.5,12,8],"faces":{"south":{"uv":[3.75,0.75,5,1.5],"texture":"#0"},"up":{"uv":[5,0,3.75,0.25],"rotation":180,"texture":"#0"}}},{"from":[-1.5,9,7],"to":[3.5,12,8],"faces":{"south":{"uv":[5,0.75,3.75,1.5],"texture":"#0"},"up":{"uv":[5,0,3.75,0.25],"rotation":180,"texture":"#0"}}},{"from":[2.5,5,4],"to":[13.5,8,12],"faces":{"north":{"uv":[0,2.75,2.75,3.5],"texture":"#0"},"east":{"uv":[2.75,2.75,4.75,3.5],"texture":"#0"},"south":{"uv":[0,2.75,2.75,3.5],"texture":"#0"},"west":{"uv":[2.75,2.75,4.75,3.5],"texture":"#0"},"up":{"uv":[0,3.5,2.75,5.5],"texture":"#0"},"down":{"uv":[0,5.5,2.75,7.5],"texture":"#0"}}},{"from":[3.5,0,5],"to":[12.5,5,11],"faces":{"north":{"uv":[2.75,3.5,5,4.75],"texture":"#0"},"east":{"uv":[2.75,4.75,4.25,6],"texture":"#0"},"south":{"uv":[2.75,3.5,5,4.75],"texture":"#0"},"west":{"uv":[2.75,4.75,4.25,6],"texture":"#0"}}},{"from":[1,3.5,1.5],"to":[4,6.5,9.5],"rotation":{"angle":-22.5,"axis":"x","origin":[2.5,5,6.5]},"faces":{"north":{"uv":[3.5,6.75,4.25,7.5],"rotation":180,"texture":"#0"},"east":{"uv":[5,4.75,4.25,6.75],"rotation":270,"texture":"#0"},"south":{"uv":[3.5,6,4.25,6.75],"texture":"#0"},"west":{"uv":[4.25,4.75,5,6.75],"rotation":90,"texture":"#0"},"up":{"uv":[3.5,6,2.75,8],"rotation":180,"texture":"#0"},"down":{"uv":[3.5,6,2.75,8],"texture":"#0"}}},{"from":[0.75,3.25,1.25],"to":[4.25,6.75,9.75],"rotation":{"angle":-22.5,"axis":"x","origin":[2.5,5,6.5]},"faces":{"east":{"uv":[5.75,4.75,5,6.75],"rotation":270,"texture":"#0"},"west":{"uv":[5,4.75,5.75,6.75],"rotation":90,"texture":"#0"},"up":{"uv":[5.75,4.75,5,6.75],"rotation":180,"texture":"#0"},"down":{"uv":[5.75,4.75,5,6.75],"texture":"#0"}}},{"from":[11.75,3.25,1.25],"to":[15.25,6.75,9.75],"rotation":{"angle":-22.5,"axis":"x","origin":[2.5,5,6.5]},"faces":{"east":{"uv":[5.75,4.75,5,6.75],"rotation":270,"texture":"#0"},"west":{"uv":[5,4.75,5.75,6.75],"rotation":90,"texture":"#0"},"up":{"uv":[5.75,4.75,5,6.75],"rotation":180,"texture":"#0"},"down":{"uv":[5.75,4.75,5,6.75],"texture":"#0"}}},{"from":[4.25,6.75,9.75],"to":[0.75,3.25,1.25],"rotation":{"angle":-22.5,"axis":"x","origin":[2.5,5,6.5]},"faces":{"east":{"uv":[5.75,4.75,5,6.75],"rotation":90,"texture":"#0"},"west":{"uv":[5,4.75,5.75,6.75],"rotation":270,"texture":"#0"},"up":{"uv":[5.75,4.75,5,6.75],"texture":"#0"},"down":{"uv":[5.75,4.75,5,6.75],"rotation":180,"texture":"#0"}}},{"from":[15.25,6.75,9.75],"to":[11.75,3.25,1.25],"rotation":{"angle":-22.5,"axis":"x","origin":[2.5,5,6.5]},"faces":{"east":{"uv":[5.75,4.75,5,6.75],"rotation":90,"texture":"#0"},"west":{"uv":[5,4.75,5.75,6.75],"rotation":270,"texture":"#0"},"up":{"uv":[5.75,4.75,5,6.75],"texture":"#0"},"down":{"uv":[5.75,4.75,5,6.75],"rotation":180,"texture":"#0"}}},{"from":[12,3.5,1.5],"to":[15,6.5,9.5],"rotation":{"angle":-22.5,"axis":"x","origin":[2.5,5,6.5]},"faces":{"north":{"uv":[3.5,6.75,4.25,7.5],"rotation":180,"texture":"#0"},"east":{"uv":[5,4.75,4.25,6.75],"rotation":270,"texture":"#0"},"south":{"uv":[3.5,6,4.25,6.75],"texture":"#0"},"west":{"uv":[4.25,4.75,5,6.75],"rotation":90,"texture":"#0"},"up":{"uv":[3.5,6,2.75,8],"rotation":180,"texture":"#0"},"down":{"uv":[3.5,6,2.75,8],"texture":"#0"}}},{"from":[0,0,0],"to":[16,4,16],"faces":{"north":{"uv":[8,0,12,1],"texture":"#0"},"east":{"uv":[8,1,12,2],"texture":"#0"},"south":{"uv":[8,2,12,3],"texture":"#0"},"west":{"uv":[12,1,8,2],"texture":"#0"},"up":{"uv":[12,0,16,4],"rotation":180,"texture":"#0"},"down":{"uv":[8,8,12,12],"texture":"#0"}}},{"from":[0,4,10],"to":[16,16,16],"faces":{"north":{"uv":[12,7,16,10],"texture":"#0"},"east":{"uv":[8,4.5,9.5,7.5],"texture":"#0"},"south":{"uv":[12,4,16,7],"texture":"#0"},"west":{"uv":[9.5,4.5,8,7.5],"texture":"#0"},"up":{"uv":[8,3,12,4.5],"rotation":180,"texture":"#0"}}},{"from":[16,3,9],"to":[17,7,13],"faces":{"north":{"uv":[7.75,0,8,1],"texture":"#0"},"east":{"uv":[7,0,8,1],"texture":"#0"},"south":{"uv":[7.75,0,8,1],"texture":"#0"},"west":{"uv":[8,0,7,1],"texture":"#0"},"up":{"uv":[7.5,0,7.75,0.25],"texture":"#0"},"down":{"uv":[7.75,0.75,8,1],"texture":"#0"}}},{"from":[-1,3,9],"to":[0,7,13],"faces":{"north":{"uv":[7.75,0,8,1],"texture":"#0"},"east":{"uv":[7,0,8,1],"texture":"#0"},"south":{"uv":[7.75,0,8,1],"texture":"#0"},"west":{"uv":[8,0,7,1],"texture":"#0"},"up":{"uv":[7.5,0,7.75,0.25],"texture":"#0"},"down":{"uv":[7.75,0.75,8,1],"texture":"#0"}}},{"from":[16,4,16],"to":[0,0,0],"faces":{"north":{"uv":[0,12,4,13],"rotation":180,"texture":"#0"},"east":{"uv":[0,12,4,13],"rotation":180,"texture":"#0"},"south":{"uv":[0,12,4,13],"rotation":180,"texture":"#0"},"west":{"uv":[0,12,4,13],"rotation":180,"texture":"#0"},"up":{"uv":[0,8,4,12],"texture":"#0"}}},{"from":[13,9,16],"to":[13,14,20],"faces":{"east":{"uv":[7,1,8,2.25],"texture":"#0"},"west":{"uv":[8,1,7,2.25],"texture":"#0"}}},{"from":[3,9,16],"to":[3,14,20],"faces":{"east":{"uv":[7,1,8,2.25],"texture":"#0"},"west":{"uv":[8,1,7,2.25],"texture":"#0"}}},{"from":[17.1,3,11],"to":[17.1,7,13],"faces":{"east":{"uv":[6.5,0,7,1],"texture":"#0","tintindex":0}}},{"from":[-1.1,3,11],"to":[-1.1,7,13],"faces":{"west":{"uv":[7,0,6.5,1],"texture":"#0","tintindex":0}}},{"from":[15,15,14],"to":[1,4,10],"faces":{"north":{"uv":[4,8,7.5,10.75],"rotation":180,"texture":"#0","tintindex":0},"east":{"uv":[6.5,5.25,7.5,8],"rotation":180,"texture":"#0","tintindex":0},"west":{"uv":[7.5,5.25,6.5,8],"rotation":180,"texture":"#0","tintindex":0},"down":{"uv":[4,10.75,7.5,11.75],"rotation":180,"texture":"#0","tintindex":0}}}],"display":{"gui":{"rotation":[30,133,0],"translation":[-0.25,0,0],"scale":[0.62,0.62,0.62]},"head":{"rotation":[8,-180,0],"translation":[0,-51.25,17.75],"scale":[1.61,1.61,1.61]},"thirdperson_righthand":{"rotation":[98.0,-180,0],"translation":[-1.0,-13.09375,15.568748],"scale":[1.00625,1.00625,1.00625]}},"groups":[{"name":"group","origin":[0,0,0],"children":[0,1,2,3,4]},5,6,{"name":"group","origin":[0,0,0],"children":[7,8,9,10,11,12]},{"name":"group","origin":[0,0,0],"children":[]},13,14,15,16,17,18,19,{"name":"group","origin":[0,0,0],"children":[20,21,22]}]}