{"credit":"Made with Blockbench","texture_size":[32,32],"textures":{"0":"custom/cosmetics/may4th/bounty_hunter_helmet","particle":"custom/cosmetics/may4th/bounty_hunter_helmet"},"elements":[{"from":[4,0,4],"to":[12,10,12],"faces":{"north":{"uv":[0,0,4,5],"texture":"#0"},"east":{"uv":[8,0,4,5],"texture":"#0"},"south":{"uv":[8,0,12,5],"texture":"#0"},"west":{"uv":[4,0,8,5],"texture":"#0"},"up":{"uv":[12,0,16,4],"rotation":180,"texture":"#0"},"down":{"uv":[12,4,16,8],"texture":"#0"}}},{"from":[3.9,6.9,3.9],"to":[12.1,10.1,12.1],"faces":{"north":{"uv":[5,5.5,9,7],"texture":"#0","tintindex":0},"west":{"uv":[11.5,6.5,7.5,8],"texture":"#0","tintindex":0}}},{"from":[3,4,3],"to":[13,7,8],"faces":{"north":{"uv":[0,8,5,9.5],"texture":"#0","tintindex":0},"east":{"uv":[4.5,9.5,2,11],"texture":"#0","tintindex":0},"west":{"uv":[2,9.5,4.5,11],"texture":"#0","tintindex":0},"up":{"uv":[0,5.5,5,8],"rotation":180,"texture":"#0","tintindex":0},"down":{"uv":[1,5.5,2,6.5],"texture":"#0","tintindex":0}}},{"from":[12,0,8],"to":[13,8,12],"faces":{"north":{"uv":[6.5,8,7,12],"texture":"#0"},"east":{"uv":[5,8,7,12],"texture":"#0"},"south":{"uv":[6.5,8,7,12],"texture":"#0"},"west":{"uv":[5,8,7,12],"texture":"#0"},"up":{"uv":[5,8,7,8.5],"rotation":90,"texture":"#0"},"down":{"uv":[5,11.5,7,12],"rotation":90,"texture":"#0"}}},{"from":[12,0,8],"to":[13,8,12],"faces":{"east":{"uv":[7,8,9,12],"texture":"#0","tintindex":0}}},{"from":[12,8,9],"to":[13,14,10],"faces":{"north":{"uv":[10.5,8,11,11],"texture":"#0"},"east":{"uv":[10.5,8,11,11],"texture":"#0"},"south":{"uv":[10.5,8,11,11],"texture":"#0"},"west":{"uv":[10.5,8,11,11],"texture":"#0"}}},{"from":[10,14,8.5],"to":[13,15,10.5],"faces":{"north":{"uv":[11.5,8,13,8.5],"texture":"#0","tintindex":0},"east":{"uv":[11.5,8,12,8.5],"texture":"#0","tintindex":0},"south":{"uv":[13,8,11.5,8.5],"texture":"#0","tintindex":0},"west":{"uv":[12,8,12.5,8.5],"texture":"#0","tintindex":0},"up":{"uv":[13,8,11.5,8.5],"texture":"#0","tintindex":0},"down":{"uv":[13,8,11.5,8.5],"texture":"#0","tintindex":0}}},{"from":[3,0,8],"to":[4,7,12],"faces":{"north":{"uv":[5,12.5,5.5,16],"texture":"#0"},"east":{"uv":[0,0,2,4],"texture":"#missing"},"south":{"uv":[6.5,12.5,7,16],"texture":"#0"},"west":{"uv":[5,12.5,7,16],"texture":"#0"},"up":{"uv":[5,12.5,7,13],"rotation":90,"texture":"#0"},"down":{"uv":[5,15.5,7,16],"rotation":90,"texture":"#0"}}},{"from":[3,0,8],"to":[4,7,12],"faces":{"north":{"uv":[7,12.5,7.5,16],"texture":"#0","tintindex":0},"east":{"uv":[2,0,4,4],"texture":"#missing","tintindex":0},"south":{"uv":[8.5,12.5,9,16],"texture":"#0","tintindex":0},"west":{"uv":[7,12.5,9,16],"texture":"#0","tintindex":0},"up":{"uv":[7,12.5,9,13],"rotation":90,"texture":"#0","tintindex":0}}},{"from":[6,-1,3],"to":[10,4,4],"faces":{"north":{"uv":[0,9.5,2,12],"texture":"#0","tintindex":0},"east":{"uv":[1.5,9.5,2,12],"texture":"#0","tintindex":0},"south":{"uv":[0,9.5,2,12],"texture":"#0","tintindex":0},"west":{"uv":[1.5,9.5,2,12],"texture":"#0","tintindex":0},"down":{"uv":[0,11.5,2,12],"texture":"#0","tintindex":0}}},{"from":[3,4,3],"to":[13,7,8],"faces":{"north":{"uv":[0,12,5,13.5],"texture":"#0"},"east":{"uv":[4.5,13.5,2,15],"texture":"#0"},"west":{"uv":[2,13.5,4.5,15],"texture":"#0"}}},{"from":[6,-1,3],"to":[10,4,4],"faces":{"north":{"uv":[0,13.5,2,16],"texture":"#0"},"east":{"uv":[1.5,13.5,2,16],"texture":"#0"},"south":{"uv":[0,13.5,2,16],"texture":"#0"},"west":{"uv":[1.5,13.5,2,16],"texture":"#0"},"down":{"uv":[0,15.5,2,16],"texture":"#0"}}},{"from":[7,-1,12],"to":[9,5,13],"faces":{"north":{"uv":[9,8,10,11],"texture":"#0","tintindex":0},"east":{"uv":[9,8,10,11],"texture":"#0","tintindex":0},"south":{"uv":[9,8,10,11],"texture":"#0","tintindex":0},"west":{"uv":[9,8,10,11],"texture":"#0","tintindex":0},"up":{"uv":[9,8,10,8.5],"texture":"#0","tintindex":0},"down":{"uv":[9,10.5,10,11],"texture":"#0","tintindex":0}}},{"from":[7,-1,9],"to":[9,0,12],"faces":{"north":{"uv":[9,8.5,10,9],"texture":"#0","tintindex":0},"east":{"uv":[9,9,10,10.5],"rotation":90,"texture":"#0","tintindex":0},"south":{"uv":[0,0,1,0.5],"texture":"#missing","tintindex":0},"west":{"uv":[10,10.5,9,9],"rotation":90,"texture":"#0","tintindex":0},"up":{"uv":[10,10.5,9,9],"texture":"#0","tintindex":0},"down":{"uv":[10,10.5,9,9],"texture":"#0","tintindex":0}}},{"from":[3.9,-0.1,6.9],"to":[12.1,4.1,8.1],"faces":{"east":{"uv":[11.5,5.5,12,7.5],"texture":"#0","tintindex":0},"west":{"uv":[11.5,5.5,12,7.5],"texture":"#0","tintindex":0},"down":{"uv":[8.5,6,12,6.5],"texture":"#0","tintindex":0}}},{"from":[4,6,11.05],"to":[12,7,12.05],"faces":{"north":{"uv":[8,5,12,5.5],"texture":"#0","tintindex":0},"east":{"uv":[8,5,8.5,5.5],"texture":"#0","tintindex":0},"south":{"uv":[8,5,12,5.5],"texture":"#0","tintindex":0},"west":{"uv":[8,5,8.5,5.5],"texture":"#0","tintindex":0},"up":{"uv":[8,5,12,5.5],"texture":"#0","tintindex":0},"down":{"uv":[8,5,12,5.5],"texture":"#0","tintindex":0}}}],"display":{"gui":{"rotation":[30,135,0],"translation":[0,0.5,0],"scale":[0.77,0.77,0.77]},"head":{"translation":[0,7,0],"scale":[1.88,1.88,1.88]},"thirdperson_righthand":{"rotation":[90.0,0.0,0.0],"translation":[-1.0,-2.0,17.851562],"scale":[1.1015625,1.1015625,1.1015625]}}}