{"credit":"Made with Blockbench","texture_size":[32,32],"textures":{"0":"custom/cosmetics/may4th/bounty_hunter_blaster","particle":"custom/cosmetics/may4th/bounty_hunter_blaster"},"elements":[{"from":[7.75,1.75,28.25],"to":[8.25,2.25,30.75],"rotation":{"angle":0,"axis":"y","origin":[6,0,27.5]},"faces":{"north":{"uv":[4,0,5,1],"texture":"#0","tintindex":0},"east":{"uv":[0,0,5,1],"texture":"#0","tintindex":0},"south":{"uv":[0,0,0.5,1],"texture":"#0","tintindex":0},"west":{"uv":[5,0,0,1],"texture":"#0","tintindex":0},"up":{"uv":[5,1.5,0,2],"rotation":90,"texture":"#0","tintindex":0},"down":{"uv":[0,1,5,0.5],"rotation":90,"texture":"#0","tintindex":0}}},{"from":[7.76875,0.3125,30.4375],"to":[8.23125,1.8125,30.9375],"rotation":{"angle":-22.5,"axis":"x","origin":[8,1.25,30.5]},"faces":{"north":{"uv":[0.5,2,1.5,5],"texture":"#0","tintindex":0},"east":{"uv":[0.5,2,1.5,5],"texture":"#0","tintindex":0},"south":{"uv":[0.5,2,1.5,5],"texture":"#0","tintindex":0},"west":{"uv":[0.5,2,1.5,5],"texture":"#0","tintindex":0},"up":{"uv":[0.5,2,1,2.5],"texture":"#0","tintindex":0},"down":{"uv":[0.5,4.5,1,5],"texture":"#0","tintindex":0}}},{"from":[7.76875,0.3125,30.4375],"to":[8.23125,1.8125,30.9375],"rotation":{"angle":-22.5,"axis":"x","origin":[8,1.25,30.5]},"faces":{"north":{"uv":[7,2,8,5],"texture":"#0"},"east":{"uv":[7,2,8,5],"texture":"#0"},"south":{"uv":[7,2,8,5],"texture":"#0"},"west":{"uv":[7,2,8,5],"texture":"#0"},"up":{"uv":[7,2,7.5,2.5],"texture":"#0"},"down":{"uv":[7,4.5,7.5,5],"texture":"#0"}}},{"from":[7.875,2.25,27.25],"to":[8.125,2.5,30.75],"rotation":{"angle":0,"axis":"y","origin":[6,0,27.5]},"faces":{"east":{"uv":[0,1,7,1.5],"texture":"#0","tintindex":0},"south":{"uv":[0,1,0.5,1.5],"texture":"#0","tintindex":0},"west":{"uv":[7,1,0,1.5],"texture":"#0","tintindex":0},"up":{"uv":[7,1.5,0,1],"rotation":90,"texture":"#0","tintindex":0},"down":{"uv":[0,1.5,7,1],"rotation":90,"texture":"#0","tintindex":0}}},{"from":[7.875,2.25,10.25],"to":[8.125,2.5,16.75],"rotation":{"angle":0,"axis":"y","origin":[6,0,27.5]},"faces":{"north":{"uv":[0,8,0.5,8.5],"texture":"#0","tintindex":0},"east":{"uv":[0,8,8,8.5],"texture":"#0","tintindex":0},"south":{"uv":[0,8,0.5,8.5],"texture":"#0","tintindex":0},"west":{"uv":[0,8,8,8.5],"texture":"#0","tintindex":0},"up":{"uv":[0,8,8,8.5],"rotation":90,"texture":"#0","tintindex":0},"down":{"uv":[0,8,8,8.5],"rotation":90,"texture":"#0","tintindex":0}}},{"from":[7.875,2.25,10.25],"to":[8.125,2.5,16.75],"rotation":{"angle":0,"axis":"y","origin":[6,0,27.5]},"faces":{"east":{"uv":[0,8.5,8,9],"texture":"#0"},"west":{"uv":[0,8.5,8,9],"texture":"#0"},"up":{"uv":[0,8.5,8,9],"rotation":90,"texture":"#0"},"down":{"uv":[0,8.5,8,9],"rotation":90,"texture":"#0"}}},{"from":[7.875,2.25,27.25],"to":[8.125,2.5,30.75],"rotation":{"angle":0,"axis":"y","origin":[6,0,27.5]},"faces":{"east":{"uv":[0,5,7,5.5],"texture":"#0"},"south":{"uv":[0,5,0.5,5.5],"texture":"#0"},"west":{"uv":[7,5,0,5.5],"texture":"#0"},"up":{"uv":[7,5.5,0,5],"rotation":90,"texture":"#0"},"down":{"uv":[0,5.5,7,5],"rotation":90,"texture":"#0"}}},{"from":[7.75,2.125,26.75],"to":[8.25,2.625,27.25],"rotation":{"angle":0,"axis":"y","origin":[6,0,27.5]},"faces":{"east":{"uv":[5,0,6,1],"texture":"#0","tintindex":0},"south":{"uv":[5,0.5,5.5,1],"texture":"#0","tintindex":0},"west":{"uv":[6,0,5,1],"texture":"#0","tintindex":0},"up":{"uv":[5,0,6,1],"rotation":270,"texture":"#0","tintindex":0},"down":{"uv":[5,0,6,1],"rotation":90,"texture":"#0","tintindex":0}}},{"from":[7.75,2.125,26.75],"to":[8.25,2.625,27.25],"rotation":{"angle":0,"axis":"y","origin":[6,0,27.5]},"faces":{"north":{"uv":[6,0,7,1],"texture":"#0"},"east":{"uv":[7,0,8,1],"texture":"#0"},"south":{"uv":[7,0.5,7.5,1],"texture":"#0"},"west":{"uv":[8,0,7,1],"texture":"#0"},"up":{"uv":[7,0,8,1],"rotation":270,"texture":"#0"},"down":{"uv":[7,0,8,1],"rotation":90,"texture":"#0"}}},{"from":[8,2.5,30.75],"to":[8,3.5,31],"rotation":{"angle":22.5,"axis":"x","origin":[8,3,30.625]},"faces":{"east":{"uv":[0,2,0.5,4],"texture":"#0","tintindex":0},"west":{"uv":[0,2,0.5,4],"texture":"#0","tintindex":0}}},{"from":[8,1,29.3125],"to":[8,1.75,30.5625],"rotation":{"angle":0,"axis":"y","origin":[6,0,27.5]},"faces":{"east":{"uv":[1.5,2.5,4,4],"texture":"#0","tintindex":0},"west":{"uv":[4,2.5,1.5,4],"texture":"#0","tintindex":0}}},{"from":[8,1,29.3125],"to":[8,1.75,30.5625],"rotation":{"angle":0,"axis":"y","origin":[6,0,27.5]},"faces":{"east":{"uv":[4.5,2.5,7,4],"texture":"#0"},"west":{"uv":[7,2.5,4.5,4],"texture":"#0"}}},{"from":[7.975,2.5625,22],"to":[7.975,2.6375,26.75],"rotation":{"angle":-45,"axis":"z","origin":[7.975,2.575,22.875]},"faces":{"east":{"uv":[0,6,2,6.5],"texture":"#0","tintindex":0},"west":{"uv":[2,6,0,6.5],"texture":"#0","tintindex":0}}}],"display":{"thirdperson_righthand":{"rotation":[43,-8,0],"translation":[10.25,73.70313,-43.20312],"scale":[3.75,3.75,3.75]},"thirdperson_lefthand":{"rotation":[43,8,0],"translation":[-13,78.75,-46.75],"scale":[4,4,4]},"firstperson_righthand":{"rotation":[0,15,0],"translation":[12.75,0,0],"scale":[0,0,0]},"firstperson_lefthand":{"rotation":[0,15,0],"translation":[12.75,0,0],"scale":[0,0,0]},"gui":{"rotation":[-67,130,27],"translation":[-46.75,54.25,0],"scale":[3.27,3.27,3.27]}}}