{"credit":"Made with Blockbench","texture_size":[32,32],"textures":{"0":"custom/cosmetics/may4th/light_saber","particle":"custom/cosmetics/may4th/light_saber"},"elements":[{"from":[7.75,7,7.75],"to":[8.25,18,8.25],"shade":false,"faces":{"north":{"uv":[0,0.5,0.5,12.5],"texture":"#0"},"east":{"uv":[0,0.5,0.5,12.5],"texture":"#0"},"south":{"uv":[0,0.5,0.5,12.5],"texture":"#0"},"west":{"uv":[0,0.5,0.5,12.5],"texture":"#0"},"up":{"uv":[0,0,0.5,0.5],"texture":"#0"}}},{"from":[8.5,18.25,8.5],"to":[7.5,6.25,7.5],"shade":false,"faces":{"north":{"uv":[0.5,0,1,14],"texture":"#0","tintindex":0},"east":{"uv":[0.5,0,1,14],"texture":"#0","tintindex":0},"south":{"uv":[0.5,0,1,14],"texture":"#0","tintindex":0},"west":{"uv":[0.5,0,1,14],"texture":"#0","tintindex":0},"up":{"uv":[0.5,0,1,0.5],"texture":"#0","tintindex":0},"down":{"uv":[0.5,0,1,0.5],"texture":"#0","tintindex":0}}},{"from":[8.75,18.5,8.75],"to":[7.25,6,7.25],"shade":false,"faces":{"north":{"uv":[1,0,1.5,14],"texture":"#0","tintindex":0},"east":{"uv":[1,0,1.5,14],"texture":"#0","tintindex":0},"south":{"uv":[1,0,1.5,14],"texture":"#0","tintindex":0},"west":{"uv":[1,0,1.5,14],"texture":"#0","tintindex":0},"down":{"uv":[1,0,1.5,0.5],"texture":"#0","tintindex":0}}},{"from":[7.75,6.5,7.75],"to":[8.25,7,8.25],"shade":false,"rotation":{"angle":0,"axis":"y","origin":[0,8,0]},"faces":{"north":{"uv":[0,0.5,0.5,0],"texture":"#0","tintindex":0},"east":{"uv":[0,0.5,0.5,0],"texture":"#0","tintindex":0},"south":{"uv":[0,0.5,0.5,0],"texture":"#0","tintindex":0},"west":{"uv":[0,0.5,0.5,0],"texture":"#0","tintindex":0},"up":{"uv":[0,0.5,0.5,0],"texture":"#0","tintindex":0}}},{"from":[7.5,-2.5,7.5],"to":[8.5,6.5,8.5],"rotation":{"angle":0,"axis":"y","origin":[4.25,10.25,4.75]},"faces":{"north":{"uv":[3.5,9,4.5,0],"texture":"#0"},"east":{"uv":[4.5,9,3.5,0],"texture":"#0"},"south":{"uv":[4.5,9,5.5,0],"texture":"#0"},"west":{"uv":[5.5,9,4.5,0],"texture":"#0"},"up":{"uv":[4,4,3.5,4.5],"rotation":90,"texture":"#0"},"down":{"uv":[4,0,3.5,0.5],"rotation":270,"texture":"#0"}}},{"from":[7.75,-14,7.75],"to":[8.25,-3,8.25],"shade":false,"rotation":{"angle":0,"axis":"y","origin":[0,16,0]},"faces":{"north":{"uv":[0,12.5,0.5,0.5],"texture":"#0"},"east":{"uv":[0,12.5,0.5,0.5],"texture":"#0"},"south":{"uv":[0,12.5,0.5,0.5],"texture":"#0"},"west":{"uv":[0,12.5,0.5,0.5],"texture":"#0"},"down":{"uv":[0,0.5,0.5,0],"texture":"#0"}}},{"from":[8.5,-2.25,8.5],"to":[7.5,-14.25,7.5],"shade":false,"rotation":{"angle":0,"axis":"y","origin":[0,16,0]},"faces":{"north":{"uv":[0.5,14,1,0],"texture":"#0","tintindex":0},"east":{"uv":[0.5,14,1,0],"texture":"#0","tintindex":0},"south":{"uv":[0.5,14,1,0],"texture":"#0","tintindex":0},"west":{"uv":[0.5,14,1,0],"texture":"#0","tintindex":0},"up":{"uv":[0.5,0.5,1,0],"texture":"#0","tintindex":0},"down":{"uv":[0.5,0.5,1,0],"texture":"#0","tintindex":0}}},{"from":[8.75,-2,8.75],"to":[7.25,-14.5,7.25],"shade":false,"rotation":{"angle":0,"axis":"y","origin":[0,16,0]},"faces":{"north":{"uv":[1,14,1.5,0],"texture":"#0","tintindex":0},"east":{"uv":[1,14,1.5,0],"texture":"#0","tintindex":0},"south":{"uv":[1,14,1.5,0],"texture":"#0","tintindex":0},"west":{"uv":[1,14,1.5,0],"texture":"#0","tintindex":0},"up":{"uv":[1,0.5,1.5,0],"texture":"#0","tintindex":0}}},{"from":[7.75,-3,7.75],"to":[8.25,-2.5,8.25],"shade":false,"rotation":{"angle":0,"axis":"y","origin":[0,8,0]},"faces":{"north":{"uv":[0,0,0.5,0.5],"texture":"#0","tintindex":0},"east":{"uv":[0,0,0.5,0.5],"texture":"#0","tintindex":0},"south":{"uv":[0,0,0.5,0.5],"texture":"#0","tintindex":0},"west":{"uv":[0,0,0.5,0.5],"texture":"#0","tintindex":0},"down":{"uv":[0,0,0.5,0.5],"texture":"#0","tintindex":0}}}],"display":{"thirdperson_righthand":{"rotation":[-9.0,136.0,3.0],"translation":[-1.2050781,8.122075,1.1230469],"scale":[1.6875,1.6875,1.6875]},"thirdperson_lefthand":{"rotation":[-9,-136,-3],"translation":[-0.78125,8.79688,0.53125],"scale":[1.8,1.8,1.8]},"firstperson_righthand":{"rotation":[-14,0,0],"translation":[24.75,-5,-12.5],"scale":[0,0,0]},"firstperson_lefthand":{"rotation":[-14,0,0],"translation":[24.75,-5,-12.5],"scale":[0,0,0]},"gui":{"rotation":[0,-127,61],"translation":[2.25,2,0],"scale":[0.73,0.73,0.73]}},"groups":[{"name":"group","origin":[0,0,0],"color":0,"children":[0,{"name":"group","origin":[0,0,0],"color":0,"children":[1,2,3]}]},{"name":"group","origin":[4.25,10.25,4.75],"color":0,"children":[4]},{"name":"group","origin":[0,0,0],"color":0,"children":[5,{"name":"group","origin":[0,0,0],"color":0,"children":[6,7,8]}]}]}