{"credit":"Made with Blockbench","texture_size":[64,64],"textures":{"1":"custom/cosmetics/may4th/x_wing_balloon","2":"custom/cosmetics/may4th/x_wing_glow","3":"custom/cosmetics/may4th/x_wing_laser_alt","4":"custom/cosmetics/may4th/x_wing_flame","particle":"custom/cosmetics/may4th/x_wing_glow"},"elements":[{"from":[15.07243,1.59852,5.5],"to":[16.07243,3.09853,5.5],"rotation":{"angle":0,"axis":"y","origin":[11.81589,0.5995,11.625]},"faces":{"north":{"uv":[11.75,0,11.5,0.75],"texture":"#1"},"south":{"uv":[11.75,0,11.5,0.75],"texture":"#1"}}},{"from":[15.32243,2.09853,4],"to":[15.82243,2.59853,13.5],"rotation":{"angle":0,"axis":"y","origin":[11.81589,0.5995,11.625]},"faces":{"north":{"uv":[11.5,4.5,11.25,4.75],"rotation":90,"texture":"#1"},"east":{"uv":[11.25,4.75,11.5,0],"rotation":90,"texture":"#1"},"west":{"uv":[11.5,0,11.25,4.75],"rotation":90,"texture":"#1"},"up":{"uv":[11.5,0,11.25,4.75],"rotation":180,"texture":"#1"},"down":{"uv":[11.5,0,11.25,4.75],"texture":"#1"}}},{"from":[6.07243,1.34853,15],"to":[16.07243,1.84853,19],"rotation":{"angle":0,"axis":"y","origin":[11.81589,0.5995,11.625]},"faces":{"north":{"uv":[0,11.75,5,12],"texture":"#1"},"east":{"uv":[0.5,10.25,0,10.5],"texture":"#1"},"south":{"uv":[5,11.75,0,12],"texture":"#1"},"west":{"uv":[5,9.5,4.75,11.5],"rotation":90,"texture":"#1"},"up":{"uv":[0,9.5,5,11.5],"rotation":180,"texture":"#1"},"down":{"uv":[0,11.5,5,9.5],"rotation":180,"texture":"#1"}}},{"from":[6.07243,1.34853,15],"to":[16.07243,1.84853,19],"rotation":{"angle":0,"axis":"y","origin":[11.81589,0.5995,11.625]},"faces":{"up":{"uv":[6.25,6.25,11.25,8.25],"rotation":180,"texture":"#1","tintindex":0},"down":{"uv":[6.25,8.25,11.25,6.25],"rotation":180,"texture":"#1","tintindex":0}}},{"from":[15.07243,1.84853,13.5],"to":[16.07243,2.84853,20.5],"rotation":{"angle":0,"axis":"y","origin":[11.81589,0.5995,11.625]},"faces":{"north":{"uv":[7.5,1.75,7,2.25],"texture":"#1"},"east":{"uv":[10.75,3.5,11.25,0],"rotation":90,"texture":"#1"},"south":{"uv":[7.5,1.75,7,2.25],"texture":"#1"},"west":{"uv":[10.75,0,11.25,3.5],"rotation":90,"texture":"#1"},"up":{"uv":[11.25,3.5,10.75,0],"texture":"#1"},"down":{"uv":[11.25,0,10.75,3.5],"texture":"#1"}}},{"from":[4.51969,0.84267,13.5],"to":[7.01969,3.34267,22],"rotation":{"angle":-45,"axis":"z","origin":[8.26969,-0.15733,17.75]},"faces":{"north":{"uv":[10.75,4.25,9.5,5.5],"rotation":90,"texture":"#1"},"east":{"uv":[8.25,0,9.5,4.25],"rotation":270,"texture":"#1"},"south":{"uv":[0,5,5,0],"rotation":180,"texture":"#2"},"west":{"uv":[9.5,4.25,10.75,0],"rotation":270,"texture":"#1"},"up":{"uv":[10.75,4.25,9.5,0],"texture":"#1"},"down":{"uv":[9.5,0,8.25,4.25],"texture":"#1"}}},{"from":[4.51969,0.84267,13.5],"to":[7.01969,3.34267,22],"rotation":{"angle":-45,"axis":"z","origin":[8.26969,-0.15733,17.75]},"faces":{"east":{"uv":[12,0,13.25,4.25],"rotation":270,"texture":"#1","tintindex":0},"west":{"uv":[13.25,4.25,14.5,0],"rotation":270,"texture":"#1","tintindex":0},"up":{"uv":[14.5,4.25,13.25,0],"texture":"#1","tintindex":0},"down":{"uv":[13.25,0,12,4.25],"texture":"#1","tintindex":0}}},{"from":[7.1458,2.97536,22],"to":[8.6458,4.47536,25.5],"rotation":{"angle":-45,"axis":"z","origin":[7.3458,3.22536,23.75]},"faces":{"east":{"uv":[0,7,3,0],"rotation":270,"texture":"#4"},"west":{"uv":[3,0,0,7],"rotation":270,"texture":"#4"},"up":{"uv":[0,0,3,7],"texture":"#4"},"down":{"uv":[3,7,0,0],"texture":"#4"}}},{"name":"cube inverted","from":[8.6458,4.47536,25.5],"to":[7.1458,2.97536,22],"rotation":{"angle":-45,"axis":"z","origin":[7.3458,3.22536,23.75]},"faces":{"east":{"uv":[0,0,3,7],"rotation":270,"texture":"#4"},"west":{"uv":[3,7,0,0],"rotation":270,"texture":"#4"},"up":{"uv":[0,7,3,0],"texture":"#4"},"down":{"uv":[3,0,0,7],"texture":"#4"}}},{"from":[15.32243,2.34853,-11],"to":[15.82243,2.34853,4],"rotation":{"angle":0,"axis":"y","origin":[11.81589,2.0995,11.625]},"faces":{"up":{"uv":[0.5,0,0,15],"rotation":180,"texture":"#3","tintindex":0},"down":{"uv":[0.5,0,0,15],"texture":"#3","tintindex":0}}},{"from":[15.57243,2.09853,-11],"to":[15.57243,2.59853,4],"rotation":{"angle":0,"axis":"z","origin":[15.57243,2.34853,-3.5]},"faces":{"east":{"uv":[0.5,0,0,15],"rotation":270,"texture":"#3","tintindex":0},"west":{"uv":[0.5,0,0,15],"rotation":90,"texture":"#3","tintindex":0}}}],"display":{"thirdperson_righthand":{"rotation":[90,0,0],"translation":[8.75,29,36.75],"scale":[4,4,4]},"gui":{"rotation":[33,143,0],"translation":[0,1,0],"scale":[0.27,0.27,0.27]},"head":{"translation":[0,8.75,-45.5],"scale":[3.4285,3.4285,3.4285]}},"groups":[{"name":"group","origin":[4,2.5,17],"color":0,"children":[]},{"name":"group","origin":[4,2.5,17],"color":0,"children":[0,1,2,3,4,{"name":"group","origin":[14.5,8.5,17.5],"color":0,"children":[5,6,7,8]}]},9,10]}