{"credit":"Made with Blockbench","textures":{"0":"custom/furniture/christmas/christmas_lights_animation","1":"custom/cosmetics/christmas/christmas_lights_arm","particle":"custom/furniture/christmas/christmas_lights_animation"},"elements":[{"from":[6,0,6],"to":[10,12,10],"faces":{"north":{"uv":[0,0,4,12],"texture":"#1"},"east":{"uv":[10,0,14,12],"texture":"#1"},"south":{"uv":[4,0,0,12],"texture":"#1"},"west":{"uv":[5,0,9,12],"texture":"#1"}}},{"name":"cube inverted","from":[10,12,10],"to":[6,0,6],"faces":{"north":{"uv":[4,12,0,0],"texture":"#1"},"east":{"uv":[5,12,9,0],"texture":"#1"},"south":{"uv":[0,12,4,0],"texture":"#1"},"west":{"uv":[10,12,14,0],"texture":"#1"}}},{"from":[7,8,5.75],"to":[10,12,5.75],"faces":{"north":{"uv":[0,0,3,4],"texture":"#0","tintindex":0},"south":{"uv":[0,0,3,4],"texture":"#0","tintindex":0}}},{"from":[5,2,10.25],"to":[8,6,10.25],"faces":{"north":{"uv":[0,0,3,4],"texture":"#0","tintindex":0},"south":{"uv":[0,0,3,4],"texture":"#0","tintindex":0}}},{"from":[5,2,5.75],"to":[8,6,5.75],"faces":{"north":{"uv":[3,0,6,4],"texture":"#0","tintindex":0},"south":{"uv":[3,0,6,4],"texture":"#0","tintindex":0}}},{"from":[7,7,10.25],"to":[10,11,10.25],"faces":{"north":{"uv":[3,0,6,4],"texture":"#0","tintindex":0},"south":{"uv":[3,0,6,4],"texture":"#0","tintindex":0}}},{"from":[5.75,6,7],"to":[5.75,10,10],"faces":{"east":{"uv":[3,0,6,4],"texture":"#0","tintindex":0},"west":{"uv":[3,0,6,4],"texture":"#0","tintindex":0}}}],"display":{"thirdperson_righthand":{"rotation":[90.0,-0.0,-0.0],"translation":[-1.9375,-2.0,7.1875],"scale":[1.125,1.125,1.125]},"thirdperson_lefthand":{"rotation":[90,0,0],"translation":[0,-2,7],"scale":[1.2,1.2,1.2]},"firstperson_righthand":{"rotation":[0,70,0],"translation":[6.75,-2.5,1.75],"scale":[1.09,1.09,1.09]},"firstperson_lefthand":{"rotation":[0,70,0],"translation":[6.75,-2.5,1.75],"scale":[0,0,0]},"gui":{"rotation":[0,135,48],"translation":[0.5,1,0],"scale":[1.42,1.42,1.42]}}}