{"credit":"Made with Blockbench","texture_size":[64,64],"textures":{"1":"custom/furniture/christmas/christmas_lights_animation","2":"custom/cosmetics/christmas/christmas_tree_hat","particle":"custom/cosmetics/christmas/christmas_tree_hat"},"elements":[{"from":[2,10,6],"to":[14,24,6],"rotation":{"angle":22.5,"axis":"x","origin":[8,17,6]},"faces":{"north":{"uv":[1.25,0,4.25,3.5],"texture":"#2"},"south":{"uv":[1.25,0,4.25,3.5],"texture":"#2"}}},{"from":[-1,-2,1],"to":[17,13,1],"rotation":{"angle":45,"axis":"x","origin":[8,5.5,6]},"faces":{"north":{"uv":[0.5,3.75,5,7.5],"texture":"#2"},"south":{"uv":[0.5,3.75,5,7.5],"texture":"#2"}}},{"from":[-1,-2,15],"to":[17,13,15],"rotation":{"angle":-45,"axis":"x","origin":[8,5.5,10]},"faces":{"north":{"uv":[5,3.75,0.5,7.5],"texture":"#2"},"south":{"uv":[5,3.75,0.5,7.5],"texture":"#2"}}},{"from":[1,-4,-1],"to":[1,11,17],"rotation":{"angle":-45,"axis":"z","origin":[8,5.5,10]},"faces":{"east":{"uv":[5,3.75,0.5,7.5],"texture":"#2"},"west":{"uv":[5,3.75,0.5,7.5],"texture":"#2"}}},{"from":[15,-4,-1],"to":[15,11,17],"rotation":{"angle":45,"axis":"z","origin":[8,5.5,10]},"faces":{"east":{"uv":[0.5,3.75,5,7.5],"texture":"#2"},"west":{"uv":[0.5,3.75,5,7.5],"texture":"#2"}}},{"from":[10,10,2],"to":[10,24,14],"rotation":{"angle":22.5,"axis":"z","origin":[10,17,8]},"faces":{"east":{"uv":[1.25,0,4.25,3.5],"texture":"#2"},"west":{"uv":[1.25,0,4.25,3.5],"texture":"#2"}}},{"from":[6,10,2],"to":[6,24,14],"rotation":{"angle":-22.5,"axis":"z","origin":[6,17,8]},"faces":{"east":{"uv":[4.25,0,1.25,3.5],"texture":"#2"},"west":{"uv":[4.25,0,1.25,3.5],"texture":"#2"}}},{"from":[2,10,10],"to":[14,24,10],"rotation":{"angle":-22.5,"axis":"x","origin":[8,17,10]},"faces":{"north":{"uv":[4.25,0,1.25,3.5],"texture":"#2"},"south":{"uv":[4.25,0,1.25,3.5],"texture":"#2"}}},{"from":[3,20,8],"to":[13,30,8],"rotation":{"angle":45,"axis":"y","origin":[8,25,8]},"faces":{"north":{"uv":[7.5,0,10,2.5],"texture":"#2"},"south":{"uv":[7.5,0,10,2.5],"texture":"#2"}}},{"from":[3,20,8],"to":[13,30,8],"rotation":{"angle":-45,"axis":"y","origin":[8,25,8]},"faces":{"north":{"uv":[7.5,0,10,2.5],"texture":"#2"},"south":{"uv":[7.5,0,10,2.5],"texture":"#2"}}},{"from":[10,4,-4],"to":[13,8,-4],"rotation":{"angle":45,"axis":"x","origin":[1.5,2,0]},"faces":{"north":{"uv":[0,0,3,4],"texture":"#1","tintindex":0},"south":{"uv":[0,0,3,4],"texture":"#1","tintindex":0}}},{"from":[18.2,5,3.5],"to":[18.2,9,6.5],"rotation":{"angle":45,"axis":"z","origin":[17.5,6,4]},"faces":{"east":{"uv":[3,0,6,4],"texture":"#1","tintindex":0},"west":{"uv":[3,0,6,4],"texture":"#1","tintindex":0}}},{"from":[16.5,15,6.5],"to":[16.5,19,9.5],"rotation":{"angle":22.5,"axis":"z","origin":[17.5,6,4]},"faces":{"east":{"uv":[0,0,3,4],"texture":"#1","tintindex":0},"west":{"uv":[0,0,3,4],"texture":"#1","tintindex":0}}},{"from":[-2.5,5,2.5],"to":[-2.5,9,5.5],"rotation":{"angle":-45,"axis":"z","origin":[-1.5,6,4]},"faces":{"east":{"uv":[6,0,3,4],"texture":"#1","tintindex":0},"west":{"uv":[6,0,3,4],"texture":"#1","tintindex":0}}},{"from":[-0.5,13,6.5],"to":[-0.5,17,9.5],"rotation":{"angle":-22.5,"axis":"z","origin":[-1.5,6,4]},"faces":{"east":{"uv":[3,0,0,4],"texture":"#1","tintindex":0},"west":{"uv":[3,0,0,4],"texture":"#1","tintindex":0}}},{"from":[3,17,-1],"to":[6,21,-1],"rotation":{"angle":22.5,"axis":"x","origin":[1.5,2,0]},"faces":{"north":{"uv":[3,0,6,4],"texture":"#1","tintindex":0},"south":{"uv":[3,0,6,4],"texture":"#1","tintindex":0}}},{"from":[10,10,1],"to":[13,14,1],"rotation":{"angle":22.5,"axis":"x","origin":[1.5,2,0]},"faces":{"north":{"uv":[3,0,6,4],"texture":"#1","tintindex":0},"south":{"uv":[3,0,6,4],"texture":"#1","tintindex":0}}},{"from":[3,4,20],"to":[6,8,20],"rotation":{"angle":-45,"axis":"x","origin":[14.5,2,16]},"faces":{"north":{"uv":[0,0,3,4],"texture":"#1","tintindex":0},"south":{"uv":[0,0,3,4],"texture":"#1","tintindex":0}}},{"from":[2,9,15],"to":[5,13,15],"rotation":{"angle":-22.5,"axis":"x","origin":[14.5,2,16]},"faces":{"north":{"uv":[3,0,6,4],"texture":"#1","tintindex":0},"south":{"uv":[3,0,6,4],"texture":"#1","tintindex":0}}},{"from":[6,16,17],"to":[9,20,17],"rotation":{"angle":-22.5,"axis":"x","origin":[14.5,2,16]},"faces":{"north":{"uv":[3,0,6,4],"texture":"#1","tintindex":0},"south":{"uv":[3,0,6,4],"texture":"#1","tintindex":0}}},{"from":[6,15,3],"to":[10,19,7],"faces":{"north":{"uv":[6.5,3.5,7.5,4.5],"texture":"#2","tintindex":0},"east":{"uv":[6.5,3.5,7.5,4.5],"texture":"#2","tintindex":0},"south":{"uv":[6.5,3.5,7.5,4.5],"texture":"#2","tintindex":0},"west":{"uv":[6.5,3.5,7.5,4.5],"texture":"#2","tintindex":0},"up":{"uv":[6.5,2.5,7.5,3.5],"texture":"#2","tintindex":0},"down":{"uv":[6.5,4.5,7.5,5.5],"texture":"#2","tintindex":0}}},{"from":[13,6,10],"to":[17,10,14],"faces":{"north":{"uv":[6.5,3.5,7.5,4.5],"texture":"#2","tintindex":0},"east":{"uv":[6.5,3.5,7.5,4.5],"texture":"#2","tintindex":0},"south":{"uv":[6.5,3.5,7.5,4.5],"texture":"#2","tintindex":0},"west":{"uv":[6.5,3.5,7.5,4.5],"texture":"#2","tintindex":0},"up":{"uv":[6.5,2.5,7.5,3.5],"texture":"#2","tintindex":0},"down":{"uv":[6.5,4.5,7.5,5.5],"texture":"#2","tintindex":0}}},{"from":[5,10,10],"to":[9,14,14],"faces":{"north":{"uv":[6.5,3.5,7.5,4.5],"texture":"#2","tintindex":0},"east":{"uv":[6.5,3.5,7.5,4.5],"texture":"#2","tintindex":0},"south":{"uv":[6.5,3.5,7.5,4.5],"texture":"#2","tintindex":0},"west":{"uv":[6.5,3.5,7.5,4.5],"texture":"#2","tintindex":0},"up":{"uv":[6.5,2.5,7.5,3.5],"texture":"#2","tintindex":0},"down":{"uv":[6.5,4.5,7.5,5.5],"texture":"#2","tintindex":0}}},{"from":[0,6,-1],"to":[4,10,3],"faces":{"north":{"uv":[6.5,3.5,7.5,4.5],"texture":"#2","tintindex":0},"east":{"uv":[6.5,3.5,7.5,4.5],"texture":"#2","tintindex":0},"south":{"uv":[6.5,3.5,7.5,4.5],"texture":"#2","tintindex":0},"west":{"uv":[6.5,3.5,7.5,4.5],"texture":"#2","tintindex":0},"up":{"uv":[6.5,2.5,7.5,3.5],"texture":"#2","tintindex":0},"down":{"uv":[6.5,4.5,7.5,5.5],"texture":"#2","tintindex":0}}},{"from":[12,9,6],"to":[14,14,8],"rotation":{"angle":22.5,"axis":"z","origin":[13,10.5,7]},"faces":{"north":{"uv":[9,2.5,8.5,3.75],"texture":"#2"},"east":{"uv":[8.5,2.5,9,3.75],"texture":"#2"},"south":{"uv":[9,2.5,8.5,3.75],"texture":"#2"},"west":{"uv":[8.5,2.5,9,3.75],"texture":"#2"},"up":{"uv":[8.5,2.5,9,3],"texture":"#2"},"down":{"uv":[8.5,3.25,9,3.75],"texture":"#2"}}},{"from":[3,12,11],"to":[5,17,13],"rotation":{"angle":-22.5,"axis":"z","origin":[4,14.5,12]},"faces":{"north":{"uv":[9,2.5,8.5,3.75],"texture":"#2"},"east":{"uv":[8.5,2.5,9,3.75],"texture":"#2"},"south":{"uv":[9,2.5,8.5,3.75],"texture":"#2"},"west":{"uv":[8.5,2.5,9,3.75],"texture":"#2"},"up":{"uv":[8.5,2.5,9,3],"texture":"#2"},"down":{"uv":[8.5,3.25,9,3.75],"texture":"#2"}}},{"from":[9,2,18],"to":[11,7,20],"rotation":{"angle":-45,"axis":"x","origin":[10,2.5,14]},"faces":{"north":{"uv":[9,2.5,8.5,3.75],"texture":"#2"},"east":{"uv":[8.5,2.5,9,3.75],"texture":"#2"},"south":{"uv":[9,2.5,8.5,3.75],"texture":"#2"},"west":{"uv":[8.5,2.5,9,3.75],"texture":"#2"},"up":{"uv":[8.5,2.5,9,3],"texture":"#2"},"down":{"uv":[8.5,3.25,9,3.75],"texture":"#2"}}},{"from":[6,4.26391,-1.64449],"to":[8,9.26391,0.35551],"rotation":{"angle":45,"axis":"x","origin":[7,6.76391,1.35551]},"faces":{"north":{"uv":[9,2.5,8.5,3.75],"texture":"#2"},"east":{"uv":[8.5,2.5,9,3.75],"texture":"#2"},"south":{"uv":[9,2.5,8.5,3.75],"texture":"#2"},"west":{"uv":[8.5,2.5,9,3.75],"texture":"#2"},"up":{"uv":[8.5,2.5,9,3],"texture":"#2"},"down":{"uv":[8.5,3.25,9,3.75],"texture":"#2"}}}],"display":{"thirdperson_righthand":{"rotation":[106.0,45,0],"translation":[-1.0,-2.3125,15.214844],"scale":[0.9375,0.9375,0.9375]},"thirdperson_lefthand":{"rotation":[47,0,0],"translation":[0,3.75,3.5],"scale":[0.38,0.38,0.38]},"firstperson_righthand":{"rotation":[-17,0,0],"translation":[23.75,0,-17.5]},"firstperson_lefthand":{"rotation":[-17,0,0],"translation":[23.75,0,-17.5]},"ground":{"translation":[0,6.25,0],"scale":[0.69,0.69,0.69]},"gui":{"rotation":[30,135,0],"translation":[0,-2.5,0],"scale":[0.52,0.52,0.52]},"head":{"rotation":[16,45,0],"translation":[0,2.5,0.5],"scale":[1.6,1.6,1.6]},"fixed":{"rotation":[90,0,0],"translation":[0,0,16],"scale":[2.01,2.01,2.01]}}}