{"credit":"Made with Blockbench","texture_size":[32,32],"textures":{"0":"custom/cosmetics/christmas/elf_hat","particle":"custom/cosmetics/christmas/elf_hat"},"elements":[{"from":[3.33191,0,4.66809],"to":[11.33191,6,12.66809],"rotation":{"angle":0,"axis":"y","origin":[8,6.28684,8.66809]},"faces":{"north":{"uv":[4,0,0,3],"texture":"#0","tintindex":0},"east":{"uv":[4,0,0,3],"texture":"#0","tintindex":0},"south":{"uv":[4,0,0,3],"texture":"#0","tintindex":0},"west":{"uv":[4,0,0,3],"texture":"#0","tintindex":0},"up":{"uv":[0,7,4,3],"rotation":90,"texture":"#0","tintindex":0},"down":{"uv":[4,6.5,5,5.5],"rotation":270,"texture":"#0"}}},{"from":[5.68387,5.30423,6.66809],"to":[9.68387,10.30423,10.66809],"rotation":{"angle":-22.5,"axis":"z","origin":[8,6.28684,8.66809]},"faces":{"north":{"uv":[6,0,4,2.5],"texture":"#0","tintindex":0},"east":{"uv":[6,0,4,2.5],"texture":"#0","tintindex":0},"south":{"uv":[6,0,4,2.5],"texture":"#0","tintindex":0},"west":{"uv":[6,0,4,2.5],"texture":"#0","tintindex":0},"up":{"uv":[4,4.5,6,2.5],"rotation":270,"texture":"#0","tintindex":0},"down":{"uv":[0,3,1,2],"rotation":270,"texture":"#0","tintindex":0}}},{"from":[10.83586,7.79569,7.66809],"to":[13.83586,9.79569,9.66809],"rotation":{"angle":22.5,"axis":"z","origin":[8,6.28684,8.66809]},"faces":{"north":{"uv":[6,2.5,7,1],"rotation":90,"texture":"#0","tintindex":0},"east":{"uv":[7,1,6,2],"texture":"#0","tintindex":0},"south":{"uv":[6,2.5,7,1],"rotation":270,"texture":"#0","tintindex":0},"west":{"uv":[6.5,2,6,2.5],"rotation":180,"texture":"#0","tintindex":0},"up":{"uv":[6,2.5,7,1],"rotation":270,"texture":"#0","tintindex":0},"down":{"uv":[6,2.5,7,1],"rotation":270,"texture":"#0","tintindex":0}}},{"from":[8.85173,11.38978,7.66809],"to":[10.85173,13.38978,9.66809],"rotation":{"angle":-45,"axis":"z","origin":[8,6.28684,8.66809]},"faces":{"north":{"uv":[7,0,6,1],"texture":"#0"},"east":{"uv":[7,0,6,1],"texture":"#0"},"south":{"uv":[7,0,6,1],"texture":"#0"},"west":{"uv":[7,0,6,1],"texture":"#0"},"up":{"uv":[6,0.5,6.5,0],"rotation":90,"texture":"#0"},"down":{"uv":[6,1,6.5,0.5],"rotation":270,"texture":"#0"}}},{"from":[1.28138,2.26496,3.16809],"to":[1.28138,7.26496,14.16809],"rotation":{"angle":22.5,"axis":"z","origin":[8,6.28684,8.66809]},"faces":{"east":{"uv":[9.5,4.5,4,7],"texture":"#0"},"west":{"uv":[9.5,4.5,4,7],"texture":"#0"}}},{"from":[13.48415,1.75362,3.16809],"to":[13.48415,6.75362,14.16809],"rotation":{"angle":-22.5,"axis":"z","origin":[8,6.28684,8.66809]},"faces":{"east":{"uv":[4,4.5,9.5,7],"texture":"#0"},"west":{"uv":[4,4.5,9.5,7],"texture":"#0"}}},{"from":[1.83191,2.00929,2.56671],"to":[12.83191,7.00929,2.56671],"rotation":{"angle":-22.5,"axis":"x","origin":[8,6.28684,8.66809]},"faces":{"north":{"uv":[4,4.5,9.5,7],"texture":"#0"},"south":{"uv":[4,4.5,9.5,7],"texture":"#0"}}},{"from":[1.83191,2.00929,14.76948],"to":[12.83191,7.00929,14.76948],"rotation":{"angle":22.5,"axis":"x","origin":[8,6.28684,8.66809]},"faces":{"north":{"uv":[9.5,4.5,4,7],"texture":"#0"},"south":{"uv":[9.5,4.5,4,7],"texture":"#0"}}}],"display":{"gui":{"rotation":[30,135,0],"translation":[-1,2,0],"scale":[0.94,0.94,0.94]},"head":{"rotation":[18,-6,-21],"translation":[6,14.5,3.5],"scale":[1.9,1.9,1.9]},"thirdperson_righthand":{"rotation":[108.0,-6,-21],"translation":[2.75,-4.1875,22.246094],"scale":[1.1132812,1.1132812,1.1132812]}},"groups":[{"name":"group","origin":[8,2.3097,8],"color":0,"children":[0,1,2,3,4,5,6,7]}]}