{"credit":"Made with Blockbench","texture_size":[32,32],"textures":{"0":"custom/decorations/candle_1","1":"custom/furniture/christmas/festive_candles","particle":"custom/decorations/candle_1"},"elements":[{"from":[8.5,0,8.25],"to":[10.5,13,10.25],"rotation":{"angle":0,"axis":"y","origin":[9.5,10.875,9.25]},"faces":{"north":{"uv":[13.5,1.5,12.5,8],"texture":"#1"},"east":{"uv":[12.5,1.5,13.5,8],"texture":"#1"},"south":{"uv":[13.5,1.5,12.5,8],"texture":"#1"},"west":{"uv":[12.5,1.5,13.5,8],"texture":"#1"}}},{"from":[8.5,0,8.25],"to":[10.5,13,10.25],"rotation":{"angle":0,"axis":"y","origin":[9.5,10.875,9.25]},"faces":{"north":{"uv":[1.5,1.5,0.5,8],"texture":"#1","tintindex":0},"east":{"uv":[0.5,1.5,1.5,8],"texture":"#1","tintindex":0},"south":{"uv":[1.5,1.5,0.5,8],"texture":"#1","tintindex":0},"west":{"uv":[0.5,1.5,1.5,8],"texture":"#1","tintindex":0},"up":{"uv":[0,1.5,1.5,3],"rotation":270,"texture":"#1","tintindex":0},"down":{"uv":[0,1.5,1.5,3],"rotation":90,"texture":"#1","tintindex":0}}},{"from":[8.25,-0.25,8],"to":[10.75,13.25,10.5],"rotation":{"angle":0,"axis":"y","origin":[9.5,10.875,9.25]},"faces":{"north":{"uv":[7,1.5,6,8],"texture":"#1","tintindex":0},"east":{"uv":[6,1.5,7,8],"texture":"#1","tintindex":0},"south":{"uv":[7,1.5,6,8],"texture":"#1","tintindex":0},"west":{"uv":[6,1.5,7,8],"texture":"#1","tintindex":0},"up":{"uv":[8,1.5,9.5,3],"rotation":270,"texture":"#1","tintindex":0}}},{"from":[9.5,13.25,7.75],"to":[9.5,17.25,10.75],"rotation":{"angle":45,"axis":"y","origin":[9.5,10.875,9.25]},"faces":{"east":{"uv":[9,0,12,4],"texture":"#0"},"west":{"uv":[9,0,12,4],"texture":"#0"}}},{"from":[8,13.25,9.25],"to":[11,17.25,9.25],"rotation":{"angle":45,"axis":"y","origin":[9.5,10.875,9.25]},"faces":{"north":{"uv":[9,0,12,4],"texture":"#0"},"south":{"uv":[9,0,12,4],"texture":"#0"}}},{"from":[8.25,0,2.75],"to":[10.25,2,7.75],"rotation":{"angle":0,"axis":"y","origin":[2,0,1]},"faces":{"north":{"uv":[0,8,1,9],"rotation":270,"texture":"#1"},"east":{"uv":[1,8,0,10.5],"rotation":90,"texture":"#1"},"south":{"uv":[0,9.5,1,10.5],"rotation":90,"texture":"#1"},"west":{"uv":[1,8,0,10.5],"rotation":270,"texture":"#1"},"up":{"uv":[0,8,1,10.5],"texture":"#1"},"down":{"uv":[0,8,1,10.5],"rotation":180,"texture":"#1"}}},{"from":[3,0,8],"to":[8,2,10],"rotation":{"angle":0,"axis":"y","origin":[2,0,1]},"faces":{"north":{"uv":[0,8,1,10.5],"rotation":90,"texture":"#1"},"east":{"uv":[0,9.5,1,10.5],"texture":"#1"},"south":{"uv":[0,8,1,10.5],"rotation":270,"texture":"#1"},"west":{"uv":[0,8,1,9],"texture":"#1"},"up":{"uv":[1,8,0,10.5],"rotation":270,"texture":"#1"},"down":{"uv":[1,8,0,10.5],"rotation":270,"texture":"#1"}}},{"from":[-3,-0.75,8],"to":[9,-0.75,13],"rotation":{"angle":-45,"axis":"x","origin":[2,0.25,7.5]},"faces":{"up":{"uv":[8,8,2,10.5],"texture":"#1"},"down":{"uv":[8,8,2,10.5],"texture":"#1"}}},{"from":[11.5,6.25,-2.5],"to":[16.5,6.25,9.5],"rotation":{"angle":45,"axis":"z","origin":[18,0.25,7.5]},"faces":{"up":{"uv":[8,10.5,2,8],"rotation":90,"texture":"#1"},"down":{"uv":[8,10.5,2,8],"rotation":270,"texture":"#1"}}},{"from":[3,-5.5,8],"to":[5,-5.5,10],"rotation":{"angle":-45,"axis":"x","origin":[0,0,0]},"faces":{"up":{"uv":[1,8,2,9],"texture":"#1"},"down":{"uv":[1,8,2,9],"texture":"#1"}}},{"from":[6.75,-5.5,9],"to":[8.75,-5.5,11],"rotation":{"angle":-45,"axis":"x","origin":[0,0,0]},"faces":{"up":{"uv":[1,9.5,2,10.5],"texture":"#1"},"down":{"uv":[1,9.5,2,10.5],"texture":"#1"}}},{"from":[13,5.5,5],"to":[15,5.5,7],"rotation":{"angle":45,"axis":"z","origin":[16,0,0]},"faces":{"up":{"uv":[1,9,2,8],"rotation":90,"texture":"#1"},"down":{"uv":[1,9,2,8],"rotation":270,"texture":"#1"}}},{"from":[7.5,-2,7.25],"to":[11.5,0,11.25],"faces":{"north":{"uv":[0,11,2,12],"texture":"#1"},"east":{"uv":[0,11,2,12],"texture":"#1"},"south":{"uv":[0,11,2,12],"texture":"#1"},"west":{"uv":[0,11,2,12],"texture":"#1"},"up":{"uv":[0,12,2,14],"texture":"#1"},"down":{"uv":[0.5,12.5,1.5,13.5],"texture":"#1"}}},{"from":[7.5,-13,7.25],"to":[11.5,-11,11.25],"faces":{"north":{"uv":[0,11,2,12],"texture":"#1"},"east":{"uv":[0,11,2,12],"texture":"#1"},"south":{"uv":[0,11,2,12],"texture":"#1"},"west":{"uv":[0,11,2,12],"texture":"#1"},"up":{"uv":[0,12,2,14],"texture":"#1"},"down":{"uv":[0.5,12.5,1.5,13.5],"texture":"#1"}}},{"from":[8.5,-13,8.25],"to":[10.5,-2,10.25],"faces":{"north":{"uv":[3.5,10.5,2.5,16],"texture":"#1"},"east":{"uv":[2.5,10.5,3.5,16],"texture":"#1"},"south":{"uv":[3.5,10.5,2.5,16],"texture":"#1"},"west":{"uv":[2.5,10.5,3.5,16],"texture":"#1"},"up":{"uv":[0,0,1,1],"texture":"#missing"},"down":{"uv":[0.5,12.5,1.5,13.5],"texture":"#1"}}},{"from":[2.5,-7,10.25],"to":[9.5,0,10.25],"rotation":{"angle":45,"axis":"y","origin":[8.5,25.5,10.25]},"faces":{"north":{"uv":[3.5,16,7,12.5],"texture":"#1"},"south":{"uv":[7,16,3.5,12.5],"texture":"#1"}}},{"from":[7,-7,9.75],"to":[14,0,9.75],"rotation":{"angle":45,"axis":"y","origin":[7.5,25.5,5.75]},"faces":{"north":{"uv":[7,16,3.5,12.5],"texture":"#1"},"south":{"uv":[3.5,16,7,12.5],"texture":"#1"}}}],"display":{"thirdperson_righthand":{"rotation":[64.0,-24.0,7.0],"translation":[-4.28125,6.90625,9.0625],"scale":[0.9375,0.9375,0.9375]},"thirdperson_lefthand":{"rotation":[64,24,-7],"translation":[2.5,7.5,9]},"firstperson_righthand":{"rotation":[0,83,0],"translation":[80,2.75,-8.75],"scale":[0,0,0]},"firstperson_lefthand":{"rotation":[0,83,0],"translation":[80,2.75,-8.75],"scale":[0,0,0]},"ground":{"translation":[0,5.25,0],"scale":[0.45,0.45,0.45]},"gui":{"rotation":[-16,128,55],"translation":[2.5,2.75,0],"scale":[0.61,0.61,0.61]},"fixed":{"rotation":[-90,-45,0],"translation":[0,0,-16],"scale":[2,2,2]}},"groups":[{"name":"group","origin":[0,0,0],"color":0,"children":[0,1,2,{"name":"group","origin":[0,0,0],"color":0,"children":[3,4]}]},{"name":"group","origin":[0,0,0],"color":0,"children":[{"name":"group","origin":[0,0,0],"color":0,"children":[]}]},{"name":"group","origin":[0,0,0],"color":0,"children":[{"name":"group","origin":[0,0,0],"color":0,"children":[]}]},5,6,7,8,9,10,11,12,13,14,15,16]}