{"credit":"Made with Blockbench","texture_size":[64,64],"textures":{"0":"custom/cosmetics/christmas/frost_mage_helmet","1":"custom/cosmetics/christmas/frost_mage_vfx","particle":"custom/cosmetics/christmas/frost_mage_helmet"},"elements":[{"from":[1.5,9,8.1],"to":[14.5,21,8.1],"rotation":{"angle":-45,"axis":"y","origin":[8,15,8.05]},"faces":{"north":{"uv":[11.5,0,14.75,3],"texture":"#0","tintindex":0},"south":{"uv":[8,0,11.25,3],"texture":"#0"}}},{"from":[1.5,9,8],"to":[14.5,21,8],"rotation":{"angle":-45,"axis":"y","origin":[8,15,8.05]},"faces":{"north":{"uv":[8,0,11.25,3],"texture":"#0"},"south":{"uv":[11.5,0,14.75,3],"texture":"#0","tintindex":0}}},{"from":[1.5,9,8.1],"to":[14.5,21,8.1],"rotation":{"angle":45,"axis":"y","origin":[8,15,8.05]},"faces":{"north":{"uv":[11.5,0,14.75,3],"texture":"#0","tintindex":0},"south":{"uv":[8,0,11.25,3],"texture":"#0"}}},{"from":[1.5,9,8],"to":[14.5,21,8],"rotation":{"angle":45,"axis":"y","origin":[8,15,8.05]},"faces":{"north":{"uv":[8,0,11.25,3],"texture":"#0"},"south":{"uv":[11.5,0,14.75,3],"texture":"#0","tintindex":0}}},{"from":[7.5,-3,7.5],"to":[8.5,15,8.5],"rotation":{"angle":0,"axis":"y","origin":[0,9,0]},"faces":{"north":{"uv":[8.25,3.5,8.5,8],"texture":"#0"},"east":{"uv":[8.25,3.5,8.5,8],"texture":"#0"},"south":{"uv":[8.25,3.5,8.5,8],"texture":"#0"},"west":{"uv":[8.25,3.5,8.5,8],"texture":"#0"},"up":{"uv":[8.25,3.5,8.5,3.75],"texture":"#0"},"down":{"uv":[8.25,7.75,8.5,8],"texture":"#0"}}},{"from":[5.25,2,8],"to":[10.75,5,8],"rotation":{"angle":-45,"axis":"y","origin":[8,13,8]},"faces":{"north":{"uv":[10.5,4,11.75,3.25],"texture":"#0"},"south":{"uv":[10.5,4,11.75,3.25],"texture":"#0"}}},{"from":[5.25,-2,8],"to":[10.75,1,8],"rotation":{"angle":-45,"axis":"y","origin":[8,3,8]},"faces":{"north":{"uv":[9,4,10.25,3.25],"texture":"#0"},"south":{"uv":[9,4,10.25,3.25],"texture":"#0"}}},{"from":[8,2,5.25],"to":[8,5,10.75],"rotation":{"angle":-45,"axis":"y","origin":[8,13,8]},"faces":{"east":{"uv":[10.5,4,11.75,3.25],"texture":"#0"},"west":{"uv":[10.5,4,11.75,3.25],"texture":"#0"}}},{"from":[8,-2,5.25],"to":[8,1,10.75],"rotation":{"angle":-45,"axis":"y","origin":[8,3,8]},"faces":{"east":{"uv":[9,4,10.25,3.25],"texture":"#0"},"west":{"uv":[9,4,10.25,3.25],"texture":"#0"}}},{"from":[6,-7,7],"to":[10,-3,9],"rotation":{"angle":45,"axis":"z","origin":[8,-5,8]},"faces":{"north":{"uv":[8.75,7,9.75,8],"rotation":270,"texture":"#0"},"east":{"uv":[9.5,7,9.75,8],"texture":"#0"},"south":{"uv":[8.75,7,9.75,8],"texture":"#0"},"west":{"uv":[8.75,7,9,8],"texture":"#0"},"up":{"uv":[9.5,8,9.75,7],"rotation":270,"texture":"#0"},"down":{"uv":[8.75,7,9,8],"rotation":90,"texture":"#0"}}},{"from":[5,19,7],"to":[11,25,9],"rotation":{"angle":45,"axis":"z","origin":[8,22,8]},"faces":{"north":{"uv":[8.75,5.25,10.25,6.75],"rotation":270,"texture":"#0"},"east":{"uv":[10,5.25,10.25,6.75],"texture":"#0"},"south":{"uv":[8.75,5.25,10.25,6.75],"texture":"#0"},"west":{"uv":[8.75,5.25,9,6.75],"texture":"#0"},"up":{"uv":[10,5.25,10.25,6.75],"rotation":90,"texture":"#0"},"down":{"uv":[8.75,5.25,9,6.75],"rotation":90,"texture":"#0"}}},{"from":[5,19,7],"to":[11,25,9],"rotation":{"angle":45,"axis":"z","origin":[8,22,8]},"faces":{"north":{"uv":[10.75,5.25,12.25,6.75],"rotation":270,"texture":"#0","tintindex":0},"south":{"uv":[10.75,5.25,12.25,6.75],"texture":"#0","tintindex":0}}},{"from":[5,21.8,8],"to":[11,27.8,8],"rotation":{"angle":-45,"axis":"z","origin":[8,24.8,8]},"faces":{"north":{"uv":[9.25,4.75,10.75,6.25],"texture":"#0"},"south":{"uv":[10.75,4.75,9.25,6.25],"texture":"#0"}}},{"from":[-9,-6.75,7.825],"to":[8,25.25,7.825],"rotation":{"angle":0,"axis":"y","origin":[16,0,0]},"faces":{"north":{"uv":[10,0,8,4],"texture":"#1","tintindex":0},"south":{"uv":[8,0,10,4],"texture":"#1","tintindex":0}}}],"display":{"thirdperson_righthand":{"rotation":[55,17,-8],"translation":[0,0.25,0.75]},"thirdperson_lefthand":{"rotation":[0,-180,90],"translation":[-1,-2,0.75]},"firstperson_righthand":{"translation":[7,0,0],"scale":[0,0,0]},"firstperson_lefthand":{"translation":[7,0,0],"scale":[0,0,0]},"gui":{"rotation":[-19,-13,-49],"translation":[0,-0.25,0],"scale":[0.51,0.51,0.51]}},"groups":[{"name":"group","origin":[0,0,0],"color":0,"children":[0,1]},{"name":"group","origin":[0,0,0],"color":0,"children":[2,3]},4,5,6,7,8,9,10,11,12,13]}