{"credit":"Made with Blockbench","texture_size":[64,64],"textures":{"0":"custom/cosmetics/christmas/frost_mage_vfx","particle":"custom/cosmetics/christmas/frost_mage_vfx"},"elements":[{"from":[0,0,0],"to":[16,24,16],"faces":{"north":{"uv":[0,0,4,6],"texture":"#0"},"east":{"uv":[0,0,4,6],"texture":"#0"},"south":{"uv":[0,0,4,6],"texture":"#0"},"west":{"uv":[0,0,4,6],"texture":"#0"}}},{"from":[0.05,0,0.025],"to":[15.975,24,15.975],"faces":{"north":{"uv":[4,0,7.98125,6],"texture":"#0","tintindex":0},"east":{"uv":[4,0,7.9875,6],"texture":"#0","tintindex":0},"south":{"uv":[4,0,7.98125,6],"texture":"#0","tintindex":0},"west":{"uv":[4,0,7.9875,6],"texture":"#0","tintindex":0}}},{"name":"cube inverted","from":[15.975,24,15.975],"to":[0.05,0,0.025],"faces":{"north":{"uv":[0,6,3.98125,0],"texture":"#0"},"east":{"uv":[0,6,3.9875,0],"texture":"#0"},"south":{"uv":[0,6,3.98125,0],"texture":"#0"},"west":{"uv":[0,6,3.9875,0],"texture":"#0"}}},{"name":"cube inverted","from":[16,24,16],"to":[0,0,0],"faces":{"north":{"uv":[4,6,8,0],"texture":"#0","tintindex":0},"east":{"uv":[4,6,8,0],"texture":"#0","tintindex":0},"south":{"uv":[4,6,8,0],"texture":"#0","tintindex":0},"west":{"uv":[4,6,8,0],"texture":"#0","tintindex":0}}},{"from":[-6.5,0,-6.5],"to":[22.5,0,22.5],"faces":{"up":{"uv":[0,6,7.25,13.25],"texture":"#0"},"down":{"uv":[14.875,6,7.625,13.25],"texture":"#0","tintindex":0}}},{"from":[-6.5,-0.025,-6.5],"to":[22.5,-0.025,22.5],"faces":{"up":{"uv":[7.625,6,14.875,13.25],"texture":"#0","tintindex":0},"down":{"uv":[7.25,6,0,13.25],"texture":"#0"}}}],"display":{"thirdperson_righthand":{"rotation":[90,0,0],"translation":[-6,-2,6],"scale":[2,2,2]},"thirdperson_lefthand":{"rotation":[90,0,0],"translation":[-6,-2,6],"scale":[2,2,2]}}}