{"credit":"Made with Blockbench","texture_size":[64,64],"textures":{"0":"custom/cosmetics/christmas/glacial_crown","particle":"custom/cosmetics/christmas/glacial_crown"},"elements":[{"from":[4,0,4],"to":[12,3,12],"faces":{"north":{"uv":[0,6,2,6.75],"texture":"#0"},"east":{"uv":[0,6,2,6.75],"texture":"#0"},"south":{"uv":[0,6,2,6.75],"texture":"#0"},"west":{"uv":[0,6,2,6.75],"texture":"#0"},"up":{"uv":[0,4,2,6],"texture":"#0"},"down":{"uv":[2,4,4,6],"texture":"#0"}}},{"from":[-5,1,4.69],"to":[21,16,4.69],"rotation":{"angle":22.5,"axis":"x","origin":[8,2.5,5]},"faces":{"north":{"uv":[0,0,6.5,3.75],"texture":"#0"},"south":{"uv":[0,6.75,6.5,10.5],"texture":"#0","tintindex":0}}},{"from":[-5,1,4.7],"to":[21,16,4.7],"rotation":{"angle":22.5,"axis":"x","origin":[8,2.5,5]},"faces":{"north":{"uv":[0,6.75,6.5,10.5],"texture":"#0","tintindex":0},"south":{"uv":[0,0,6.5,3.75],"texture":"#0"}}},{"from":[-6,1,7],"to":[4,5,7],"rotation":{"angle":45,"axis":"y","origin":[4,2,7]},"faces":{"north":{"uv":[4,4,6.5,5],"texture":"#0"},"south":{"uv":[6.5,4,4,5],"texture":"#0"}}},{"from":[12,1,7],"to":[22,5,7],"rotation":{"angle":-45,"axis":"y","origin":[12,2,7]},"faces":{"north":{"uv":[6.5,4,4,5],"texture":"#0"},"south":{"uv":[4,4,6.5,5],"texture":"#0"}}}],"display":{"gui":{"rotation":[30,135,0],"translation":[-0.75,0.75,0],"scale":[0.64,0.64,0.64]},"head":{"rotation":[8,0,0],"translation":[0,18,2],"scale":[1.96,1.96,1.96]},"thirdperson_righthand":{"rotation":[98.0,0,0],"translation":[-1.0,-3.25,24.296875],"scale":[1.1484375,1.1484375,1.1484375]}}}