{"credit":"Made with Blockbench","textures":{"0":"custom/cosmetics/christmas/jingle_bell","particle":"custom/cosmetics/christmas/jingle_bell"},"elements":[{"from":[7,6,7],"to":[9,14,9],"faces":{"north":{"uv":[6,4,8,12],"texture":"#0"},"east":{"uv":[8,4,6,12],"texture":"#0"},"south":{"uv":[6,4,8,12],"texture":"#0"},"west":{"uv":[8,4,6,12],"texture":"#0"},"up":{"uv":[6,4,7,5],"texture":"#0"}}},{"from":[6.75,5.75,6.75],"to":[9.25,14.25,9.25],"faces":{"north":{"uv":[14,4,16,12],"texture":"#0","tintindex":0},"east":{"uv":[16,4,14,12],"texture":"#0","tintindex":0},"south":{"uv":[14,4,16,12],"texture":"#0","tintindex":0},"west":{"uv":[16,4,14,12],"texture":"#0","tintindex":0}}},{"from":[6,2,6],"to":[10,6,10],"faces":{"north":{"uv":[10,0,14,4],"texture":"#0"},"east":{"uv":[10,0,14,4],"texture":"#0"},"south":{"uv":[10,0,14,4],"texture":"#0"},"west":{"uv":[10,0,14,4],"texture":"#0"},"up":{"uv":[6,0,10,4],"texture":"#0"}}},{"from":[5,0,5],"to":[11,2,11],"faces":{"north":{"uv":[8,4,14,6],"texture":"#0"},"east":{"uv":[8,4,14,6],"texture":"#0"},"south":{"uv":[8,4,14,6],"texture":"#0"},"west":{"uv":[8,4,14,6],"texture":"#0"},"up":{"uv":[0,0,6,6],"texture":"#0"},"down":{"uv":[0,6,6,12],"texture":"#0"}}},{"from":[5.5,6.25,6.5],"to":[10.5,9.25,6.5],"rotation":{"angle":22.5,"axis":"x","origin":[8,7.5,6]},"faces":{"north":{"uv":[8,6,13,9],"texture":"#0","tintindex":0},"south":{"uv":[8,6,13,9],"texture":"#0","tintindex":0}}}],"display":{"thirdperson_righthand":{"rotation":[114,-51,-3],"translation":[-1.25,-0.25,-1.5]},"thirdperson_lefthand":{"rotation":[114,-51,-3],"translation":[-1.25,-0.25,-1.5]},"firstperson_righthand":{"translation":[7.5,0,0],"scale":[0,0,0]},"firstperson_lefthand":{"translation":[7.5,0,0],"scale":[0,0,0]},"gui":{"rotation":[-35,167,26],"translation":[1,1.25,0]}}}