{"credit":"Made with Blockbench","texture_size":[64,64],"textures":{"0":"custom/cosmetics/christmas/penguin_balloon","particle":"custom/cosmetics/christmas/penguin_balloon"},"elements":[{"from":[9,-1,4],"to":[10,11,12],"rotation":{"angle":-22.5,"axis":"z","origin":[3,11,8]},"faces":{"east":{"uv":[4.75,7.5,2.75,10.5],"texture":"#0"}}},{"from":[9,-1,4],"to":[10,11,12],"rotation":{"angle":-22.5,"axis":"z","origin":[3,11,8]},"faces":{"north":{"uv":[10.5,7.5,10.25,10.5],"texture":"#0","tintindex":0},"east":{"uv":[12.75,7.5,10.75,10.5],"texture":"#0","tintindex":0},"south":{"uv":[10.5,7.5,10.25,10.5],"texture":"#0","tintindex":0},"west":{"uv":[10,7.5,8,10.5],"texture":"#0","tintindex":0},"up":{"uv":[8,7.75,10,7.5],"rotation":90,"texture":"#0","tintindex":0},"down":{"uv":[8,10.5,10,10.25],"rotation":90,"texture":"#0","tintindex":0}}}],"display":{"gui":{"rotation":[30,135,0],"scale":[0.56,0.56,0.56]},"head":{"rotation":[80,0,-30],"translation":[-5,-4,0],"scale":[2.2857,2.2857,2.2857]}},"groups":[{"name":"group","origin":[0,0,0],"color":0,"children":[]},{"name":"group","origin":[0,0,0],"color":0,"children":[0,1]}]}