{"credit":"Made with Blockbench","texture_size":[64,64],"textures":{"0":"custom/cosmetics/christmas/penguin_balloon","particle":"custom/cosmetics/christmas/penguin_balloon"},"elements":[{"from":[3,0,3],"to":[13,18,13],"faces":{"north":{"uv":[0,2.75,2.5,7.25],"texture":"#0"},"east":{"uv":[5.25,2.75,2.75,7.25],"texture":"#0"},"west":{"uv":[2.75,2.75,5.25,7.25],"texture":"#0"},"down":{"uv":[2.75,0,5.25,2.5],"texture":"#0"}}},{"from":[3,0,3],"to":[13,18,13],"faces":{"north":{"uv":[8,2.75,10.5,7.25],"texture":"#0","tintindex":0},"east":{"uv":[13.25,2.75,10.75,7.25],"texture":"#0","tintindex":0},"south":{"uv":[13.5,2.75,16,7.25],"texture":"#0","tintindex":0},"west":{"uv":[10.75,2.75,13.25,7.25],"texture":"#0","tintindex":0},"up":{"uv":[8,0,10.5,2.5],"rotation":180,"texture":"#0","tintindex":0},"down":{"uv":[10.75,0,13.25,2.5],"texture":"#0","tintindex":0}}},{"from":[9,-4,8],"to":[13,0,8],"rotation":{"angle":-22.5,"axis":"x","origin":[11,0,8]},"faces":{"north":{"uv":[5,7.5,6,8.5],"texture":"#0"},"south":{"uv":[5,7.5,6,8.5],"texture":"#0"}}},{"from":[3,-4,8],"to":[7,0,8],"rotation":{"angle":-22.5,"axis":"x","origin":[11,0,8]},"faces":{"north":{"uv":[5,7.5,6,8.5],"texture":"#0"},"south":{"uv":[5,7.5,6,8.5],"texture":"#0"}}},{"from":[13,-1,4],"to":[14,11,12],"rotation":{"angle":22.5,"axis":"z","origin":[13,11,8]},"faces":{"west":{"uv":[2.75,7.5,4.75,10.5],"texture":"#0"}}},{"from":[13,-1,4],"to":[14,11,12],"rotation":{"angle":22.5,"axis":"z","origin":[13,11,8]},"faces":{"north":{"uv":[10.25,7.5,10.5,10.5],"texture":"#0","tintindex":0},"east":{"uv":[8,7.5,10,10.5],"texture":"#0","tintindex":0},"south":{"uv":[10.25,7.5,10.5,10.5],"texture":"#0","tintindex":0},"west":{"uv":[10.75,7.5,12.75,10.5],"texture":"#0","tintindex":0},"up":{"uv":[8,7.5,10,7.75],"rotation":90,"texture":"#0","tintindex":0},"down":{"uv":[8,10.25,10,10.5],"rotation":90,"texture":"#0","tintindex":0}}},{"from":[2,-1,4],"to":[3,11,12],"rotation":{"angle":-22.5,"axis":"z","origin":[3,11,8]},"faces":{"east":{"uv":[4.75,7.5,2.75,10.5],"texture":"#0"}}},{"from":[2,-1,4],"to":[3,11,12],"rotation":{"angle":-22.5,"axis":"z","origin":[3,11,8]},"faces":{"north":{"uv":[10.5,7.5,10.25,10.5],"texture":"#0","tintindex":0},"east":{"uv":[12.75,7.5,10.75,10.5],"texture":"#0","tintindex":0},"south":{"uv":[10.5,7.5,10.25,10.5],"texture":"#0","tintindex":0},"west":{"uv":[10,7.5,8,10.5],"texture":"#0","tintindex":0},"up":{"uv":[8,7.75,10,7.5],"rotation":90,"texture":"#0","tintindex":0},"down":{"uv":[8,10.5,10,10.25],"rotation":90,"texture":"#0","tintindex":0}}},{"from":[6,0,13],"to":[10,3,18],"rotation":{"angle":22.5,"axis":"x","origin":[8,3,13]},"faces":{"east":{"uv":[14.75,8.75,13.5,9.5],"texture":"#0","tintindex":0},"west":{"uv":[13.5,8.75,14.75,9.5],"texture":"#0","tintindex":0},"up":{"uv":[13.5,7.25,14.5,8.5],"texture":"#0","tintindex":0}}},{"name":"cube inverted","from":[10,3,18],"to":[6,0,13],"rotation":{"angle":22.5,"axis":"x","origin":[8,3,13]},"faces":{"east":{"uv":[13.5,9.5,14.75,8.75],"texture":"#0","tintindex":0},"west":{"uv":[14.75,9.5,13.5,8.75],"texture":"#0","tintindex":0},"down":{"uv":[14.5,7.25,13.5,8.5],"texture":"#0","tintindex":0}}},{"from":[6,11,1],"to":[10,13,3],"faces":{"north":{"uv":[0.75,4,1.75,4.5],"texture":"#0"},"east":{"uv":[0.75,4,1.75,4.5],"texture":"#0"},"south":{"uv":[0.75,4,1.75,4.5],"texture":"#0"},"west":{"uv":[0.75,4,1.75,4.5],"texture":"#0"},"up":{"uv":[0.75,4,1.75,4.25],"texture":"#0"},"down":{"uv":[0.75,4.25,1.75,4.5],"texture":"#0"}}}],"display":{"gui":{"rotation":[30,135,0],"scale":[0.56,0.56,0.56]}},"groups":[0,1,2,3,{"name":"group","origin":[0,0,0],"color":0,"children":[4,5]},{"name":"group","origin":[0,0,0],"color":0,"children":[6,7]},8,9,10]}