{"credit":"Made with Blockbench","texture_size":[32,32],"textures":{"0":"custom/cosmetics/christmas/santa_hat","particle":"custom/cosmetics/christmas/santa_hat"},"elements":[{"from":[4,2,4],"to":[12,5,12],"rotation":{"angle":0,"axis":"y","origin":[0,-7,0]},"faces":{"north":{"uv":[0,10,4,11.5],"texture":"#0","tintindex":0},"east":{"uv":[0,11.5,4,13],"texture":"#0","tintindex":0},"south":{"uv":[4,10,0,11.5],"texture":"#0","tintindex":0},"west":{"uv":[4,10,8,11.5],"texture":"#0","tintindex":0},"up":{"uv":[0,6,4,10],"rotation":180,"texture":"#0","tintindex":0}}},{"from":[0,3.25,6],"to":[9,6.25,10],"rotation":{"angle":22.5,"axis":"z","origin":[7,3.5,8]},"faces":{"north":{"uv":[4,8.5,8.5,10],"texture":"#0","tintindex":0},"east":{"uv":[7,5,9,6.5],"texture":"#0","tintindex":0},"south":{"uv":[8.5,8.5,4,10],"texture":"#0","tintindex":0},"west":{"uv":[5,5,7,6.5],"texture":"#0","tintindex":0},"up":{"uv":[4,6.5,8.5,8.5],"rotation":180,"texture":"#0","tintindex":0},"down":{"uv":[4,9.5,8.5,10],"rotation":180,"texture":"#0","tintindex":0}}},{"from":[3,0,3],"to":[13,2,13],"rotation":{"angle":0,"axis":"y","origin":[0,-7,0]},"faces":{"north":{"uv":[0,5,5,6],"texture":"#0"},"east":{"uv":[0,5,5,6],"texture":"#0"},"south":{"uv":[0,5,5,6],"texture":"#0"},"west":{"uv":[0,5,5,6],"texture":"#0"},"up":{"uv":[0,0,5,5],"texture":"#0"},"down":{"uv":[5,0,10,5],"texture":"#0"}}},{"from":[-1.5,-2,6.5],"to":[1.5,1,9.5],"rotation":{"angle":-22.5,"axis":"z","origin":[0.5,-0.5,8]},"faces":{"north":{"uv":[9,5,10.5,6.5],"texture":"#0"},"east":{"uv":[10.5,5,9,6.5],"texture":"#0"},"south":{"uv":[9,5,10.5,6.5],"texture":"#0"},"west":{"uv":[10.5,5,9,6.5],"texture":"#0"},"up":{"uv":[9,6.5,10.5,8],"texture":"#0"},"down":{"uv":[10.5,5,12,6.5],"texture":"#0"}}}],"display":{"gui":{"rotation":[30,135,0],"translation":[-0.25,5.75,0]},"head":{"rotation":[0,0,13],"translation":[-3.5,16.75,0],"scale":[1.87,1.87,1.87]},"thirdperson_righthand":{"rotation":[90.0,0,13],"translation":[-3.1875,-2.0,23.564453],"scale":[1.0957031,1.0957031,1.0957031]}}}