{"credit":"Made with Blockbench","texture_size":[32,32],"textures":{"0":"custom/cosmetics/christmas/skiis","particle":"custom/cosmetics/christmas/skiis"},"elements":[{"from":[3,0,8],"to":[7,32,8],"rotation":{"angle":22.5,"axis":"z","origin":[5,16,8]},"faces":{"north":{"uv":[4,0,2,16],"texture":"#0","tintindex":0},"south":{"uv":[2,0,0,16],"texture":"#0","tintindex":0}}},{"from":[3,0,8],"to":[7,32,8],"rotation":{"angle":22.5,"axis":"z","origin":[5,16,8]},"faces":{"north":{"uv":[8,0,6,16],"texture":"#0"},"south":{"uv":[6,0,4,16],"texture":"#0"}}},{"from":[12,-6,10],"to":[16,26,10],"rotation":{"angle":45,"axis":"z","origin":[3,0,16]},"faces":{"north":{"uv":[4,0,2,16],"texture":"#0","tintindex":0},"south":{"uv":[2,0,0,16],"texture":"#0","tintindex":0}}},{"from":[12,-6,10],"to":[16,26,10],"rotation":{"angle":45,"axis":"z","origin":[3,0,16]},"faces":{"north":{"uv":[8,0,6,16],"texture":"#0"},"south":{"uv":[6,0,4,16],"texture":"#0"}}},{"from":[10,0,8.75],"to":[11,28,9.75],"rotation":{"angle":-22.5,"axis":"z","origin":[10.5,15.75,9.5]},"faces":{"north":{"uv":[8,0,8.5,14],"texture":"#0"},"east":{"uv":[8,0,8.5,14],"texture":"#0"},"south":{"uv":[8,0,8.5,14],"texture":"#0"},"west":{"uv":[8,0,8.5,14],"texture":"#0"},"up":{"uv":[8,0,8.5,0.5],"texture":"#0"},"down":{"uv":[8,0,8.5,0.5],"texture":"#0"}}},{"from":[9.5,26,8.25],"to":[11.5,32,10.25],"rotation":{"angle":-22.5,"axis":"z","origin":[10.5,15.75,9.5]},"faces":{"north":{"uv":[9,0,10,3],"texture":"#0","tintindex":0},"east":{"uv":[9,0,10,3],"texture":"#0","tintindex":0},"south":{"uv":[9,0,10,3],"texture":"#0","tintindex":0},"west":{"uv":[9,0,10,3],"texture":"#0","tintindex":0},"up":{"uv":[9,0,9.5,0.5],"texture":"#0","tintindex":0},"down":{"uv":[9,2.5,9.5,3],"texture":"#0","tintindex":0}}},{"from":[9,2,7.75],"to":[12,3,10.75],"rotation":{"angle":-22.5,"axis":"z","origin":[10.5,15.75,9.5]},"faces":{"north":{"uv":[10.5,2,12,2.5],"texture":"#0","tintindex":0},"east":{"uv":[12,2,10.5,2.5],"texture":"#0","tintindex":0},"south":{"uv":[10.5,2,12,2.5],"texture":"#0","tintindex":0},"west":{"uv":[12,2,10.5,2.5],"texture":"#0","tintindex":0},"up":{"uv":[10.5,0,12,1.5],"texture":"#0","tintindex":0},"down":{"uv":[10.5,0,12,1.5],"rotation":90,"texture":"#0","tintindex":0}}},{"from":[9.91308,-0.77292,8.25],"to":[10.91308,27.22708,9.25],"rotation":{"angle":-45,"axis":"z","origin":[10.41308,13.97708,9.5]},"faces":{"north":{"uv":[8,0,8.5,14],"texture":"#0"},"east":{"uv":[8,0,8.5,14],"texture":"#0"},"south":{"uv":[8,0,8.5,14],"texture":"#0"},"west":{"uv":[8,0,8.5,14],"texture":"#0"},"up":{"uv":[8,0,8.5,0.5],"texture":"#0"},"down":{"uv":[8,0,8.5,0.5],"texture":"#0"}}},{"from":[9.41308,25.22708,7.75],"to":[11.41308,31.22708,9.75],"rotation":{"angle":-45,"axis":"z","origin":[10.41308,13.97708,9.5]},"faces":{"north":{"uv":[9,0,10,3],"texture":"#0","tintindex":0},"east":{"uv":[9,0,10,3],"texture":"#0","tintindex":0},"south":{"uv":[9,0,10,3],"texture":"#0","tintindex":0},"west":{"uv":[9,0,10,3],"texture":"#0","tintindex":0},"up":{"uv":[9,0,9.5,0.5],"texture":"#0","tintindex":0},"down":{"uv":[9,2.5,9.5,3],"texture":"#0","tintindex":0}}},{"from":[8.91308,1.22708,7.25],"to":[11.91308,2.22708,10.25],"rotation":{"angle":-45,"axis":"z","origin":[10.41308,13.97708,9.5]},"faces":{"north":{"uv":[10.5,2,12,2.5],"texture":"#0","tintindex":0},"east":{"uv":[12,2,10.5,2.5],"texture":"#0","tintindex":0},"south":{"uv":[10.5,2,12,2.5],"texture":"#0","tintindex":0},"west":{"uv":[12,2,10.5,2.5],"texture":"#0","tintindex":0},"up":{"uv":[10.5,0,12,1.5],"texture":"#0","tintindex":0},"down":{"uv":[10.5,0,12,1.5],"rotation":90,"texture":"#0","tintindex":0}}},{"from":[22,21.5,8.75],"to":[26,26.5,8.75],"rotation":{"angle":0,"axis":"y","origin":[3,0,0]},"faces":{"north":{"uv":[9,3.5,11,6],"texture":"#0"},"south":{"uv":[11,3.5,9,6],"texture":"#0"}}},{"from":[16,26.25,9.25],"to":[20,31.25,9.25],"rotation":{"angle":0,"axis":"y","origin":[3,0,0]},"faces":{"north":{"uv":[9,3.5,11,6],"texture":"#0"},"south":{"uv":[11,3.5,9,6],"texture":"#0"}}}],"gui_light":"front","display":{"gui":{"translation":[-0.25,-3,0],"scale":[0.4,0.4,0.4]},"head":{"rotation":[7,0,0],"translation":[0,-58,5],"scale":[1.6,1.6,1.6]},"thirdperson_righthand":{"rotation":[97.0,0,0],"translation":[-1.0,-5.125,11.349998],"scale":[1.0,1.0,1.0]}},"groups":[{"name":"group","origin":[0,0,0],"color":0,"children":[0,1]},{"name":"group","origin":[0,0,0],"color":0,"children":[2,3]},{"name":"group","origin":[0,0,0],"color":0,"children":[4,5,6]},{"name":"group","origin":[0,0,0],"color":0,"children":[7,8,9]},10,11]}