{"credit":"Made with Blockbench","texture_size":[32,32],"textures":{"0":"custom/cosmetics/christmas/skiis","particle":"custom/cosmetics/christmas/skiis"},"elements":[{"from":[6,0,-8],"to":[10,0,24],"rotation":{"angle":0,"axis":"x","origin":[5,16,8]},"faces":{"up":{"uv":[2,0,0,16],"texture":"#0","tintindex":0},"down":{"uv":[4,0,2,16],"rotation":180,"texture":"#0","tintindex":0}}},{"from":[6,0,-8],"to":[10,0,24],"rotation":{"angle":0,"axis":"x","origin":[5,16,8]},"faces":{"up":{"uv":[6,0,4,16],"texture":"#0"},"down":{"uv":[8,0,6,16],"rotation":180,"texture":"#0"}}}],"gui_light":"front","display":{"thirdperson_righthand":{"rotation":[90,0,0],"translation":[-2,-2,6.5]},"thirdperson_lefthand":{"rotation":[90,0,0],"translation":[0,-2,6.5]},"gui":{"translation":[-0.25,-3,0],"scale":[0.4,0.4,0.4]},"head":{"rotation":[7,0,0],"translation":[0,-58,5],"scale":[1.6,1.6,1.6]}},"groups":[{"name":"group","origin":[0,0,0],"color":0,"children":[0,1]}]}