{"credit":"Made with Blockbench","texture_size":[32,32],"textures":{"0":"custom/cosmetics/christmas/skiis","particle":"custom/cosmetics/christmas/skiis"},"elements":[{"from":[7.5,0,7.5],"to":[8.5,28,8.5],"rotation":{"angle":0,"axis":"z","origin":[10.5,15.75,9.5]},"faces":{"north":{"uv":[8,0,8.5,14],"texture":"#0"},"east":{"uv":[8,0,8.5,14],"texture":"#0"},"south":{"uv":[8,0,8.5,14],"texture":"#0"},"west":{"uv":[8,0,8.5,14],"texture":"#0"},"up":{"uv":[8,0,8.5,0.5],"texture":"#0"},"down":{"uv":[8,0,8.5,0.5],"texture":"#0"}}},{"from":[7,23,7],"to":[9,29,9],"rotation":{"angle":0,"axis":"z","origin":[10.5,15.75,9.5]},"faces":{"north":{"uv":[9,0,10,3],"texture":"#0","tintindex":0},"east":{"uv":[9,0,10,3],"texture":"#0","tintindex":0},"south":{"uv":[9,0,10,3],"texture":"#0","tintindex":0},"west":{"uv":[9,0,10,3],"texture":"#0","tintindex":0},"up":{"uv":[9,0,9.5,0.5],"texture":"#0","tintindex":0},"down":{"uv":[9,2.5,9.5,3],"texture":"#0","tintindex":0}}},{"from":[6.5,2,6.5],"to":[9.5,3,9.5],"rotation":{"angle":0,"axis":"z","origin":[10.5,15.75,9.5]},"faces":{"north":{"uv":[10.5,2,12,2.5],"texture":"#0","tintindex":0},"east":{"uv":[12,2,10.5,2.5],"texture":"#0","tintindex":0},"south":{"uv":[10.5,2,12,2.5],"texture":"#0","tintindex":0},"west":{"uv":[12,2,10.5,2.5],"texture":"#0","tintindex":0},"up":{"uv":[10.5,0,12,1.5],"texture":"#0","tintindex":0},"down":{"uv":[10.5,0,12,1.5],"rotation":90,"texture":"#0","tintindex":0}}}],"gui_light":"front","display":{"thirdperson_righthand":{"translation":[0,-14.5,1.5]},"thirdperson_lefthand":{"translation":[0,-14.5,1.5]},"gui":{"translation":[-0.25,-3,0],"scale":[0.4,0.4,0.4]},"head":{"rotation":[7,0,0],"translation":[0,-58,5],"scale":[1.6,1.6,1.6]}},"groups":[{"name":"group","origin":[0,0,0],"color":0,"children":[0,1,2]}]}