{"credit":"Made with Blockbench","texture_size":[64,64],"textures":{"0":"custom/cosmetics/christmas/sleigh_balloon","particle":"custom/cosmetics/christmas/sleigh_balloon"},"elements":[{"from":[2,0,0],"to":[14,6,16],"faces":{"north":{"uv":[0,3.25,3,4.75],"texture":"#0","tintindex":0},"east":{"uv":[7.5,3.25,3.5,4.75],"texture":"#0","tintindex":0},"west":{"uv":[3.5,3.25,7.5,4.75],"texture":"#0","tintindex":0},"down":{"uv":[3.5,5,7.5,8],"rotation":90,"texture":"#0","tintindex":0}}},{"from":[2,6,7],"to":[14,12,16],"faces":{"east":{"uv":[7.5,1.75,5.25,3.25],"texture":"#0","tintindex":0},"west":{"uv":[5.25,1.75,7.5,3.25],"texture":"#0","tintindex":0}}},{"from":[2,0,10],"to":[14,12,16],"faces":{"north":{"uv":[0,0,3,3],"texture":"#0","tintindex":0},"south":{"uv":[0,5,3,8],"texture":"#0","tintindex":0},"up":{"uv":[0,9.75,3,8.25],"texture":"#0","tintindex":0}}},{"name":"cube inverted","from":[14,6,16],"to":[2,0,0],"faces":{"north":{"uv":[0,8,3,6.5],"texture":"#0","tintindex":0},"east":{"uv":[3.5,4.75,7.5,3.25],"texture":"#0","tintindex":0},"south":{"uv":[0,4.75,3,3.25],"texture":"#0","tintindex":0},"west":{"uv":[7.5,4.75,3.5,3.25],"texture":"#0","tintindex":0},"up":{"uv":[3.5,8,7.5,5],"rotation":90,"texture":"#0","tintindex":0}}},{"name":"cube inverted","from":[14,12,16],"to":[2,6,7],"faces":{"east":{"uv":[5.25,3.25,7.5,1.75],"texture":"#0","tintindex":0},"west":{"uv":[7.5,3.25,5.25,1.75],"texture":"#0","tintindex":0}}},{"name":"cube inverted","from":[14,12,16],"to":[2,6,7],"faces":{"east":{"uv":[13.25,3.25,15.5,1.75],"texture":"#0"},"west":{"uv":[15.5,3.25,13.25,1.75],"texture":"#0"}}},{"from":[2,0,0],"to":[14,6,16],"faces":{"north":{"uv":[8,3.25,11,4.75],"texture":"#0"},"east":{"uv":[15.5,3.25,11.5,4.75],"texture":"#0"},"west":{"uv":[11.5,3.25,15.5,4.75],"texture":"#0"},"down":{"uv":[11.5,5,15.5,8],"rotation":90,"texture":"#0"}}},{"from":[2,6,7],"to":[14,12,16],"faces":{"east":{"uv":[15.5,1.75,13.25,3.25],"texture":"#0"},"west":{"uv":[13.25,1.75,15.5,3.25],"texture":"#0"}}},{"from":[2,0,10],"to":[14,12,16],"faces":{"north":{"uv":[8,0,11,3],"texture":"#0"},"south":{"uv":[8,5,11,8],"texture":"#0"},"up":{"uv":[8,9.75,11,8.25],"texture":"#0"}}},{"name":"cube inverted","from":[14,6,16],"to":[2,0,0],"faces":{"north":{"uv":[8,8,11,6.5],"texture":"#0"},"east":{"uv":[11.5,4.75,15.5,3.25],"texture":"#0"},"south":{"uv":[8,4.75,11,3.25],"texture":"#0"},"west":{"uv":[15.5,4.75,11.5,3.25],"texture":"#0"},"up":{"uv":[11.5,8,15.5,5],"rotation":90,"texture":"#0"}}},{"from":[4,-4,-5],"to":[4,2,21],"faces":{"east":{"uv":[8.75,10.5,15.25,12],"texture":"#0"},"west":{"uv":[8.75,10.5,15.25,12],"texture":"#0"}}},{"from":[12,-4,-5],"to":[12,2,21],"faces":{"east":{"uv":[8.75,10.5,15.25,12],"texture":"#0"},"west":{"uv":[8.75,10.5,15.25,12],"texture":"#0"}}},{"from":[5,4,0.5],"to":[11,10,6.5],"faces":{"north":{"uv":[3.25,8.25,4.75,9.75],"texture":"#0"},"east":{"uv":[3.25,8.25,4.75,9.75],"texture":"#0"},"south":{"uv":[3.25,8.25,4.75,9.75],"texture":"#0"},"west":{"uv":[3.25,8.25,4.75,9.75],"texture":"#0"},"up":{"uv":[5,8.25,6.5,9.75],"texture":"#0"},"down":{"uv":[5,8.25,6.5,9.75],"texture":"#0"}}},{"from":[2,9,16],"to":[4,12,18],"faces":{"east":{"uv":[16,1.75,15.75,2.5],"texture":"#0"},"south":{"uv":[16,1.75,15.75,2.5],"texture":"#0"},"west":{"uv":[15.5,1.75,16,2.5],"texture":"#0"},"up":{"uv":[15.5,1.75,16,2],"rotation":90,"texture":"#0"},"down":{"uv":[15.5,2.25,16,2.5],"rotation":90,"texture":"#0"}}},{"from":[12,9,16],"to":[14,12,18],"faces":{"east":{"uv":[16,1.75,15.75,2.5],"texture":"#0"},"south":{"uv":[16,1.75,15.75,2.5],"texture":"#0"},"west":{"uv":[15.5,1.75,16,2.5],"texture":"#0"},"up":{"uv":[15.5,1.75,16,2],"rotation":90,"texture":"#0"},"down":{"uv":[15.5,2.25,16,2.5],"rotation":90,"texture":"#0"}}}],"display":{"gui":{"rotation":[30,135,0],"translation":[0,1,0],"scale":[0.54,0.54,0.54]},"head":{"translation":[0,8.5,0],"scale":[2.2857,2.2857,2.2857]}}}