{"credit":"Made with Blockbench","texture_size":[64,64],"textures":{"0":"custom/cosmetics/christmas/sleigh_balloon","particle":"custom/cosmetics/christmas/sleigh_balloon"},"elements":[{"from":[6,11,-2.5],"to":[10,15,5.5],"rotation":{"angle":-22.5,"axis":"x","origin":[7.5,13,5.5]},"faces":{"north":{"uv":[2,10,3,11],"texture":"#0"},"east":{"uv":[2,11,0,12],"texture":"#0"},"south":{"uv":[1.75,11,2,12],"texture":"#0"},"west":{"uv":[0,11,2,12],"texture":"#0"},"up":{"uv":[0,10,2,11],"rotation":90,"texture":"#0"},"down":{"uv":[4,12,2,11],"rotation":90,"texture":"#0"}}},{"from":[6.5,6,2.5],"to":[9.5,11,5.5],"rotation":{"angle":-22.5,"axis":"x","origin":[7.5,13,5.5]},"faces":{"north":{"uv":[0,12,0.75,13.25],"texture":"#0"},"east":{"uv":[0,12,0.75,13.25],"texture":"#0"},"south":{"uv":[0,12,0.75,13.25],"texture":"#0"},"west":{"uv":[0,12,0.75,13.25],"texture":"#0"},"up":{"uv":[0,12,0.25,12.25],"texture":"#0"},"down":{"uv":[0,12,0.25,12.25],"texture":"#0"}}},{"from":[5.5,4,6],"to":[10.5,9,18],"faces":{"north":{"uv":[0.75,13.25,1,14.5],"texture":"#0"},"east":{"uv":[3.75,13.25,0.75,14.5],"texture":"#0"},"south":{"uv":[3.75,12,5,13.25],"texture":"#0"},"west":{"uv":[0.75,13.25,3.75,14.5],"texture":"#0"},"up":{"uv":[0.75,12,3.75,13.25],"rotation":90,"texture":"#0"},"down":{"uv":[3.75,14.5,0.75,15.75],"rotation":90,"texture":"#0"}}},{"from":[5.575,-2,8],"to":[7.575,4,10],"rotation":{"angle":-22.5,"axis":"x","origin":[6.5,1,7]},"faces":{"north":{"uv":[0,13.25,0.5,14.75],"texture":"#0"},"east":{"uv":[0,13.25,0.5,14.75],"texture":"#0"},"south":{"uv":[0,13.25,0.5,14.75],"texture":"#0"},"west":{"uv":[0,13.25,0.5,14.75],"texture":"#0"},"up":{"uv":[0,14.25,0.5,14.75],"texture":"#0"},"down":{"uv":[0,14.25,0.5,14.75],"texture":"#0"}}},{"from":[8.4,-2,8],"to":[10.4,4,10],"rotation":{"angle":-22.5,"axis":"x","origin":[6.5,1,7]},"faces":{"north":{"uv":[0,13.25,0.5,14.75],"texture":"#0"},"east":{"uv":[0,13.25,0.5,14.75],"texture":"#0"},"south":{"uv":[0,13.25,0.5,14.75],"texture":"#0"},"west":{"uv":[0,13.25,0.5,14.75],"texture":"#0"},"up":{"uv":[0,14.25,0.5,14.75],"texture":"#0"},"down":{"uv":[0,14.25,0.5,14.75],"texture":"#0"}}},{"from":[5.575,-5,15],"to":[7.575,1,17],"rotation":{"angle":-22.5,"axis":"x","origin":[6.5,1,7]},"faces":{"north":{"uv":[0,13.25,0.5,14.75],"texture":"#0"},"east":{"uv":[0,13.25,0.5,14.75],"texture":"#0"},"south":{"uv":[0,13.25,0.5,14.75],"texture":"#0"},"west":{"uv":[0,13.25,0.5,14.75],"texture":"#0"},"up":{"uv":[0,14.25,0.5,14.75],"texture":"#0"},"down":{"uv":[0,14.25,0.5,14.75],"texture":"#0"}}},{"from":[8.4,-5,15],"to":[10.4,1,17],"rotation":{"angle":-22.5,"axis":"x","origin":[6.5,1,7]},"faces":{"north":{"uv":[0,13.25,0.5,14.75],"texture":"#0"},"east":{"uv":[0,13.25,0.5,14.75],"texture":"#0"},"south":{"uv":[0,13.25,0.5,14.75],"texture":"#0"},"west":{"uv":[0,13.25,0.5,14.75],"texture":"#0"},"up":{"uv":[0,14.25,0.5,14.75],"texture":"#0"},"down":{"uv":[0,14.25,0.5,14.75],"texture":"#0"}}},{"from":[6,14,-0.5],"to":[6,23,13.5],"rotation":{"angle":-22.5,"axis":"y","origin":[7,18.5,5.5]},"faces":{"east":{"uv":[7.5,9.75,4,12],"texture":"#0"},"west":{"uv":[4,9.75,7.5,12],"texture":"#0"}}},{"from":[10,14,-0.5],"to":[10,23,13.5],"rotation":{"angle":22.5,"axis":"y","origin":[9,18.5,5.5]},"faces":{"east":{"uv":[7.5,9.75,4,12],"texture":"#0"},"west":{"uv":[4,9.75,7.5,12],"texture":"#0"}}},{"from":[5.5,4,5],"to":[10.5,7,5],"faces":{"north":{"uv":[6.5,8.25,7.75,9],"texture":"#0","tintindex":0},"south":{"uv":[6.5,8.25,7.75,9],"texture":"#0","tintindex":0}}},{"from":[6.5,9.25,6.75],"to":[9.5,10.25,28.75],"faces":{"east":{"uv":[9.25,12.25,14.75,12.5],"texture":"#0"},"west":{"uv":[9.25,12.25,14.75,12.5],"texture":"#0"}}},{"name":"cube inverted","from":[9.5,10.25,28.75],"to":[6.5,9.25,6.75],"faces":{"east":{"uv":[9.25,12.5,14.75,12.25],"texture":"#0"},"west":{"uv":[9.25,12.5,14.75,12.25],"texture":"#0"}}}],"display":{"gui":{"rotation":[30,135,0],"translation":[0,1,0],"scale":[0.54,0.54,0.54]},"head":{"translation":[0,-9.25,-18.75],"scale":[2.2857,2.2857,2.2857]}}}