{"credit":"Made with Blockbench","texture_size":[64,64],"textures":{"0":"custom/cosmetics/christmas/train_balloon","particle":"custom/cosmetics/christmas/train_balloon"},"elements":[{"from":[4,5,0],"to":[12,14,16],"faces":{"north":{"uv":[4.25,8,6.25,10.25],"texture":"#0","tintindex":0},"east":{"uv":[0,8,4,10.25],"texture":"#0","tintindex":0},"south":{"uv":[4.25,8,6.25,10.25],"texture":"#0","tintindex":0},"west":{"uv":[0,8,4,10.25],"texture":"#0","tintindex":0}}},{"from":[4,3,0],"to":[12,5,16],"faces":{"north":{"uv":[4.25,5.75,6.25,6.25],"texture":"#0"},"east":{"uv":[0,5.75,4,6.25],"texture":"#0"},"south":{"uv":[4.25,5.75,6.25,6.25],"texture":"#0"},"west":{"uv":[0,5.75,4,6.25],"texture":"#0"},"up":{"uv":[0,3.5,4,5.5],"rotation":90,"texture":"#0"},"down":{"uv":[0,3.5,4,5.5],"rotation":90,"texture":"#0"}}},{"from":[3,0,10],"to":[4,5,15],"faces":{"north":{"uv":[4.25,3.5,4.5,4.75],"texture":"#0"},"east":{"uv":[4.25,3.5,5.5,4.75],"texture":"#0"},"south":{"uv":[4.25,3.5,4.5,4.75],"texture":"#0"},"west":{"uv":[4.25,3.5,5.5,4.75],"texture":"#0"},"up":{"uv":[4.25,3.5,5.5,3.75],"rotation":90,"texture":"#0"},"down":{"uv":[4.25,4.5,5.5,4.75],"rotation":90,"texture":"#0"}}},{"from":[12,0,10],"to":[13,5,15],"rotation":{"angle":0,"axis":"y","origin":[16,0,0]},"faces":{"north":{"uv":[4.5,3.5,4.25,4.75],"texture":"#0"},"east":{"uv":[5.5,3.5,4.25,4.75],"texture":"#0"},"south":{"uv":[4.5,3.5,4.25,4.75],"texture":"#0"},"west":{"uv":[5.5,3.5,4.25,4.75],"texture":"#0"},"up":{"uv":[4.25,3.75,5.5,3.5],"rotation":90,"texture":"#0"},"down":{"uv":[4.25,4.75,5.5,4.5],"rotation":90,"texture":"#0"}}},{"from":[12,0,1],"to":[13,5,6],"rotation":{"angle":0,"axis":"y","origin":[16,0,16]},"faces":{"north":{"uv":[4.25,3.5,4.5,4.75],"texture":"#0"},"east":{"uv":[4.25,3.5,5.5,4.75],"texture":"#0"},"south":{"uv":[4.25,3.5,4.5,4.75],"texture":"#0"},"west":{"uv":[4.25,3.5,5.5,4.75],"texture":"#0"},"up":{"uv":[5.5,3.75,4.25,3.5],"rotation":90,"texture":"#0"},"down":{"uv":[5.5,4.75,4.25,4.5],"rotation":90,"texture":"#0"}}},{"from":[3,0,1],"to":[4,5,6],"rotation":{"angle":0,"axis":"y","origin":[0,0,16]},"faces":{"north":{"uv":[4.5,3.5,4.25,4.75],"texture":"#0"},"east":{"uv":[5.5,3.5,4.25,4.75],"texture":"#0"},"south":{"uv":[4.5,3.5,4.25,4.75],"texture":"#0"},"west":{"uv":[5.5,3.5,4.25,4.75],"texture":"#0"},"up":{"uv":[5.5,3.5,4.25,3.75],"rotation":90,"texture":"#0"},"down":{"uv":[5.5,4.5,4.25,4.75],"rotation":90,"texture":"#0"}}},{"from":[4,5,0],"to":[12,14,16],"faces":{"north":{"uv":[12.25,8,14.25,10.25],"texture":"#0"},"east":{"uv":[8,8,12,10.25],"texture":"#0"},"south":{"uv":[12.25,8,14.25,10.25],"texture":"#0"},"west":{"uv":[8,8,12,10.25],"texture":"#0"}}},{"from":[3,14,-1],"to":[13,16,17],"faces":{"north":{"uv":[0,2.75,2.5,3.25],"texture":"#0"},"east":{"uv":[2.75,2.75,7.25,3.25],"texture":"#0"},"south":{"uv":[0,2.75,2.5,3.25],"texture":"#0"},"west":{"uv":[2.75,2.75,7.25,3.25],"texture":"#0"},"up":{"uv":[2.75,0,7.25,2.5],"rotation":90,"texture":"#0"},"down":{"uv":[3,1.75,3.5,2.25],"rotation":90,"texture":"#0"}}},{"from":[6,4,16],"to":[10,4,21],"faces":{"north":{"uv":[0,0,1,0],"texture":"#missing"},"east":{"uv":[0,0,1.25,0],"texture":"#missing"},"south":{"uv":[0,0,1,0],"texture":"#missing"},"west":{"uv":[0,0,1.25,0],"texture":"#missing"},"up":{"uv":[4.25,4.75,5.5,5.75],"rotation":90,"texture":"#0"},"down":{"uv":[5.5,5.75,4.25,4.75],"rotation":90,"texture":"#0"}}},{"from":[6,4,-5],"to":[10,4,0],"rotation":{"angle":0,"axis":"y","origin":[16,0,16]},"faces":{"north":{"uv":[0,0,1,0],"texture":"#missing"},"east":{"uv":[0,0,1.25,0],"texture":"#missing"},"south":{"uv":[0,0,1,0],"texture":"#missing"},"west":{"uv":[0,0,1.25,0],"texture":"#missing"},"up":{"uv":[5.5,5.75,4.25,4.75],"rotation":90,"texture":"#0"},"down":{"uv":[5.5,5.75,4.25,4.75],"rotation":270,"texture":"#0"}}}],"display":{"head":{"translation":[0,3,-0.75],"scale":[2.2857,2.2857,2.2857]}}}