{"credit":"Made with Blockbench","texture_size":[64,64],"textures":{"0":"custom/furniture/christmas/toy_train_engine","particle":"custom/furniture/christmas/toy_train_engine"},"elements":[{"from":[5,0,0],"to":[11,6,8.5],"faces":{"north":{"uv":[0,3,1.5,4.5],"texture":"#0"},"east":{"uv":[2.125,0,0,1.5],"texture":"#0"},"west":{"uv":[0,0,2.125,1.5],"texture":"#0"},"up":{"uv":[0,1.5,2.125,3],"rotation":90,"texture":"#0"}}},{"from":[5,0,0],"to":[11,6,8.5],"faces":{"north":{"uv":[7.125,6.125,8.625,7.625],"texture":"#0","tintindex":1},"east":{"uv":[2.125,5.125,0,6.625],"texture":"#0","tintindex":1},"west":{"uv":[0,5.125,2.125,6.625],"texture":"#0","tintindex":1},"up":{"uv":[0,6.625,2.125,8.125],"rotation":90,"texture":"#0","tintindex":1}}},{"from":[3.5,-2,0],"to":[12.5,0,17.5],"faces":{"north":{"uv":[3.75,1,6,1.5],"texture":"#0"},"east":{"uv":[2.375,4.625,6.75,5.125],"texture":"#0"},"south":{"uv":[0,4.625,2.25,5.125],"texture":"#0"},"west":{"uv":[2.375,4.625,6.75,5.125],"texture":"#0"},"up":{"uv":[2.25,0.125,6.625,2.375],"rotation":90,"texture":"#0"},"down":{"uv":[2.25,0.125,6.625,2.375],"rotation":90,"texture":"#0"}}},{"from":[3.5,0,8.5],"to":[12.5,11.5,17.5],"faces":{"north":{"uv":[9.875,0.5,12.125,3.375],"texture":"#0"},"east":{"uv":[9.375,0.5,7.125,3.375],"texture":"#0"},"south":{"uv":[9.875,0.5,12.125,3.375],"texture":"#0"},"west":{"uv":[7.125,0.5,9.375,3.375],"texture":"#0"}}},{"from":[3.5,0,8.5],"to":[12.5,11.5,17.5],"faces":{"north":{"uv":[4.75,5.125,7,8],"texture":"#0","tintindex":1},"east":{"uv":[4.5,5.125,2.25,8],"texture":"#0","tintindex":1},"south":{"uv":[4.75,5.125,7,8],"texture":"#0","tintindex":1},"west":{"uv":[2.25,5.125,4.5,8],"texture":"#0","tintindex":1}}},{"name":"cube inverted","from":[12.5,11.5,17.5],"to":[3.5,0,8.5],"faces":{"north":{"uv":[9.875,3.375,12.125,0.5],"texture":"#0"},"east":{"uv":[7.125,3.375,9.375,0.5],"texture":"#0"},"south":{"uv":[9.875,3.375,12.125,0.5],"texture":"#0"},"west":{"uv":[9.375,3.375,7.125,0.5],"texture":"#0"}}},{"from":[2.5,-4.5,13],"to":[3.5,-0.5,17],"faces":{"north":{"uv":[3.5,2.75,3.625,3.75],"texture":"#0"},"east":{"uv":[3.5,2.75,4.5,3.75],"texture":"#0"},"south":{"uv":[3.5,2.75,3.625,3.75],"texture":"#0"},"west":{"uv":[3.5,2.75,4.5,3.75],"texture":"#0"},"up":{"uv":[3.5,2.75,4.5,2.875],"rotation":90,"texture":"#0"},"down":{"uv":[3.5,2.75,4.5,2.875],"rotation":90,"texture":"#0"}}},{"from":[2.5,-4.5,8],"to":[3.5,-0.5,12],"faces":{"north":{"uv":[3.5,2.75,3.625,3.75],"texture":"#0"},"east":{"uv":[3.5,2.75,4.5,3.75],"texture":"#0"},"south":{"uv":[3.5,2.75,3.625,3.75],"texture":"#0"},"west":{"uv":[3.5,2.75,4.5,3.75],"texture":"#0"},"up":{"uv":[3.5,2.75,4.5,2.875],"rotation":90,"texture":"#0"},"down":{"uv":[3.5,2.75,4.5,2.875],"rotation":90,"texture":"#0"}}},{"from":[4,-4.5,1],"to":[4.5,-2,3.5],"faces":{"north":{"uv":[3.875,3.875,4,4.5],"texture":"#0"},"east":{"uv":[3.875,3.875,4.5,4.5],"texture":"#0"},"south":{"uv":[3.875,3.875,4,4.5],"texture":"#0"},"west":{"uv":[3.875,3.875,4.5,4.5],"texture":"#0"},"up":{"uv":[3.875,3.875,4.5,4],"rotation":90,"texture":"#0"},"down":{"uv":[3.875,3.875,4.5,4],"rotation":90,"texture":"#0"}}},{"from":[4,-4.5,4],"to":[4.5,-2,6.5],"faces":{"north":{"uv":[3.875,3.875,4,4.5],"texture":"#0"},"east":{"uv":[3.875,3.875,4.5,4.5],"texture":"#0"},"south":{"uv":[3.875,3.875,4,4.5],"texture":"#0"},"west":{"uv":[3.875,3.875,4.5,4.5],"texture":"#0"},"up":{"uv":[3.875,3.875,4.5,4],"rotation":90,"texture":"#0"},"down":{"uv":[3.875,3.875,4.5,4],"rotation":90,"texture":"#0"}}},{"from":[11.5,-4.5,1],"to":[12,-2,3.5],"rotation":{"angle":0,"axis":"y","origin":[16,0,0]},"faces":{"north":{"uv":[4,3.875,3.875,4.5],"texture":"#0"},"east":{"uv":[4.5,3.875,3.875,4.5],"texture":"#0"},"south":{"uv":[4,3.875,3.875,4.5],"texture":"#0"},"west":{"uv":[4.5,3.875,3.875,4.5],"texture":"#0"},"up":{"uv":[3.875,4,4.5,3.875],"rotation":90,"texture":"#0"},"down":{"uv":[3.875,4,4.5,3.875],"rotation":90,"texture":"#0"}}},{"from":[11.5,-4.5,4],"to":[12,-2,6.5],"rotation":{"angle":0,"axis":"y","origin":[16,0,0]},"faces":{"north":{"uv":[4,3.875,3.875,4.5],"texture":"#0"},"east":{"uv":[4.5,3.875,3.875,4.5],"texture":"#0"},"south":{"uv":[4,3.875,3.875,4.5],"texture":"#0"},"west":{"uv":[4.5,3.875,3.875,4.5],"texture":"#0"},"up":{"uv":[3.875,4,4.5,3.875],"rotation":90,"texture":"#0"},"down":{"uv":[3.875,4,4.5,3.875],"rotation":90,"texture":"#0"}}},{"from":[12.5,-4.5,8],"to":[13.5,-0.5,12],"rotation":{"angle":0,"axis":"y","origin":[16,0,0]},"faces":{"north":{"uv":[3.625,2.75,3.5,3.75],"texture":"#0"},"east":{"uv":[4.5,2.75,3.5,3.75],"texture":"#0"},"south":{"uv":[3.625,2.75,3.5,3.75],"texture":"#0"},"west":{"uv":[4.5,2.75,3.5,3.75],"texture":"#0"},"up":{"uv":[3.5,2.875,4.5,2.75],"rotation":90,"texture":"#0"},"down":{"uv":[3.5,2.875,4.5,2.75],"rotation":90,"texture":"#0"}}},{"from":[12.5,-4.5,13],"to":[13.5,-0.5,17],"rotation":{"angle":0,"axis":"y","origin":[16,0,0]},"faces":{"north":{"uv":[3.625,2.75,3.5,3.75],"texture":"#0"},"east":{"uv":[4.5,2.75,3.5,3.75],"texture":"#0"},"south":{"uv":[3.625,2.75,3.5,3.75],"texture":"#0"},"west":{"uv":[4.5,2.75,3.5,3.75],"texture":"#0"},"up":{"uv":[3.5,2.875,4.5,2.75],"rotation":90,"texture":"#0"},"down":{"uv":[3.5,2.875,4.5,2.75],"rotation":90,"texture":"#0"}}},{"from":[3.5,-5,0],"to":[12.5,0,0],"rotation":{"angle":22.5,"axis":"x","origin":[8,0,0]},"faces":{"north":{"uv":[4.5,3.25,6.75,4.5],"texture":"#0"},"south":{"uv":[4.5,3.25,6.75,4.5],"texture":"#0"}}},{"from":[2.5,11.5,7.5],"to":[13.5,12.5,18.5],"faces":{"north":{"uv":[7.125,0.25,9.875,0.5],"texture":"#0"},"east":{"uv":[7.125,0.25,9.875,0.5],"texture":"#0"},"south":{"uv":[7.125,0.25,9.875,0.5],"texture":"#0"},"west":{"uv":[7.125,0.25,9.875,0.5],"texture":"#0"},"up":{"uv":[7.125,3.375,9.875,6.125],"rotation":90,"texture":"#0"},"down":{"uv":[10,3.375,12.75,6.125],"texture":"#0"}}},{"from":[2.425,11.475,16.5],"to":[3.425,13.975,19],"faces":{"north":{"uv":[4.625,2.5,4.75,3.125],"texture":"#0"},"east":{"uv":[5.25,2.5,4.625,3.125],"texture":"#0"},"south":{"uv":[5.125,2.5,5.25,3.125],"texture":"#0"},"west":{"uv":[4.625,2.5,5.25,3.125],"texture":"#0"},"up":{"uv":[4.625,2.5,5.25,2.625],"rotation":90,"texture":"#0"},"down":{"uv":[4.625,3,5.25,3.125],"rotation":90,"texture":"#0"}}},{"from":[12.575,11.475,16.5],"to":[13.575,13.975,19],"rotation":{"angle":0,"axis":"y","origin":[16,0,0]},"faces":{"north":{"uv":[4.75,2.5,4.625,3.125],"texture":"#0"},"east":{"uv":[5.25,2.5,4.625,3.125],"texture":"#0"},"south":{"uv":[5.25,2.5,5.125,3.125],"texture":"#0"},"west":{"uv":[4.625,2.5,5.25,3.125],"texture":"#0"},"up":{"uv":[4.625,2.625,5.25,2.5],"rotation":90,"texture":"#0"},"down":{"uv":[4.625,3.125,5.25,3],"rotation":90,"texture":"#0"}}},{"from":[7.25,6,2],"to":[8.75,9.5,3.5],"faces":{"north":{"uv":[1.625,3.625,2,4.5],"texture":"#0"},"east":{"uv":[1.625,3.625,2,4.5],"texture":"#0"},"south":{"uv":[1.625,3.625,2,4.5],"texture":"#0"},"west":{"uv":[1.625,3.625,2,4.5],"texture":"#0"}}},{"from":[6.25,9.5,1],"to":[9.75,10.5,4.5],"faces":{"north":{"uv":[2.125,4.25,3,4.5],"texture":"#0"},"east":{"uv":[2.125,4.25,3,4.5],"texture":"#0"},"south":{"uv":[2.125,4.25,3,4.5],"texture":"#0"},"west":{"uv":[2.125,4.25,3,4.5],"texture":"#0"},"up":{"uv":[2.125,3.5,3,4.375],"texture":"#0"},"down":{"uv":[2.25,3.625,2.75,4],"texture":"#0"}}},{"from":[7,6,1],"to":[9,8,2],"faces":{"north":{"uv":[1.625,3,2.125,3.5],"texture":"#0"},"east":{"uv":[2.5,3,2.25,3.5],"texture":"#0"},"south":{"uv":[4.125,1.375,4.625,1.875],"texture":"#0"},"west":{"uv":[2.25,3,2.5,3.5],"texture":"#0"},"up":{"uv":[2.25,3,2.5,3.5],"rotation":90,"texture":"#0"},"down":{"uv":[2.5,3.5,2.25,3],"rotation":90,"texture":"#0"}}},{"from":[7.25,6,4.5],"to":[8.25,8.5,5.5],"faces":{"north":{"uv":[3.375,3.875,3.625,4.5],"texture":"#0"},"east":{"uv":[3.375,3.875,3.625,4.5],"texture":"#0"},"south":{"uv":[3.375,3.875,3.625,4.5],"texture":"#0"},"west":{"uv":[3.375,3.875,3.625,4.5],"texture":"#0"},"up":{"uv":[3.375,3.875,3.5,4],"texture":"#0"}}},{"from":[7.25,6,4.5],"to":[8.25,8.5,5.5],"faces":{"north":{"uv":[3.125,3.875,3.375,4.5],"texture":"#0","tintindex":1},"east":{"uv":[3.125,3.875,3.375,4.5],"texture":"#0","tintindex":1},"south":{"uv":[3.125,3.875,3.375,4.5],"texture":"#0","tintindex":1},"west":{"uv":[3.125,3.875,3.375,4.5],"texture":"#0","tintindex":1}}},{"name":"cube inverted","from":[12.5,11.5,17.5],"to":[3.5,0,8.5],"faces":{"north":{"uv":[4.75,8,7,5.125],"texture":"#0","tintindex":1},"east":{"uv":[2.25,8,4.5,5.125],"texture":"#0","tintindex":1},"south":{"uv":[4.75,8,7,5.125],"texture":"#0","tintindex":1},"west":{"uv":[4.5,8,2.25,5.125],"texture":"#0","tintindex":1}}}],"display":{"thirdperson_righthand":{"rotation":[90,0,0],"translation":[-1,-1,24.475],"scale":[2,2,2]},"thirdperson_lefthand":{"rotation":[51,55,0],"translation":[0,2.75,0.75],"scale":[0.36,0.36,0.36]},"firstperson_righthand":{"rotation":[0,100,0],"translation":[13,3.75,-10.5]},"firstperson_lefthand":{"rotation":[0,100,0],"translation":[13,3.75,-10.5]},"ground":{"translation":[0,5.25,0],"scale":[0.4,0.4,0.4]},"gui":{"rotation":[30,135,0],"translation":[-0.5,1,0],"scale":[0.55,0.55,0.55]},"head":{"translation":[0,-37,0],"scale":[3.2,3.2,3.2]},"fixed":{"rotation":[90,0,0],"translation":[0,-14,19],"scale":[4,4,4]}}}