{"credit":"Made with Blockbench","texture_size":[64,64],"textures":{"0":"custom/cosmetics/christmas/train_balloon","particle":"custom/cosmetics/christmas/train_balloon"},"elements":[{"from":[4,5,0],"to":[12,9,16],"faces":{"north":{"uv":[4.25,9.25,6.25,10.25],"texture":"#0","tintindex":0},"east":{"uv":[0,9.25,4,10.25],"texture":"#0","tintindex":0},"south":{"uv":[4.25,9.25,6.25,10.25],"texture":"#0","tintindex":0},"west":{"uv":[0,9.25,4,10.25],"texture":"#0","tintindex":0}}},{"from":[4,3,0],"to":[12,5,16],"faces":{"north":{"uv":[4.25,5.75,6.25,6.25],"texture":"#0"},"east":{"uv":[0,5.75,4,6.25],"texture":"#0"},"south":{"uv":[4.25,5.75,6.25,6.25],"texture":"#0"},"west":{"uv":[0,5.75,4,6.25],"texture":"#0"},"up":{"uv":[0,3.5,4,5.5],"rotation":90,"texture":"#0"},"down":{"uv":[0,3.5,4,5.5],"rotation":90,"texture":"#0"}}},{"from":[4,7.25,0],"to":[12,9.25,16],"faces":{"up":{"uv":[0,3.5,4,5.5],"rotation":90,"texture":"#0"},"down":{"uv":[0,3.5,4,5.5],"rotation":90,"texture":"#0"}}},{"from":[3,0,10],"to":[4,5,15],"faces":{"north":{"uv":[4.25,3.5,4.5,4.75],"texture":"#0"},"east":{"uv":[4.25,3.5,5.5,4.75],"texture":"#0"},"south":{"uv":[4.25,3.5,4.5,4.75],"texture":"#0"},"west":{"uv":[4.25,3.5,5.5,4.75],"texture":"#0"},"up":{"uv":[4.25,3.5,5.5,3.75],"rotation":90,"texture":"#0"},"down":{"uv":[4.25,4.5,5.5,4.75],"rotation":90,"texture":"#0"}}},{"from":[12,0,10],"to":[13,5,15],"rotation":{"angle":0,"axis":"y","origin":[16,0,0]},"faces":{"north":{"uv":[4.5,3.5,4.25,4.75],"texture":"#0"},"east":{"uv":[5.5,3.5,4.25,4.75],"texture":"#0"},"south":{"uv":[4.5,3.5,4.25,4.75],"texture":"#0"},"west":{"uv":[5.5,3.5,4.25,4.75],"texture":"#0"},"up":{"uv":[4.25,3.75,5.5,3.5],"rotation":90,"texture":"#0"},"down":{"uv":[4.25,4.75,5.5,4.5],"rotation":90,"texture":"#0"}}},{"from":[12,0,1],"to":[13,5,6],"rotation":{"angle":0,"axis":"y","origin":[16,0,16]},"faces":{"north":{"uv":[4.25,3.5,4.5,4.75],"texture":"#0"},"east":{"uv":[4.25,3.5,5.5,4.75],"texture":"#0"},"south":{"uv":[4.25,3.5,4.5,4.75],"texture":"#0"},"west":{"uv":[4.25,3.5,5.5,4.75],"texture":"#0"},"up":{"uv":[5.5,3.75,4.25,3.5],"rotation":90,"texture":"#0"},"down":{"uv":[5.5,4.75,4.25,4.5],"rotation":90,"texture":"#0"}}},{"from":[3,0,1],"to":[4,5,6],"rotation":{"angle":0,"axis":"y","origin":[0,0,16]},"faces":{"north":{"uv":[4.5,3.5,4.25,4.75],"texture":"#0"},"east":{"uv":[5.5,3.5,4.25,4.75],"texture":"#0"},"south":{"uv":[4.5,3.5,4.25,4.75],"texture":"#0"},"west":{"uv":[5.5,3.5,4.25,4.75],"texture":"#0"},"up":{"uv":[5.5,3.5,4.25,3.75],"rotation":90,"texture":"#0"},"down":{"uv":[5.5,4.5,4.25,4.75],"rotation":90,"texture":"#0"}}},{"from":[4,5,0],"to":[12,9,16],"faces":{"north":{"uv":[12.25,9.25,14.25,10.25],"texture":"#0"},"east":{"uv":[8,9.25,12,10.25],"texture":"#0"},"south":{"uv":[12.25,9.25,14.25,10.25],"texture":"#0"},"west":{"uv":[8,9.25,12,10.25],"texture":"#0"}}},{"from":[3,9,-1],"to":[13,11,17],"faces":{"north":{"uv":[0,2.75,2.5,3.25],"texture":"#0"},"east":{"uv":[2.75,2.75,7.25,3.25],"texture":"#0"},"south":{"uv":[0,2.75,2.5,3.25],"texture":"#0"},"west":{"uv":[2.75,2.75,7.25,3.25],"texture":"#0"},"up":{"uv":[7.5,0,12,2.5],"rotation":90,"texture":"#0"},"down":{"uv":[7.5,0,12,2.5],"rotation":90,"texture":"#0"}}},{"from":[6,4,-5],"to":[10,4,0],"rotation":{"angle":0,"axis":"y","origin":[16,0,16]},"faces":{"north":{"uv":[0,0,1,0],"texture":"#missing"},"east":{"uv":[0,0,1.25,0],"texture":"#missing"},"south":{"uv":[0,0,1,0],"texture":"#missing"},"west":{"uv":[0,0,1.25,0],"texture":"#missing"},"up":{"uv":[5.5,5.75,4.25,4.75],"rotation":90,"texture":"#0"},"down":{"uv":[4.25,5.75,5.5,4.75],"rotation":90,"texture":"#0"}}},{"name":"cube inverted","from":[12,9,16],"to":[4,5,0],"faces":{"north":{"uv":[12.25,10.25,14.25,9.25],"texture":"#0"},"east":{"uv":[8,10.25,12,9.25],"texture":"#0"},"south":{"uv":[12.25,10.25,14.25,9.25],"texture":"#0"},"west":{"uv":[8,10.25,12,9.25],"texture":"#0"}}},{"name":"cube inverted","from":[13,11,17],"to":[3,9,-1],"faces":{"north":{"uv":[0,3.25,2.5,2.75],"texture":"#0"},"east":{"uv":[2.75,3.25,7.25,2.75],"texture":"#0"},"south":{"uv":[0,3.25,2.5,2.75],"texture":"#0"},"west":{"uv":[2.75,3.25,7.25,2.75],"texture":"#0"},"up":{"uv":[7.5,2.5,12,0],"rotation":90,"texture":"#0"},"down":{"uv":[7.5,2.5,12,0],"rotation":90,"texture":"#0"}}},{"name":"cube inverted","from":[12,9,16],"to":[4,5,0],"faces":{"north":{"uv":[4.25,10.25,6.25,9.25],"texture":"#0","tintindex":0},"east":{"uv":[0,10.25,4,9.25],"texture":"#0","tintindex":0},"south":{"uv":[4.25,10.25,6.25,9.25],"texture":"#0","tintindex":0},"west":{"uv":[0,10.25,4,9.25],"texture":"#0","tintindex":0}}},{"from":[8,10,1],"to":[11,13,4],"faces":{"north":{"uv":[8,4,8.75,4.75],"texture":"#0"},"east":{"uv":[8,4,8.75,4.75],"texture":"#0"},"south":{"uv":[8,4,8.75,4.75],"texture":"#0"},"west":{"uv":[8,4,8.75,4.75],"texture":"#0"},"up":{"uv":[9,4,9.75,4.75],"texture":"#0"},"down":{"uv":[9,4,9.75,4.75],"texture":"#0"}}},{"from":[8,10,8.5],"to":[11,13,11.5],"faces":{"north":{"uv":[8,4,8.75,4.75],"texture":"#0"},"east":{"uv":[8,4,8.75,4.75],"texture":"#0"},"south":{"uv":[8,4,8.75,4.75],"texture":"#0"},"west":{"uv":[8,4,8.75,4.75],"texture":"#0"},"up":{"uv":[9,4,9.75,4.75],"texture":"#0"},"down":{"uv":[9,4,9.75,4.75],"texture":"#0"}}},{"from":[7,13,6.5],"to":[10,16,9.5],"faces":{"north":{"uv":[8,6,8.75,6.75],"texture":"#0"},"east":{"uv":[8,6,8.75,6.75],"texture":"#0"},"south":{"uv":[8,6,8.75,6.75],"texture":"#0"},"west":{"uv":[8,6,8.75,6.75],"texture":"#0"},"up":{"uv":[9,6,9.75,6.75],"texture":"#0"},"down":{"uv":[9,6,9.75,6.75],"texture":"#0"}}},{"from":[5,10,12],"to":[8,13,15],"faces":{"north":{"uv":[8,5,8.75,5.75],"texture":"#0"},"east":{"uv":[8,5,8.75,5.75],"texture":"#0"},"south":{"uv":[8,5,8.75,5.75],"texture":"#0"},"west":{"uv":[8,5,8.75,5.75],"texture":"#0"},"up":{"uv":[9,5,9.75,5.75],"texture":"#0"},"down":{"uv":[9,5,9.75,5.75],"texture":"#0"}}},{"from":[5,10,5],"to":[8,13,8],"faces":{"north":{"uv":[8,7,8.75,7.75],"texture":"#0"},"east":{"uv":[8,7,8.75,7.75],"texture":"#0"},"south":{"uv":[8,7,8.75,7.75],"texture":"#0"},"west":{"uv":[8,7,8.75,7.75],"texture":"#0"},"up":{"uv":[9,7,9.75,7.75],"texture":"#0"},"down":{"uv":[9,7,9.75,7.75],"texture":"#0"}}},{"from":[2,10,10],"to":[5,15,10],"rotation":{"angle":22.5,"axis":"z","origin":[4.5,12.5,10]},"faces":{"north":{"uv":[10,5.5,10.75,6.75],"texture":"#0"},"south":{"uv":[10.75,5.5,10,6.75],"texture":"#0"}}},{"from":[11,10,5],"to":[14,15,5],"rotation":{"angle":-22.5,"axis":"z","origin":[11.5,12.5,10]},"faces":{"north":{"uv":[10.75,5.5,10,6.75],"texture":"#0"},"south":{"uv":[10,5.5,10.75,6.75],"texture":"#0"}}}],"display":{"head":{"translation":[0,3,24.75],"scale":[2.2857,2.2857,2.2857]}}}