{"credit":"Made with Blockbench","texture_size":[64,64],"textures":{"0":"custom/cosmetics/christmas/train_balloon","1":"custom/cosmetics/christmas/train_balloon_pipe","particle":"custom/cosmetics/christmas/train_balloon"},"elements":[{"from":[4,5,7],"to":[12,14,15],"faces":{"north":{"uv":[6,8,8,10.25],"texture":"#0","tintindex":0},"east":{"uv":[6,8,8,10.25],"texture":"#0","tintindex":0},"south":{"uv":[6,8,8,10.25],"texture":"#0","tintindex":0},"west":{"uv":[6,8,8,10.25],"texture":"#0","tintindex":0}}},{"from":[3,14,6],"to":[13,16,16],"faces":{"north":{"uv":[0,2.75,2.5,3.25],"texture":"#0"},"east":{"uv":[0,2.75,2.5,3.25],"texture":"#0"},"south":{"uv":[0,2.75,2.5,3.25],"texture":"#0"},"west":{"uv":[0,2.75,2.5,3.25],"texture":"#0"},"up":{"uv":[0,0,2.5,2.5],"rotation":90,"texture":"#0"},"down":{"uv":[0.25,2,0.5,2.25],"rotation":90,"texture":"#0"}}},{"from":[4,3,0],"to":[12,5,16],"faces":{"north":{"uv":[4.25,5.75,6.25,6.25],"texture":"#0"},"east":{"uv":[0,5.75,4,6.25],"texture":"#0"},"south":{"uv":[4.25,5.75,6.25,6.25],"texture":"#0"},"west":{"uv":[0,5.75,4,6.25],"texture":"#0"},"up":{"uv":[0,3.5,4,5.5],"rotation":90,"texture":"#0"},"down":{"uv":[0,3.5,4,5.5],"rotation":90,"texture":"#0"}}},{"from":[6,5,0],"to":[10,9,7],"faces":{"east":{"uv":[0,13.25,1.75,14.25],"texture":"#0","tintindex":0},"west":{"uv":[1.75,13.25,0,14.25],"texture":"#0","tintindex":0},"up":{"uv":[1.75,12,0,13],"rotation":90,"texture":"#0","tintindex":0}}},{"from":[3,0,11],"to":[4,5,16],"faces":{"north":{"uv":[4.25,3.5,4.5,4.75],"texture":"#0"},"east":{"uv":[4.25,3.5,5.5,4.75],"texture":"#0"},"south":{"uv":[4.25,3.5,4.5,4.75],"texture":"#0"},"west":{"uv":[4.25,3.5,5.5,4.75],"texture":"#0"},"up":{"uv":[4.25,3.5,5.5,3.75],"rotation":90,"texture":"#0"},"down":{"uv":[4.25,4.5,5.5,4.75],"rotation":90,"texture":"#0"}}},{"from":[3,0,5],"to":[4,5,10],"faces":{"north":{"uv":[4.25,3.5,4.5,4.75],"texture":"#0"},"east":{"uv":[4.25,3.5,5.5,4.75],"texture":"#0"},"south":{"uv":[4.25,3.5,4.5,4.75],"texture":"#0"},"west":{"uv":[4.25,3.5,5.5,4.75],"texture":"#0"},"up":{"uv":[4.25,3.5,5.5,3.75],"rotation":90,"texture":"#0"},"down":{"uv":[4.25,4.5,5.5,4.75],"rotation":90,"texture":"#0"}}},{"from":[12,0,5],"to":[13,5,10],"rotation":{"angle":0,"axis":"y","origin":[16,0,0]},"faces":{"north":{"uv":[4.5,3.5,4.25,4.75],"texture":"#0"},"east":{"uv":[5.5,3.5,4.25,4.75],"texture":"#0"},"south":{"uv":[4.5,3.5,4.25,4.75],"texture":"#0"},"west":{"uv":[5.5,3.5,4.25,4.75],"texture":"#0"},"up":{"uv":[4.25,3.75,5.5,3.5],"rotation":90,"texture":"#0"},"down":{"uv":[4.25,4.75,5.5,4.5],"rotation":90,"texture":"#0"}}},{"from":[12,0,11],"to":[13,5,16],"rotation":{"angle":0,"axis":"y","origin":[16,0,0]},"faces":{"north":{"uv":[4.5,3.5,4.25,4.75],"texture":"#0"},"east":{"uv":[5.5,3.5,4.25,4.75],"texture":"#0"},"south":{"uv":[4.5,3.5,4.25,4.75],"texture":"#0"},"west":{"uv":[5.5,3.5,4.25,4.75],"texture":"#0"},"up":{"uv":[4.25,3.75,5.5,3.5],"rotation":90,"texture":"#0"},"down":{"uv":[4.25,4.75,5.5,4.5],"rotation":90,"texture":"#0"}}},{"from":[4,0,0],"to":[5,3,3],"faces":{"north":{"uv":[6.25,4,6.5,4.75],"texture":"#0"},"east":{"uv":[5.75,4,6.5,4.75],"texture":"#0"},"south":{"uv":[6.5,4.75,5.75,4.5],"rotation":90,"texture":"#0"},"west":{"uv":[6.5,4,5.75,4.75],"texture":"#0"},"down":{"uv":[5.75,4.5,6.5,4.75],"rotation":90,"texture":"#0"}}},{"from":[11,0,0],"to":[12,3,3],"faces":{"north":{"uv":[6.25,4,6.5,4.75],"texture":"#0"},"east":{"uv":[5.75,4,6.5,4.75],"texture":"#0"},"south":{"uv":[6.5,4.75,5.75,4.5],"rotation":90,"texture":"#0"},"west":{"uv":[6.5,4,5.75,4.75],"texture":"#0"},"down":{"uv":[5.75,4.5,6.5,4.75],"rotation":90,"texture":"#0"}}},{"from":[7,9,2],"to":[9,14,4],"faces":{"north":{"uv":[4.25,10.25,4.75,11.5],"texture":"#0","tintindex":0},"east":{"uv":[4.25,10.25,4.75,11.5],"texture":"#0","tintindex":0},"south":{"uv":[4.25,10.25,4.75,11.5],"texture":"#0","tintindex":0},"west":{"uv":[4.25,10.25,4.75,11.5],"texture":"#0","tintindex":0},"up":{"uv":[4.25,10.25,4.75,10.5],"texture":"#0","tintindex":0}}},{"from":[4,5,7],"to":[12,14,15],"faces":{"north":{"uv":[14,8,16,10.25],"texture":"#0"},"east":{"uv":[14,8,16,10.25],"texture":"#0"},"south":{"uv":[14,8,16,10.25],"texture":"#0"},"west":{"uv":[14,8,16,10.25],"texture":"#0"}}},{"from":[6,5,0],"to":[10,9,7],"faces":{"north":{"uv":[10,12,11,13],"texture":"#0"},"east":{"uv":[8,13.25,9.75,14.25],"texture":"#0"},"west":{"uv":[9.75,13.25,8,14.25],"texture":"#0"},"up":{"uv":[9.75,12,8,13],"rotation":90,"texture":"#0"}}},{"from":[7,9,2],"to":[9,14,4],"faces":{"north":{"uv":[12.25,10.25,12.75,11.5],"texture":"#0"},"east":{"uv":[12.25,10.25,12.75,11.5],"texture":"#0"},"south":{"uv":[12.25,10.25,12.75,11.5],"texture":"#0"},"west":{"uv":[12.25,10.25,12.75,11.5],"texture":"#0"},"up":{"uv":[12.25,10.25,12.75,10.5],"texture":"#0"}}},{"from":[6,4,16],"to":[10,4,21],"faces":{"north":{"uv":[0,0,1,0],"texture":"#0"},"east":{"uv":[0,0,1.25,0],"texture":"#0"},"south":{"uv":[0,0,1,0],"texture":"#0"},"west":{"uv":[0,0,1.25,0],"texture":"#0"},"up":{"uv":[4.25,4.75,5.5,5.75],"rotation":90,"texture":"#0"},"down":{"uv":[5.5,5.75,4.25,4.75],"rotation":90,"texture":"#0"}}},{"from":[2.75,0,5],"to":[2.75,5,16],"faces":{"east":{"uv":[11,0,0,5],"texture":"#1"},"west":{"uv":[0,0,11,5],"texture":"#1"}}},{"from":[13.25,0,5],"to":[13.25,5,16],"rotation":{"angle":0,"axis":"y","origin":[16,0,0]},"faces":{"east":{"uv":[11,0,0,5],"texture":"#1"},"west":{"uv":[0,0,11,5],"texture":"#1"}}},{"name":"cube inverted","from":[12,14,15],"to":[4,5,7],"faces":{"north":{"uv":[6,10.25,8,8],"texture":"#0","tintindex":0},"east":{"uv":[6,10.25,8,8],"texture":"#0","tintindex":0},"south":{"uv":[6,10.25,8,8],"texture":"#0","tintindex":0},"west":{"uv":[6,10.25,8,8],"texture":"#0","tintindex":0}}},{"name":"cube inverted","from":[12,14,15],"to":[4,5,7],"faces":{"north":{"uv":[14,10.25,16,8],"texture":"#0"},"east":{"uv":[14,10.25,16,8],"texture":"#0"},"south":{"uv":[14,10.25,16,8],"texture":"#0"},"west":{"uv":[14,10.25,16,8],"texture":"#0"}}}],"display":{"gui":{"rotation":[30,135,0],"translation":[-0.5,-0.25,0],"scale":[0.65,0.65,0.65]},"head":{"translation":[0,3,-25],"scale":[2.2857,2.2857,2.2857]}}}