{"credit":"Made with Blockbench","texture_size":[64,64],"textures":{"0":"custom/furniture/christmas/toy_train_engine","particle":"custom/furniture/christmas/toy_train_engine"},"elements":[{"from":[3.5,-2,1],"to":[12.5,0,16],"faces":{"north":{"uv":[0,4.625,2.25,5.125],"texture":"#0"},"east":{"uv":[0.375,13.125,4,13.625],"texture":"#0"},"south":{"uv":[0,4.625,2.25,5.125],"texture":"#0"},"west":{"uv":[0.375,13.125,4,13.625],"texture":"#0"},"up":{"uv":[0.375,13.75,4,16],"rotation":90,"texture":"#0"},"down":{"uv":[0.375,13.75,4,16],"rotation":90,"texture":"#0"}}},{"from":[2.5,-4.5,1.5],"to":[3.5,-0.5,5.5],"rotation":{"angle":0,"axis":"y","origin":[0,0,16]},"faces":{"north":{"uv":[3.625,2.75,3.5,3.75],"texture":"#0"},"east":{"uv":[4.5,2.75,3.5,3.75],"texture":"#0"},"south":{"uv":[3.625,2.75,3.5,3.75],"texture":"#0"},"west":{"uv":[4.5,2.75,3.5,3.75],"texture":"#0"},"up":{"uv":[4.5,2.75,3.5,2.875],"rotation":90,"texture":"#0"},"down":{"uv":[4.5,2.75,3.5,2.875],"rotation":90,"texture":"#0"}}},{"from":[2.5,-4.5,11.5],"to":[3.5,-0.5,15.5],"faces":{"north":{"uv":[3.5,2.75,3.625,3.75],"texture":"#0"},"east":{"uv":[3.5,2.75,4.5,3.75],"texture":"#0"},"south":{"uv":[3.5,2.75,3.625,3.75],"texture":"#0"},"west":{"uv":[3.5,2.75,4.5,3.75],"texture":"#0"},"up":{"uv":[3.5,2.75,4.5,2.875],"rotation":90,"texture":"#0"},"down":{"uv":[3.5,2.75,4.5,2.875],"rotation":90,"texture":"#0"}}},{"from":[12.5,-4.5,1.5],"to":[13.5,-0.5,5.5],"rotation":{"angle":0,"axis":"y","origin":[16,0,16]},"faces":{"north":{"uv":[3.5,2.75,3.625,3.75],"texture":"#0"},"east":{"uv":[3.5,2.75,4.5,3.75],"texture":"#0"},"south":{"uv":[3.5,2.75,3.625,3.75],"texture":"#0"},"west":{"uv":[3.5,2.75,4.5,3.75],"texture":"#0"},"up":{"uv":[4.5,2.875,3.5,2.75],"rotation":90,"texture":"#0"},"down":{"uv":[4.5,2.875,3.5,2.75],"rotation":90,"texture":"#0"}}},{"from":[12.5,-4.5,11.5],"to":[13.5,-0.5,15.5],"rotation":{"angle":0,"axis":"y","origin":[16,0,0]},"faces":{"north":{"uv":[3.625,2.75,3.5,3.75],"texture":"#0"},"east":{"uv":[4.5,2.75,3.5,3.75],"texture":"#0"},"south":{"uv":[3.625,2.75,3.5,3.75],"texture":"#0"},"west":{"uv":[4.5,2.75,3.5,3.75],"texture":"#0"},"up":{"uv":[3.5,2.875,4.5,2.75],"rotation":90,"texture":"#0"},"down":{"uv":[3.5,2.875,4.5,2.75],"rotation":90,"texture":"#0"}}},{"from":[3.5,0,1],"to":[12.5,6,16],"faces":{"north":{"uv":[5.125,8.25,7.375,9.75],"texture":"#0","tintindex":1},"east":{"uv":[7.75,14.5,4.125,16],"texture":"#0","tintindex":1},"south":{"uv":[5.125,8.25,7.375,9.75],"texture":"#0","tintindex":1},"west":{"uv":[4.125,14.5,7.75,16],"texture":"#0","tintindex":1}}},{"from":[3.5,0,1],"to":[12.5,6,16],"faces":{"north":{"uv":[12.125,8.25,14.375,9.75],"texture":"#0"},"east":{"uv":[11.5,14.5,7.875,16],"texture":"#0"},"south":{"uv":[12.125,8.25,14.375,9.75],"texture":"#0"},"west":{"uv":[7.875,14.5,11.5,16],"texture":"#0"}}},{"name":"cube inverted","from":[12.5,6,16],"to":[3.5,0,1],"faces":{"north":{"uv":[5.125,9.75,7.375,8.25],"texture":"#0","tintindex":1},"east":{"uv":[4.125,16,7.75,14.5],"texture":"#0","tintindex":1},"south":{"uv":[5.125,9.75,7.375,8.25],"texture":"#0","tintindex":1},"west":{"uv":[7.75,16,4.125,14.5],"texture":"#0","tintindex":1}}},{"name":"cube inverted","from":[12.5,6,16],"to":[3.5,0,1],"faces":{"north":{"uv":[12.125,9.75,14.375,8.25],"texture":"#0"},"east":{"uv":[7.875,16,11.5,14.5],"texture":"#0"},"south":{"uv":[12.125,9.75,14.375,8.25],"texture":"#0"},"west":{"uv":[11.5,16,7.875,14.5],"texture":"#0"}}},{"from":[2.5,5,0],"to":[13.5,6,17],"faces":{"north":{"uv":[5.375,12.75,8.125,13],"texture":"#0"},"east":{"uv":[8.25,12.75,12.5,13],"texture":"#0"},"south":{"uv":[5.375,12.75,8.125,13],"texture":"#0"},"west":{"uv":[8.25,12.75,12.5,13],"texture":"#0"},"up":{"uv":[8.25,9.875,12.5,12.625],"rotation":90,"texture":"#0"},"down":{"uv":[10,3.375,12.75,6.125],"texture":"#0"}}},{"from":[2.425,4.975,-0.5],"to":[3.425,7.475,2],"rotation":{"angle":0,"axis":"y","origin":[0,0,16]},"faces":{"north":{"uv":[5.25,2.5,5.125,3.125],"texture":"#0"},"east":{"uv":[4.625,2.5,5.25,3.125],"texture":"#0"},"south":{"uv":[4.75,2.5,4.625,3.125],"texture":"#0"},"west":{"uv":[5.25,2.5,4.625,3.125],"texture":"#0"},"up":{"uv":[5.25,2.5,4.625,2.625],"rotation":90,"texture":"#0"},"down":{"uv":[5.25,3,4.625,3.125],"rotation":90,"texture":"#0"}}},{"from":[2.425,4.975,15],"to":[3.425,7.475,17.5],"faces":{"north":{"uv":[4.625,2.5,4.75,3.125],"texture":"#0"},"east":{"uv":[5.25,2.5,4.625,3.125],"texture":"#0"},"south":{"uv":[5.125,2.5,5.25,3.125],"texture":"#0"},"west":{"uv":[4.625,2.5,5.25,3.125],"texture":"#0"},"up":{"uv":[4.625,2.5,5.25,2.625],"rotation":90,"texture":"#0"},"down":{"uv":[4.625,3,5.25,3.125],"rotation":90,"texture":"#0"}}},{"from":[12.575,4.975,15],"to":[13.575,7.475,17.5],"rotation":{"angle":0,"axis":"y","origin":[16,0,0]},"faces":{"north":{"uv":[4.75,2.5,4.625,3.125],"texture":"#0"},"east":{"uv":[5.25,2.5,4.625,3.125],"texture":"#0"},"south":{"uv":[5.25,2.5,5.125,3.125],"texture":"#0"},"west":{"uv":[4.625,2.5,5.25,3.125],"texture":"#0"},"up":{"uv":[4.625,2.625,5.25,2.5],"rotation":90,"texture":"#0"},"down":{"uv":[4.625,3.125,5.25,3],"rotation":90,"texture":"#0"}}},{"from":[12.575,4.975,-0.5],"to":[13.575,7.475,2],"rotation":{"angle":0,"axis":"y","origin":[16,0,16]},"faces":{"north":{"uv":[5.125,2.5,5.25,3.125],"texture":"#0"},"east":{"uv":[4.625,2.5,5.25,3.125],"texture":"#0"},"south":{"uv":[4.625,2.5,4.75,3.125],"texture":"#0"},"west":{"uv":[5.25,2.5,4.625,3.125],"texture":"#0"},"up":{"uv":[5.25,2.625,4.625,2.5],"rotation":90,"texture":"#0"},"down":{"uv":[5.25,3.125,4.625,3],"rotation":90,"texture":"#0"}}}],"display":{"thirdperson_righthand":{"rotation":[90,0,0],"translation":[-1,-1,24.475],"scale":[2,2,2]},"thirdperson_lefthand":{"rotation":[51,55,0],"translation":[0,2.75,0.75],"scale":[0.36,0.36,0.36]},"firstperson_righthand":{"rotation":[0,100,0],"translation":[13,3.75,-10.5]},"firstperson_lefthand":{"rotation":[0,100,0],"translation":[13,3.75,-10.5]},"ground":{"translation":[0,5.25,0],"scale":[0.4,0.4,0.4]},"gui":{"rotation":[30,135,0],"translation":[-0.5,1,0],"scale":[0.55,0.55,0.55]},"head":{"translation":[0,-37,0],"scale":[3.2,3.2,3.2]},"fixed":{"rotation":[90,0,0],"translation":[0,-14,19],"scale":[4,4,4]}}}