{"credit":"Made with Blockbench","texture_size":[32,32],"textures":{"2":"custom/cosmetics/marauder/marauder_bindings","particle":"custom/cosmetics/marauder/marauder_bindings"},"elements":[{"from":[5.5,1,5.5],"to":[10.5,6,10.5],"rotation":{"angle":0,"axis":"y","origin":[0,1,0]},"faces":{"north":{"uv":[6,0,8.5,2.5],"texture":"#2"},"east":{"uv":[6,0,8.5,2.5],"texture":"#2"},"south":{"uv":[6,0,8.5,2.5],"texture":"#2"},"west":{"uv":[6,0,8.5,2.5],"texture":"#2"}}},{"from":[4.5,-11.5,8.25],"to":[4.5,1.5,11.25],"rotation":{"angle":45,"axis":"y","origin":[5.5,1.5,8]},"faces":{"east":{"uv":[9,0,10.5,6.5],"texture":"#2"},"west":{"uv":[10.5,0,9,6.5],"texture":"#2"}}},{"from":[4,8,5],"to":[10,14,11],"rotation":{"angle":-22.5,"axis":"z","origin":[11,9,8]},"faces":{"north":{"uv":[0,3,3,6],"texture":"#2"},"east":{"uv":[6,3,9,6],"texture":"#2"},"south":{"uv":[3,3,0,6],"texture":"#2"},"west":{"uv":[3,3,6,6],"texture":"#2"},"up":{"uv":[0,0,3,3],"rotation":90,"texture":"#2"}}},{"from":[4,8,5],"to":[10,14,11],"rotation":{"angle":-22.5,"axis":"z","origin":[11,9,8]},"faces":{"north":{"uv":[0,8.5,3,11.5],"texture":"#2","tintindex":0},"south":{"uv":[3,8.5,0,11.5],"texture":"#2","tintindex":0},"west":{"uv":[3,6,6,9],"texture":"#2","tintindex":0}}},{"from":[4,9,5],"to":[10,9,11],"rotation":{"angle":-22.5,"axis":"z","origin":[11,9,8]},"faces":{"up":{"uv":[3,3,6,0],"rotation":90,"texture":"#2"},"down":{"uv":[3,0,6,3],"rotation":90,"texture":"#2"}}},{"from":[4,9,5],"to":[10,9,11],"rotation":{"angle":-22.5,"axis":"z","origin":[11,9,8]},"faces":{"up":{"uv":[0,9,3,6],"rotation":90,"texture":"#2","tintindex":0},"down":{"uv":[0,6,3,9],"rotation":90,"texture":"#2","tintindex":0}}},{"from":[4,7,5.5],"to":[10,10,10.5],"rotation":{"angle":0,"axis":"z","origin":[10,10,8]},"faces":{"north":{"uv":[11.5,9.5,8.5,11],"texture":"#2"},"south":{"uv":[8.5,9.5,11.5,11],"texture":"#2"},"west":{"uv":[6,9.5,8.5,11],"texture":"#2"},"down":{"uv":[8.5,6.5,11,9.5],"rotation":90,"texture":"#2"}}},{"name":"cube inverted","from":[10,10,10.5],"to":[4,7,5.5],"rotation":{"angle":0,"axis":"z","origin":[10,10,8]},"faces":{"north":{"uv":[8.5,11,11.5,9.5],"texture":"#2"},"east":{"uv":[6,11,8.5,9.5],"texture":"#2"},"south":{"uv":[11.5,11,8.5,9.5],"texture":"#2"},"up":{"uv":[8.5,9.5,11,6.5],"rotation":90,"texture":"#2"}}},{"name":"cube inverted","from":[10,10,10.5],"to":[4,7,5.5],"rotation":{"angle":0,"axis":"z","origin":[10,10,8]},"faces":{"up":{"uv":[0,12,2.5,9],"rotation":90,"texture":"#2","tintindex":0}}},{"name":"cube inverted","from":[10.5,6,10.5],"to":[5.5,1,5.5],"rotation":{"angle":0,"axis":"y","origin":[0,1,0]},"faces":{"north":{"uv":[6,2.5,8.5,0],"texture":"#2"},"east":{"uv":[6,2.5,8.5,0],"texture":"#2"},"south":{"uv":[6,2.5,8.5,0],"texture":"#2"},"west":{"uv":[6,2.5,8.5,0],"texture":"#2"}}},{"from":[5.98,7.07,5.98],"to":[10.02,11.11,10.02],"rotation":{"angle":0,"axis":"y","origin":[-0.08,0,-0.08]},"faces":{"north":{"uv":[10.5,0,12.5,2],"texture":"#2"},"east":{"uv":[10.5,0,12.5,2],"texture":"#2"},"south":{"uv":[10.5,0,12.5,2],"texture":"#2"},"west":{"uv":[10.5,0,12.5,2],"texture":"#2"}}}],"display":{"thirdperson_righthand":{"rotation":[90,0,0],"translation":[-1.9375,-2,8.125],"scale":[0.9375,0.9375,0.9375]},"thirdperson_lefthand":{"rotation":[90,0,0],"translation":[0,-2,8]},"firstperson_righthand":{"rotation":[129,-5,1],"translation":[9.75,-5,-0.75]},"firstperson_lefthand":{"rotation":[128,-1,-1],"translation":[9.75,-4.75,2.5],"scale":[0,0,0]},"gui":{"rotation":[11,127,30],"translation":[0,-0.25,0],"scale":[0.96,0.96,0.96]}}}