{"credit":"Made with Blockbench","texture_size":[64,64],"textures":{"2":"custom/cosmetics/marauder/marauder_augments","5":"custom/cosmetics/marauder/marauder_augments_flames","particle":"custom/cosmetics/marauder/marauder_augments"},"elements":[{"from":[3,0,4.5],"to":[13,17,9.5],"rotation":{"angle":0,"axis":"y","origin":[0,0,-1]},"faces":{"north":{"uv":[0,0,2.5,4.25],"texture":"#2"},"east":{"uv":[3.75,0,2.5,4.25],"texture":"#2"},"south":{"uv":[3.75,0,6.25,4.25],"texture":"#2"},"west":{"uv":[2.5,0,3.75,4.25],"texture":"#2"}}},{"name":"cube inverted","from":[13,17,9.5],"to":[3,0,4.5],"rotation":{"angle":0,"axis":"y","origin":[0,0,-1]},"faces":{"north":{"uv":[3.75,4.25,6.25,0],"texture":"#2"},"east":{"uv":[2.5,4.25,3.75,0],"texture":"#2"},"south":{"uv":[0,4.25,2.5,0],"texture":"#2"},"west":{"uv":[2.5,4.25,3.75,0],"texture":"#2"}}},{"from":[6.5,13.5,8.5],"to":[9.5,16.5,16.5],"rotation":{"angle":-22.5,"axis":"x","origin":[8,15,9.5]},"faces":{"east":{"uv":[2,5.25,0,6],"texture":"#2"},"south":{"uv":[2,5.25,2.75,6],"texture":"#2"},"west":{"uv":[0,6,2,5.25],"texture":"#2"},"up":{"uv":[0,5.25,2,6],"rotation":90,"texture":"#2"},"down":{"uv":[2,5.25,0,6],"rotation":90,"texture":"#2"}}},{"from":[6.5,13.5,8.5],"to":[9.5,16.5,16.5],"rotation":{"angle":-22.5,"axis":"x","origin":[8,15,9.5]},"faces":{"east":{"uv":[2,6,0,6.75],"texture":"#2","tintindex":0},"west":{"uv":[0,6,2,6.75],"texture":"#2","tintindex":0},"up":{"uv":[0,6,2,6.75],"rotation":90,"texture":"#2","tintindex":0},"down":{"uv":[2,6,0,6.75],"rotation":90,"texture":"#2","tintindex":0}}},{"from":[8,13.5,16.5],"to":[8,16.5,26.5],"rotation":{"angle":-22.5,"axis":"x","origin":[8,15,9.5]},"faces":{"east":{"uv":[6.5,4.25,4,5],"texture":"#5","tintindex":0},"west":{"uv":[4,4.25,6.5,5],"texture":"#5","tintindex":0}}},{"from":[6.5,15,16.5],"to":[9.5,15,26.5],"rotation":{"angle":-22.5,"axis":"x","origin":[8,15,9.5]},"faces":{"up":{"uv":[6.5,4.25,4,5],"rotation":270,"texture":"#5","tintindex":0},"down":{"uv":[4,4.25,6.5,5],"rotation":270,"texture":"#5","tintindex":0}}},{"from":[6.5,3.5,8.5],"to":[9.5,6.5,16.5],"rotation":{"angle":22.5,"axis":"x","origin":[8,5,9.5]},"faces":{"east":{"uv":[2,5.25,0,6],"texture":"#2"},"south":{"uv":[2,5.25,2.75,6],"texture":"#2"},"west":{"uv":[0,6,2,5.25],"texture":"#2"},"up":{"uv":[0,5.25,2,6],"rotation":90,"texture":"#2"},"down":{"uv":[2,5.25,0,6],"rotation":90,"texture":"#2"}}},{"from":[6.5,3.5,8.5],"to":[9.5,6.5,16.5],"rotation":{"angle":22.5,"axis":"x","origin":[8,5,9.5]},"faces":{"east":{"uv":[2,6,0,6.75],"texture":"#2","tintindex":0},"west":{"uv":[0,6,2,6.75],"texture":"#2","tintindex":0},"up":{"uv":[0,6,2,6.75],"rotation":90,"texture":"#2","tintindex":0},"down":{"uv":[2,6,0,6.75],"rotation":90,"texture":"#2","tintindex":0}}},{"from":[8,3.5,16.5],"to":[8,6.5,26.5],"rotation":{"angle":22.5,"axis":"x","origin":[8,5,9.5]},"faces":{"east":{"uv":[6.5,6.5,4,7.25],"texture":"#5","tintindex":0},"west":{"uv":[4,6.5,6.5,7.25],"texture":"#5","tintindex":0}}},{"from":[6.5,5,16.5],"to":[9.5,5,26.5],"rotation":{"angle":22.5,"axis":"x","origin":[8,5,9.5]},"faces":{"up":{"uv":[6.5,4.25,4,5],"rotation":270,"texture":"#5","tintindex":0},"down":{"uv":[4,4.25,6.5,5],"rotation":270,"texture":"#5","tintindex":0}}},{"from":[6,8,9.5],"to":[10,12,19.5],"rotation":{"angle":0,"axis":"y","origin":[0,0,-1]},"faces":{"east":{"uv":[2.5,4.25,0,5.25],"texture":"#2"},"south":{"uv":[2.5,4.25,3.5,5.25],"texture":"#2"},"west":{"uv":[0,4.25,2.5,5.25],"texture":"#2"},"up":{"uv":[0,4.25,2.5,5.25],"rotation":90,"texture":"#2"},"down":{"uv":[2.5,4.25,0,5.25],"rotation":90,"texture":"#2"}}},{"from":[6,8,9.5],"to":[10,12,19.5],"rotation":{"angle":0,"axis":"y","origin":[0,0,-1]},"faces":{"east":{"uv":[2.5,6.75,0,7.75],"texture":"#2","tintindex":0},"west":{"uv":[0,6.75,2.5,7.75],"texture":"#2","tintindex":0},"up":{"uv":[0,6.75,2.5,7.75],"rotation":90,"texture":"#2","tintindex":0},"down":{"uv":[2.5,6.75,0,7.75],"rotation":90,"texture":"#2","tintindex":0}}},{"from":[8,8,19.5],"to":[8,12,31.5],"rotation":{"angle":0,"axis":"y","origin":[8,10,19.5]},"faces":{"east":{"uv":[7,5.25,4,6.25],"texture":"#5","tintindex":0},"west":{"uv":[4,5.25,7,6.25],"texture":"#5","tintindex":0}}},{"from":[6,10,19.5],"to":[10,10,31.5],"rotation":{"angle":0,"axis":"z","origin":[8,10,19.5]},"faces":{"up":{"uv":[7,5.25,4,6.25],"rotation":270,"texture":"#5","tintindex":0},"down":{"uv":[4,5.25,7,6.25],"rotation":270,"texture":"#5","tintindex":0}}}],"display":{"thirdperson_righthand":{"rotation":[90,0,0],"translation":[-1,-2.625,13.5375]},"thirdperson_lefthand":{"rotation":[84,0,0],"translation":[-1,-5.75,17.2875],"scale":[1.00625,1.00625,1.00625]},"gui":{"rotation":[28.95,39.98,1.12],"translation":[-2,0.5,0],"scale":[0.7,0.7,0.7]},"head":{"translation":[0,-54.5,1],"scale":[1.6,1.6,1.6]}},"groups":[0,1,{"name":"group","origin":[0,0,0],"color":0,"children":[2,3,4,5]},{"name":"group","origin":[0,0,0],"color":0,"children":[6,7,8,9]},{"name":"group","origin":[0,0,-1],"color":0,"children":[10,11,12,13]}]}