{"credit":"Made with Blockbench","texture_size":[64,64],"textures":{"0":"custom/cosmetics/marauder/marauder_helmet","particle":"custom/cosmetics/marauder/marauder_helmet"},"elements":[{"from":[2,10,2],"to":[14,17,14],"rotation":{"angle":22.5,"axis":"x","origin":[0,8,9]},"faces":{"north":{"uv":[3,3,6,4.75],"texture":"#0"},"east":{"uv":[0,3,3,4.75],"texture":"#0"},"south":{"uv":[6,3,9,4.75],"texture":"#0"},"west":{"uv":[0,3,3,4.75],"texture":"#0"},"up":{"uv":[3,0,6,3],"rotation":180,"texture":"#0"},"down":{"uv":[0,0,3,3],"texture":"#0"}}},{"from":[2,10,2],"to":[14,17,14],"rotation":{"angle":22.5,"axis":"x","origin":[0,8,9]},"faces":{"north":{"uv":[0,4.75,3,6.5],"texture":"#0","tintindex":0}}},{"from":[4,8,2],"to":[12,12,2],"rotation":{"angle":22.5,"axis":"x","origin":[0,8,9]},"faces":{"north":{"uv":[3.5,4.25,5.5,5.25],"texture":"#0"},"east":{"uv":[0,0,0,1],"texture":"#0"},"south":{"uv":[3.5,4.25,5.5,5.25],"texture":"#0"},"west":{"uv":[0,0,0,1],"texture":"#0"},"up":{"uv":[0,0,2,0],"texture":"#0"},"down":{"uv":[0,0,2,0],"texture":"#0"}}},{"from":[6,12,1],"to":[10,20,15],"rotation":{"angle":22.5,"axis":"x","origin":[0,8,9]},"faces":{"north":{"uv":[6,1,7,3],"texture":"#0","tintindex":0},"east":{"uv":[7,1,10.5,3],"texture":"#0","tintindex":0},"south":{"uv":[6,1,7,3],"texture":"#0","tintindex":0},"west":{"uv":[7,1,10.5,3],"texture":"#0","tintindex":0},"up":{"uv":[7,0,10.5,1],"rotation":90,"texture":"#0","tintindex":0},"down":{"uv":[6,2.75,7,3],"texture":"#0","tintindex":0}}},{"from":[14,14,6.5],"to":[20,17,9.5],"rotation":{"angle":22.5,"axis":"x","origin":[0,8,9]},"faces":{"north":{"uv":[11.25,1,12.75,1.75],"texture":"#0","tintindex":0},"east":{"uv":[10.5,1,11.25,1.75],"texture":"#0","tintindex":0},"south":{"uv":[12.75,1,11.25,1.75],"texture":"#0","tintindex":0},"west":{"uv":[0,0,0.75,0.75],"texture":"#0","tintindex":0},"up":{"uv":[12.75,0.25,11.25,1],"texture":"#0","tintindex":0},"down":{"uv":[12.75,2.5,11.25,1.75],"texture":"#0","tintindex":0}}},{"from":[18,17,7],"to":[20,21,9],"rotation":{"angle":22.5,"axis":"x","origin":[0,8,9]},"faces":{"north":{"uv":[10.5,0,11,1],"texture":"#0","tintindex":0},"east":{"uv":[11,0,10.5,1],"texture":"#0","tintindex":0},"south":{"uv":[10.5,0,11,1],"texture":"#0","tintindex":0},"west":{"uv":[11,0,10.5,1],"texture":"#0","tintindex":0},"up":{"uv":[10.5,0,11,0.25],"texture":"#0","tintindex":0},"down":{"uv":[10.5,0.75,11,1],"texture":"#0","tintindex":0}}},{"from":[-4,17,7],"to":[-2,21,9],"rotation":{"angle":22.5,"axis":"x","origin":[16,8,9]},"faces":{"north":{"uv":[11,0,10.5,1],"texture":"#0","tintindex":0},"east":{"uv":[10.5,0,11,1],"texture":"#0","tintindex":0},"south":{"uv":[11,0,10.5,1],"texture":"#0","tintindex":0},"west":{"uv":[10.5,0,11,1],"texture":"#0","tintindex":0},"up":{"uv":[11,0,10.5,0.25],"texture":"#0","tintindex":0},"down":{"uv":[11,0.75,10.5,1],"texture":"#0","tintindex":0}}},{"from":[-4,14,6.5],"to":[2,17,9.5],"rotation":{"angle":22.5,"axis":"x","origin":[16,8,9]},"faces":{"north":{"uv":[12.75,1,11.25,1.75],"texture":"#0","tintindex":0},"east":{"uv":[0.75,0,0,0.75],"texture":"#0","tintindex":0},"south":{"uv":[11.25,1,12.75,1.75],"texture":"#0","tintindex":0},"west":{"uv":[11.25,1,10.5,1.75],"texture":"#0","tintindex":0},"up":{"uv":[11.25,0.25,12.75,1],"texture":"#0","tintindex":0},"down":{"uv":[11.25,2.5,12.75,1.75],"texture":"#0","tintindex":0}}},{"from":[3,3,3],"to":[13,8,14],"rotation":{"angle":0,"axis":"y","origin":[9,-1,8]},"faces":{"north":{"uv":[10.75,2.75,13.25,4],"texture":"#0"},"east":{"uv":[16,2.75,13.25,4],"texture":"#0"},"south":{"uv":[16,2.75,15.75,4],"texture":"#0"},"west":{"uv":[13.25,2.75,16,4],"texture":"#0"}}},{"from":[1,0.5,3],"to":[15,4.5,17],"rotation":{"angle":-22.5,"axis":"x","origin":[9,-1,8]},"faces":{"north":{"uv":[9,7.5,12.5,8.5],"texture":"#0"},"east":{"uv":[12.5,7.5,16,8.5],"texture":"#0"},"south":{"uv":[9,7.5,12.5,8.5],"texture":"#0"},"west":{"uv":[12.5,7.5,16,8.5],"texture":"#0"},"up":{"uv":[12.5,7.5,9,4],"texture":"#0"},"down":{"uv":[12.5,4,16,7.5],"texture":"#0"}}},{"from":[1,0.5,3],"to":[15,4.5,17],"rotation":{"angle":-22.5,"axis":"x","origin":[9,-1,8]},"faces":{"north":{"uv":[9,8.5,12.5,9.5],"texture":"#0","tintindex":0},"east":{"uv":[12.5,8.5,16,9.5],"texture":"#0","tintindex":0},"south":{"uv":[9,8.5,12.5,9.5],"texture":"#0","tintindex":0},"west":{"uv":[12.5,8.5,16,9.5],"texture":"#0","tintindex":0}}},{"name":"cube inverted","from":[13,8,14],"to":[3,3,3],"rotation":{"angle":0,"axis":"y","origin":[9,-1,8]},"faces":{"north":{"uv":[16,4,15.75,2.75],"texture":"#0"},"east":{"uv":[13.25,4,16,2.75],"texture":"#0"},"south":{"uv":[10.75,4,13.25,2.75],"texture":"#0"},"west":{"uv":[16,4,13.25,2.75],"texture":"#0"}}}],"display":{"thirdperson_righthand":{"rotation":[85,0,0],"translation":[-1,-1.375,13.75],"scale":[0.87891,0.87891,0.87891]},"thirdperson_lefthand":{"rotation":[90,0,0],"translation":[-1,-2,17.85156],"scale":[1.10156,1.10156,1.10156]},"gui":{"rotation":[-130.72,38.4,165.23],"translation":[-0.5,-1,0],"scale":[0.55,0.55,0.55]},"head":{"rotation":[-5,0,0],"translation":[0,0,-1],"scale":[1.5,1.5,1.5]}},"groups":[{"name":"group","origin":[16,0,0],"color":0,"children":[0,1,2,3,4,5,6,7]},{"name":"group","origin":[0,0,0],"color":0,"children":[8,9,10,11]}]}