{"credit":"Made with Blockbench","texture_size":[64,64],"textures":{"1":"custom/cosmetics/badger/adventurer_tent","particle":"custom/cosmetics/badger/adventurer_pack"},"elements":[{"from":[-2,1,4.5],"to":[18,9,12.5],"rotation":{"angle":0,"axis":"x","origin":[8,24,9]},"faces":{"north":{"uv":[0,0,2.5,1],"texture":"#1","tintindex":0},"east":{"uv":[1,2.25,0,3.25],"texture":"#1","tintindex":0},"south":{"uv":[0,0,2.5,1],"texture":"#1","tintindex":0},"west":{"uv":[0,2.25,1,3.25],"texture":"#1","tintindex":0},"up":{"uv":[0,1.125,2.5,2.125],"texture":"#1","tintindex":0},"down":{"uv":[0,0.875,2.5,1],"texture":"#1","tintindex":0}}},{"from":[-2.25,0.75,4.25],"to":[18.25,9.25,12.75],"rotation":{"angle":0,"axis":"x","origin":[8,24,9]},"faces":{"north":{"uv":[2.5,0,5,1],"texture":"#1"},"south":{"uv":[2.5,0,5,1],"texture":"#1"},"up":{"uv":[2.5,1.125,5,2.125],"texture":"#1"},"down":{"uv":[2.5,0.875,5,1],"texture":"#1"}}},{"name":"cube inverted","from":[18.25,9.25,12.75],"to":[-2.25,0.75,4.25],"rotation":{"angle":0,"axis":"x","origin":[8,24,9]},"faces":{"north":{"uv":[2.5,1,5,0],"texture":"#1"},"south":{"uv":[2.5,1,5,0],"texture":"#1"},"up":{"uv":[5,0.875,2.5,1],"texture":"#1"},"down":{"uv":[5,1.125,2.5,2.125],"texture":"#1"}}}],"display":{"thirdperson_righthand":{"rotation":[90,0,0],"translation":[0,-1.5,13]},"thirdperson_lefthand":{"rotation":[90,0,0],"translation":[0,-1.5,13]},"gui":{"rotation":[22,-120,0],"translation":[-0.5,-1,0],"scale":[0.37,0.37,0.37]},"head":{"translation":[0,0,-0.5],"scale":[1.6,1.6,1.6]}}}