{"credit":"Made with Blockbench","texture_size":[64,64],"textures":{"0":"custom/cosmetics/badger/adventurer_pack","particle":"custom/cosmetics/badger/adventurer_pack"},"elements":[{"from":[-1,0,5],"to":[17,20,15],"faces":{"north":{"uv":[0,0,4.5,5],"texture":"#0","tintindex":0},"east":{"uv":[7.25,0,4.75,5],"texture":"#0","tintindex":0},"south":{"uv":[7.5,0,12,5],"texture":"#0","tintindex":0},"west":{"uv":[4.75,0,7.25,5],"texture":"#0","tintindex":0},"down":{"uv":[7.5,13.5,12,16],"texture":"#0","tintindex":0}}},{"from":[-1.25,8.75,4.75],"to":[17.25,20.25,15.25],"faces":{"north":{"uv":[11.5,7.25,16,10],"texture":"#0"},"east":{"uv":[16,13.25,13.5,16],"texture":"#0"},"south":{"uv":[11.5,10.25,16,13],"texture":"#0"},"west":{"uv":[13.5,13.25,16,16],"texture":"#0"},"up":{"uv":[12,0,14.5,4.5],"rotation":90,"texture":"#0"}}},{"from":[2,0,0],"to":[14,9,5],"faces":{"north":{"uv":[0,5,3,7.25],"texture":"#0","tintindex":0},"east":{"uv":[4.5,5,3.25,7.25],"texture":"#0","tintindex":0},"south":{"uv":[0,0,3,2.25],"texture":"#missing","tintindex":0},"west":{"uv":[3.25,5,4.5,7.25],"texture":"#0","tintindex":0},"up":{"uv":[4.75,5,7.75,6.25],"rotation":180,"texture":"#0","tintindex":0},"down":{"uv":[4.5,7.25,3.25,7],"rotation":90,"texture":"#0","tintindex":0}}},{"from":[2,0,0],"to":[14,9,5],"faces":{"north":{"uv":[8,6.5,11,8.75],"texture":"#0"},"east":{"uv":[11,9,9.75,11.25],"texture":"#0"},"west":{"uv":[9.75,9,11,11.25],"texture":"#0"},"up":{"uv":[8,5,11,6.25],"rotation":180,"texture":"#0"}}},{"from":[10,-3,0],"to":[12,2,0],"rotation":{"angle":22.5,"axis":"x","origin":[8,0,0]},"faces":{"north":{"uv":[7.25,6.5,7.75,7.75],"texture":"#0"},"east":{"uv":[0,0,0,1.25],"texture":"#missing"},"south":{"uv":[7.75,6.5,7.25,7.75],"texture":"#0"},"west":{"uv":[0,0,0,1.25],"texture":"#missing"},"up":{"uv":[0,0,0.5,0],"texture":"#missing"},"down":{"uv":[0,0,0.5,0],"texture":"#missing"}}},{"from":[4,-3,0],"to":[6,2,0],"rotation":{"angle":22.5,"axis":"x","origin":[8,0,0]},"faces":{"north":{"uv":[7.75,6.5,7.25,7.75],"texture":"#0"},"east":{"uv":[0,0,0,1.25],"texture":"#missing"},"south":{"uv":[7.25,6.5,7.75,7.75],"texture":"#0"},"west":{"uv":[0,0,0,1.25],"texture":"#missing"},"up":{"uv":[0.5,0,0,0],"texture":"#missing"},"down":{"uv":[0.5,0,0,0],"texture":"#missing"}}},{"from":[7,2.60137,-2.91271],"to":[9,31.60137,-0.91271],"rotation":{"angle":-22.5,"axis":"x","origin":[8,18.67692,-5.23932]},"faces":{"north":{"uv":[16,0,15.5,7.25],"texture":"#0"},"east":{"uv":[15.5,0,16,7.25],"texture":"#0"},"south":{"uv":[16,0,15.5,7.25],"texture":"#0"},"west":{"uv":[15.5,0,16,7.25],"texture":"#0"},"up":{"uv":[15.75,0,16,0.25],"texture":"#0"},"down":{"uv":[15.75,0,16,0.25],"texture":"#0"}}},{"from":[6.75,2.35137,-3.16271],"to":[9.25,31.85137,-0.66271],"rotation":{"angle":-22.5,"axis":"x","origin":[8,18.67692,-5.23932]},"faces":{"north":{"uv":[15.5,0,15,7.25],"texture":"#0","tintindex":0},"east":{"uv":[15,0,15.5,7.25],"texture":"#0","tintindex":0},"south":{"uv":[15.5,0,15,7.25],"texture":"#0","tintindex":0},"west":{"uv":[15,0,15.5,7.25],"texture":"#0","tintindex":0}}},{"from":[8,3.02859,-12.08473],"to":[8,30.02859,-1.08473],"rotation":{"angle":22.5,"axis":"x","origin":[8,18.52859,-8.58473]},"faces":{"east":{"uv":[6.75,8.75,4,15.5],"texture":"#0","tintindex":0},"west":{"uv":[4,8.75,6.75,15.5],"texture":"#0","tintindex":0}}},{"from":[17,2,7],"to":[20,9,13],"faces":{"north":{"uv":[2,7.5,2.75,9.5],"texture":"#0","tintindex":0},"east":{"uv":[0,7.5,1.75,9.5],"texture":"#0","tintindex":0},"south":{"uv":[2.75,7.5,2,9.5],"texture":"#0","tintindex":0},"down":{"uv":[2.75,9.25,2,9.5],"texture":"#0","tintindex":0}}},{"from":[17,2,7],"to":[20,9,13],"faces":{"north":{"uv":[8.75,9,9.5,11],"texture":"#0"},"east":{"uv":[6.75,9,8.5,11],"texture":"#0"},"south":{"uv":[9.5,9,8.75,11],"texture":"#0"},"up":{"uv":[3,7.5,4.75,8.25],"rotation":270,"texture":"#0"}}},{"from":[17.0926,0.87173,8.21447],"to":[25.0926,1.87173,16.21447],"rotation":{"angle":45,"axis":"y","origin":[17.8875,-1.51577,11.68451]},"faces":{"north":{"uv":[5,6.5,7,6.75],"rotation":180,"texture":"#0"},"east":{"uv":[6.75,6.5,7,8.5],"rotation":90,"texture":"#0"},"south":{"uv":[6.75,6.5,7,8.5],"rotation":270,"texture":"#0"},"west":{"uv":[5,6.5,7,6.75],"texture":"#0"},"up":{"uv":[5,6.5,7,8.5],"texture":"#0"},"down":{"uv":[5,6.5,7,8.5],"rotation":270,"texture":"#0"}}},{"name":"cube inverted","from":[25.0926,1.87173,16.21447],"to":[17.0926,0.87173,8.21447],"rotation":{"angle":45,"axis":"y","origin":[17.8875,-1.51577,11.68451]},"faces":{"north":{"uv":[6.75,8.5,7,6.5],"rotation":90,"texture":"#0"},"east":{"uv":[5,6.75,7,6.5],"texture":"#0"},"south":{"uv":[7,6.5,5,6.75],"texture":"#0"},"west":{"uv":[7,6.5,6.75,8.5],"rotation":90,"texture":"#0"},"up":{"uv":[5,8.5,7,6.5],"rotation":270,"texture":"#0"},"down":{"uv":[7,6.5,5,8.5],"texture":"#0"}}},{"from":[20.83367,1.59673,12.31924],"to":[27.83367,1.59673,13.31924],"rotation":{"angle":22.5,"axis":"y","origin":[24.33367,1.59673,12.81924]},"faces":{"up":{"uv":[6.75,6.5,7,8.25],"rotation":270,"texture":"#0"},"down":{"uv":[6.75,6.5,7,8.25],"rotation":270,"texture":"#0"}}},{"from":[-3,-9,10],"to":[-1,9,12],"rotation":{"angle":-45,"axis":"x","origin":[-2,1.75,4]},"faces":{"north":{"uv":[6.75,11.5,7.25,16],"texture":"#0"},"east":{"uv":[7.25,11.5,6.75,16],"texture":"#0"},"south":{"uv":[6.75,11.5,7.25,16],"texture":"#0"},"west":{"uv":[7.25,11.5,6.75,16],"texture":"#0"},"up":{"uv":[6.75,11.5,7,11.75],"texture":"#0"},"down":{"uv":[6.75,15.75,7,16],"texture":"#0"}}},{"from":[-3.25,-1.25,9.75],"to":[-0.75,1.25,12.25],"rotation":{"angle":-45,"axis":"x","origin":[-2,1.75,4]},"faces":{"north":{"uv":[15.5,5.25,16,5.75],"texture":"#0"},"east":{"uv":[16,5.25,15.5,5.75],"texture":"#0"},"south":{"uv":[15.5,5.25,16,5.75],"texture":"#0"},"west":{"uv":[16,5.25,15.5,5.75],"texture":"#0"}}},{"from":[-2,3,3],"to":[-2,8,19],"rotation":{"angle":-45,"axis":"x","origin":[-2,1.75,4]},"faces":{"east":{"uv":[7.25,12,11.25,13.25],"texture":"#0"},"west":{"uv":[7.25,12,11.25,13.25],"texture":"#0"}}},{"name":"cube inverted","from":[-0.75,1.25,12.25],"to":[-3.25,-1.25,9.75],"rotation":{"angle":-45,"axis":"x","origin":[-2,1.75,4]},"faces":{"north":{"uv":[15.5,5.75,16,5.25],"texture":"#0"},"east":{"uv":[16,5.75,15.5,5.25],"texture":"#0"},"south":{"uv":[15.5,5.75,16,5.25],"texture":"#0"},"west":{"uv":[16,5.75,15.5,5.25],"texture":"#0"}}},{"from":[3,5,15],"to":[13,17,20],"rotation":{"angle":0,"axis":"y","origin":[8,12,8]},"faces":{"east":{"uv":[2.5,11,3.8125,14],"texture":"#0"},"south":{"uv":[0,11,2.5,14],"texture":"#0"},"west":{"uv":[3.8125,11,2.5,14],"texture":"#0"},"up":{"uv":[0,9.75,2.5,11],"texture":"#0"},"down":{"uv":[0,9.75,2.5,11],"texture":"#0"}}},{"name":"cube inverted","from":[13,17,20],"to":[3,5,15],"rotation":{"angle":0,"axis":"y","origin":[8,12,8]},"faces":{"north":{"uv":[0,14,2.5,11],"texture":"#0"},"east":{"uv":[3.8125,14,2.5,11],"texture":"#0"},"west":{"uv":[2.5,14,3.8125,11],"texture":"#0"},"up":{"uv":[2.5,11,0,9.75],"texture":"#0"},"down":{"uv":[2.5,9.75,0,11],"texture":"#0"}}},{"from":[17.25,9.5,5.5],"to":[17.25,13.5,9.5],"rotation":{"angle":22.5,"axis":"x","origin":[17.25,11.5,7.5]},"faces":{"east":{"uv":[1.25,14,2.25,15],"texture":"#0"},"west":{"uv":[1.25,14,2.25,15],"texture":"#0"}}},{"from":[17.25,12.5,10.5],"to":[17.25,16.5,14.5],"rotation":{"angle":-22.5,"axis":"x","origin":[17.25,14.5,12.5]},"faces":{"east":{"uv":[0,14,1,15],"texture":"#0"},"west":{"uv":[0,14,1,15],"texture":"#0"}}},{"name":"cube inverted","from":[17.25,20.25,15.25],"to":[-1.25,8.75,4.75],"faces":{"north":{"uv":[11.5,13,16,10.25],"texture":"#0"},"east":{"uv":[13.5,16,16,13.25],"texture":"#0"},"south":{"uv":[11.5,10,16,7.25],"texture":"#0"},"west":{"uv":[16,16,13.5,13.25],"texture":"#0"},"down":{"uv":[12,4.5,14.5,0],"rotation":90,"texture":"#0"}}},{"name":"cube inverted","from":[9.25,31.85137,-0.66271],"to":[6.75,2.35137,-3.16271],"rotation":{"angle":-22.5,"axis":"x","origin":[8,18.67692,-5.23932]},"faces":{"north":{"uv":[15.5,7.25,15,0],"texture":"#0","tintindex":0},"east":{"uv":[15,7.25,15.5,0],"texture":"#0","tintindex":0},"south":{"uv":[15.5,7.25,15,0],"texture":"#0","tintindex":0},"west":{"uv":[15,7.25,15.5,0],"texture":"#0","tintindex":0}}}],"display":{"thirdperson_righthand":{"rotation":[100,180,0],"translation":[-1,-10.4375,11.975],"scale":[0.99375,1,1]},"thirdperson_lefthand":{"rotation":[90,-180,0],"translation":[0.75,-4.25,8]},"gui":{"rotation":[22,-120,0],"translation":[-0.5,-1,0],"scale":[0.37,0.37,0.37]},"head":{"rotation":[10,180,0],"translation":[0,-57,13.5],"scale":[1.59,1.6,1.6]}}}