{"credit":"Made with Blockbench","texture_size":[64,64],"textures":{"0":"custom/cosmetics/badger/adventurer_hat","particle":"custom/cosmetics/badger/adventurer_hat"},"elements":[{"from":[2,0,-3],"to":[14,0,19],"rotation":{"angle":-22.5,"axis":"z","origin":[8,2.81843,5.36507]},"faces":{"up":{"uv":[0,4,3,9.5],"texture":"#0"},"down":{"uv":[0,4,3,9.5],"texture":"#0"}}},{"from":[3,0,3],"to":[13,5,13],"rotation":{"angle":-22.5,"axis":"z","origin":[8,2.81843,5.36507]},"faces":{"north":{"uv":[0,2.75,2.5,4],"texture":"#0"},"east":{"uv":[2.75,2.75,5.25,4],"texture":"#0"},"south":{"uv":[0,2.75,2.5,4],"texture":"#0"},"west":{"uv":[2.75,2.75,5.25,4],"texture":"#0"},"up":{"uv":[0,0,2.5,2.5],"texture":"#0"}}},{"from":[2.75,0,2.75],"to":[13.25,4.825,13.25],"rotation":{"angle":-22.5,"axis":"z","origin":[8,2.81843,5.36507]},"faces":{"north":{"uv":[4.75,4.5,7.25,5.75],"texture":"#0","tintindex":0},"east":{"uv":[2.75,1.25,5.25,2.5],"texture":"#0","tintindex":0},"south":{"uv":[2.75,1.25,5.25,2.5],"texture":"#0","tintindex":0},"west":{"uv":[2.75,1.25,5.25,2.5],"texture":"#0","tintindex":0}}},{"name":"cube inverted","from":[13.25,4.825,13.25],"to":[2.75,0,2.75],"rotation":{"angle":-22.5,"axis":"z","origin":[8,2.81843,5.36507]},"faces":{"north":{"uv":[2.75,2.5,5.25,1.25],"texture":"#0","tintindex":0},"east":{"uv":[2.75,2.5,5.25,1.25],"texture":"#0","tintindex":0},"south":{"uv":[2.75,2.5,5.25,1.25],"texture":"#0","tintindex":0},"west":{"uv":[2.75,2.5,5.25,1.25],"texture":"#0","tintindex":0}}},{"from":[-1.46471,-2.08156,-3],"to":[3.53529,-2.08156,19],"rotation":{"angle":-45,"axis":"z","origin":[8,2.81843,5.36507]},"faces":{"up":{"uv":[4.5,4,3.25,9.5],"texture":"#0"},"down":{"uv":[4.5,4,3.25,9.5],"texture":"#0"}}},{"from":[12.46471,-2.08156,-3],"to":[17.46471,-2.08156,19],"rotation":{"angle":0,"axis":"z","origin":[12.46471,-2.08156,8]},"faces":{"up":{"uv":[3.25,4,4.5,9.5],"texture":"#0"},"down":{"uv":[3.25,4,4.5,9.5],"texture":"#0"}}},{"from":[4.06843,5.31843,3.5],"to":[6.06843,5.31843,5.5],"rotation":{"angle":-22.5,"axis":"z","origin":[8,2.81843,5.36507]},"faces":{"up":{"uv":[2.75,0.25,3.25,0.75],"rotation":270,"texture":"#0","tintindex":0},"down":{"uv":[2.75,0.25,3.25,0.75],"rotation":90,"texture":"#0","tintindex":0}}},{"from":[6.06843,5.31843,6.5],"to":[8.06843,5.31843,8.5],"rotation":{"angle":-22.5,"axis":"z","origin":[8,2.81843,5.36507]},"faces":{"up":{"uv":[2.75,0.25,3.25,0.75],"rotation":270,"texture":"#0","tintindex":0},"down":{"uv":[2.75,0.25,3.25,0.75],"rotation":90,"texture":"#0","tintindex":0}}},{"name":"cube inverted","from":[13,5,13],"to":[3,0,3],"rotation":{"angle":-22.5,"axis":"z","origin":[8,2.81843,5.36507]},"faces":{"north":{"uv":[0,4,2.5,2.75],"texture":"#0"},"east":{"uv":[2.75,4,5.25,2.75],"texture":"#0"},"south":{"uv":[0,4,2.5,2.75],"texture":"#0"},"west":{"uv":[2.75,4,5.25,2.75],"texture":"#0"},"down":{"uv":[2.5,0,0,2.5],"texture":"#0"}}},{"from":[2.93787,2.58035,2.61507],"to":[2.93787,12.58035,5.61507],"rotation":{"angle":-45,"axis":"x","origin":[9,2.81843,3.61507]},"faces":{"east":{"uv":[5.5,0,6.25,2.5],"texture":"#0"},"west":{"uv":[5.5,0,6.25,2.5],"texture":"#0"}}},{"from":[3.07963,2.57138,3],"to":[3.07963,14.57138,6],"rotation":{"angle":-22.5,"axis":"x","origin":[9,2.81843,5.11507]},"faces":{"east":{"uv":[6.5,0,7.25,3],"texture":"#0"},"west":{"uv":[6.5,0,7.25,3],"texture":"#0"}}},{"from":[2.90627,2.45668,3.5],"to":[2.90627,13.45668,6.5],"rotation":{"angle":0,"axis":"z","origin":[9,2.81843,5.11507]},"faces":{"east":{"uv":[7.5,0,8.25,2.75],"texture":"#0"},"west":{"uv":[7.5,0,8.25,2.75],"texture":"#0"}}},{"from":[2.80627,2.45668,6.25],"to":[2.80627,12.45668,9.25],"rotation":{"angle":22.5,"axis":"x","origin":[2.40627,7.45668,7]},"faces":{"east":{"uv":[8.5,0,9.25,2.5],"texture":"#0"},"west":{"uv":[8.5,0,9.25,2.5],"texture":"#0"}}},{"from":[8.9,-0.75,0.825],"to":[12.9,3.25,2.825],"rotation":{"angle":-22.5,"axis":"z","origin":[10,2,0.5]},"faces":{"north":{"uv":[5.5,3,6.5,4],"texture":"#0"},"east":{"uv":[7.25,3,6.75,4],"texture":"#0"},"south":{"uv":[6.75,3.75,7.25,4],"texture":"#0"},"west":{"uv":[6.75,3,7.25,4],"texture":"#0"},"up":{"uv":[7.25,3,8.25,3.5],"rotation":180,"texture":"#0"},"down":{"uv":[6.75,3.75,7.25,4],"texture":"#0"}}},{"from":[2.75,-0.65,0.825],"to":[6.75,3.35,2.825],"rotation":{"angle":-22.5,"axis":"z","origin":[10,2,0.5]},"faces":{"north":{"uv":[5.5,3,6.5,4],"texture":"#0"},"east":{"uv":[7.25,3,6.75,4],"texture":"#0"},"south":{"uv":[6.75,3.75,7.25,4],"texture":"#0"},"west":{"uv":[6.75,3,7.25,4],"texture":"#0"},"up":{"uv":[7.25,3,8.25,3.5],"rotation":180,"texture":"#0"},"down":{"uv":[6.75,3.75,7.25,4],"texture":"#0"}}},{"from":[2.75,-0.65,0.825],"to":[6.75,3.35,2.825],"rotation":{"angle":-22.5,"axis":"z","origin":[10,2,0.5]},"faces":{"north":{"uv":[8.25,3,9.25,4],"texture":"#0","tintindex":0}}},{"from":[8.9,-0.75,0.825],"to":[12.9,3.25,2.825],"rotation":{"angle":-22.5,"axis":"z","origin":[10,2,0.5]},"faces":{"north":{"uv":[8.25,3,9.25,4],"texture":"#0","tintindex":0}}}],"display":{"gui":{"rotation":[20,133,32],"translation":[1.5,2.5,0],"scale":[0.61,0.61,0.61]},"head":{"rotation":[10,0,23],"translation":[-3.25,14.5,2],"scale":[1.61,1.61,1.61]},"thirdperson_righthand":{"rotation":[100.0,0,23],"translation":[-3.03125,-3.25,22.246094],"scale":[0.9433594,0.9433594,0.9433594]}}}