{"credit":"Made with Blockbench","textures":{"1":"custom/cosmetics/badger/adventurer_tent"},"elements":[{"from":[7.22183,-6.23833,-1],"to":[7.72183,15.76167,17],"rotation":{"angle":-22.5,"axis":"z","origin":[8.1486,15.54505,11]},"faces":{"east":{"uv":[4.75,4,0,9.5],"texture":"#1","tintindex":0},"west":{"uv":[0,4,4.75,9.5],"texture":"#1","tintindex":0},"down":{"uv":[4.75,9.375,0,9.5],"rotation":90,"texture":"#1","tintindex":0}}},{"from":[8.27817,-6.23833,-1],"to":[8.77817,15.76167,17],"rotation":{"angle":22.5,"axis":"z","origin":[7.8514,15.54505,11]},"faces":{"east":{"uv":[0,4,4.75,9.5],"texture":"#1","tintindex":0},"west":{"uv":[4.75,4,0,9.5],"texture":"#1","tintindex":0},"down":{"uv":[4.75,9.375,0,9.5],"rotation":90,"texture":"#1","tintindex":0}}},{"from":[3.35,-4,-2],"to":[4.85,24.5,-0.5],"rotation":{"angle":-22.5,"axis":"z","origin":[0.75,8.25,-1.25]},"faces":{"north":{"uv":[4.875,2.875,5.25,10],"texture":"#1"},"east":{"uv":[5.25,2.875,4.875,10],"texture":"#1"},"south":{"uv":[4.875,2.875,5.25,10],"texture":"#1"},"west":{"uv":[5.25,2.875,4.875,10],"texture":"#1"},"up":{"uv":[5.375,2.875,5.75,3.25],"texture":"#1"},"down":{"uv":[5.25,9.75,4.875,10],"texture":"#1"}}},{"from":[11.15,-4,-1.9],"to":[12.65,24.5,-0.4],"rotation":{"angle":22.5,"axis":"z","origin":[15.25,8.25,-1.25]},"faces":{"north":{"uv":[5.25,2.875,4.875,10],"texture":"#1"},"east":{"uv":[4.875,2.875,5.25,10],"texture":"#1"},"south":{"uv":[5.25,2.875,4.875,10],"texture":"#1"},"west":{"uv":[4.875,2.875,5.25,10],"texture":"#1"},"up":{"uv":[5.375,2.875,5.75,3.25],"texture":"#1"},"down":{"uv":[5.25,9.75,4.875,10],"texture":"#1"}}},{"from":[3.35,-4,16.5],"to":[4.85,24.5,18],"rotation":{"angle":-22.5,"axis":"z","origin":[0.75,8.25,17.25]},"faces":{"north":{"uv":[5.25,2.875,4.875,10],"texture":"#1"},"east":{"uv":[4.875,2.875,5.25,10],"texture":"#1"},"south":{"uv":[5.25,2.875,4.875,10],"texture":"#1"},"west":{"uv":[4.875,2.875,5.25,10],"texture":"#1"},"up":{"uv":[5.375,3.25,5.75,2.875],"texture":"#1"},"down":{"uv":[5.25,10,4.875,9.75],"texture":"#1"}}},{"from":[11.15,-4,16.4],"to":[12.65,24.5,17.9],"rotation":{"angle":22.5,"axis":"z","origin":[15.25,8.25,17.25]},"faces":{"north":{"uv":[4.875,2.875,5.25,10],"texture":"#1"},"east":{"uv":[5.25,2.875,4.875,10],"texture":"#1"},"south":{"uv":[4.875,2.875,5.25,10],"texture":"#1"},"west":{"uv":[5.25,2.875,4.875,10],"texture":"#1"},"up":{"uv":[5.375,3.25,5.75,2.875],"texture":"#1"},"down":{"uv":[5.25,10,4.875,9.75],"texture":"#1"}}},{"from":[7.25,16,-7],"to":[8.75,17.5,19],"rotation":{"angle":0,"axis":"x","origin":[8,16.75,6]},"faces":{"north":{"uv":[5.375,2.875,5.75,3.25],"texture":"#1"},"east":{"uv":[5.375,3.5,5.75,10],"rotation":90,"texture":"#1"},"south":{"uv":[5.375,2.875,5.75,3.25],"texture":"#1"},"west":{"uv":[5.75,10,5.375,3.5],"rotation":90,"texture":"#1"},"up":{"uv":[5.75,3.5,5.375,10],"texture":"#1"},"down":{"uv":[5.375,10,5.75,3.5],"texture":"#1"}}},{"from":[7,10,-7],"to":[9,12.5,-5],"faces":{"north":{"uv":[5.875,3.75,6.375,4.375],"texture":"#1"},"east":{"uv":[5.875,3.75,6.375,4.375],"texture":"#1"},"south":{"uv":[5.875,3.75,6.375,4.375],"texture":"#1"},"west":{"uv":[5.875,3.75,6.375,4.375],"texture":"#1"},"up":{"uv":[5.875,4.375,6.375,4.875],"texture":"#1"},"down":{"uv":[5.875,4.875,6.375,5.375],"texture":"#1"}}},{"from":[7.5,12.5,-6.5],"to":[8.5,13.5,-5.5],"faces":{"north":{"uv":[6,3.5,6.25,3.75],"texture":"#1"},"east":{"uv":[6,3.5,6.25,3.75],"texture":"#1"},"south":{"uv":[6,3.5,6.25,3.75],"texture":"#1"},"west":{"uv":[6,3.5,6.25,3.75],"texture":"#1"},"up":{"uv":[6,3.5,6.125,3.625],"texture":"#1"}}},{"from":[8,13.5,-6.25],"to":[8,16,-5.75],"faces":{"east":{"uv":[5.375,3.875,5.5,3.625],"texture":"#1"},"west":{"uv":[5.375,3.875,5.5,3.625],"texture":"#1"}}}],"display":{"thirdperson_righthand":{"rotation":[90,0,0],"translation":[0,-1.75,13],"scale":[2,2,2]},"thirdperson_lefthand":{"rotation":[90,0,0],"translation":[0,-1.75,17.5],"scale":[2.4,2.4,2.4]},"firstperson_righthand":{"rotation":[-12,12,0],"translation":[19,-2.75,-11.25]},"firstperson_lefthand":{"rotation":[-12,12,0],"translation":[19,-2.75,-11.25]},"ground":{"translation":[0,6.75,0],"scale":[0.4,0.4,0.4]},"gui":{"rotation":[30,135,0],"translation":[0,1,0],"scale":[0.4,0.4,0.4]},"head":{"rotation":[0,0,-1],"translation":[-0.25,1.75,7],"scale":[3.66,3.66,3.66]},"fixed":{"rotation":[90,0,0],"translation":[0,0,2],"scale":[4,4,4]}},"groups":[{"name":"group","origin":[8,8,8],"color":0,"children":[0,1,2,3,4,5]},6,7,8,9]}