{"credit":"Made with Blockbench","texture_size":[128,128],"textures":{"0":"custom/cosmetics/badger/badger_balloon","particle":"custom/cosmetics/badger/badger_balloon"},"elements":[{"from":[2.0347,-1.6269,1.4924],"to":[13.9653,9.2191,12.3384],"rotation":{"angle":-22.5,"axis":"x","origin":[8,7.0499,7.59328]},"faces":{"north":{"uv":[0,0,2.75,2.5],"texture":"#0"},"east":{"uv":[5.375,0,2.875,2.5],"texture":"#0"},"south":{"uv":[5.25,3.875,8,6.375],"texture":"#0"},"west":{"uv":[2.875,0,5.375,2.5],"texture":"#0"},"up":{"uv":[0.5,0,1,0.5],"texture":"#0"},"down":{"uv":[8.125,3.875,10.875,6.375],"texture":"#0"}}},{"from":[1.89912,-1.76247,1.35682],"to":[14.10088,9.35467,12.47398],"rotation":{"angle":-22.5,"axis":"x","origin":[8,7.0499,7.59328]},"faces":{"north":{"uv":[2.875,8,5.625,10.5],"texture":"#0","tintindex":0},"east":{"uv":[8.25,8,5.75,10.5],"texture":"#0","tintindex":0},"south":{"uv":[0,8,2.75,10.5],"texture":"#0","tintindex":0},"west":{"uv":[5.75,8,8.25,10.5],"texture":"#0","tintindex":0},"up":{"uv":[0,5.375,2.75,7.875],"rotation":180,"texture":"#0","tintindex":0}}},{"from":[4.47505,7.5922,0.9501],"to":[11.52495,11.9306,8],"rotation":{"angle":0,"axis":"x","origin":[8,10.48735,4.55524]},"faces":{"north":{"uv":[0,2.5,1.625,3.5],"texture":"#0"},"east":{"uv":[3.375,2.5,1.75,3.5],"texture":"#0"},"south":{"uv":[3.5,2.5,5.125,3.5],"texture":"#0"},"west":{"uv":[1.75,2.5,3.375,3.5],"texture":"#0"},"down":{"uv":[3.5,3.625,5.125,5.25],"texture":"#0"}}},{"from":[5.55965,7.5922,-0.6768],"to":[10.44035,9.2191,0.9501],"rotation":{"angle":0,"axis":"y","origin":[3.6616,-2.1692,3.6616]},"faces":{"north":{"uv":[0.25,3.125,1.375,3.5],"texture":"#0"},"east":{"uv":[1.5,3.625,1.125,4],"texture":"#0"},"south":{"uv":[0,0,1.125,0.375],"texture":"#missing"},"west":{"uv":[1.125,3.625,1.5,4],"texture":"#0"},"up":{"uv":[1.625,3.625,2.75,4],"rotation":180,"texture":"#0"},"down":{"uv":[0,4.125,1.125,4.5],"texture":"#0"}}},{"from":[0.13665,11.9306,-3.79502],"to":[16.40565,11.9306,12.47398],"rotation":{"angle":0,"axis":"y","origin":[3.6616,-2.1692,3.6616]},"faces":{"north":{"uv":[0,0,3.75,0],"texture":"#missing"},"east":{"uv":[0,0,3.75,0],"texture":"#missing"},"south":{"uv":[0,0,3.75,0],"texture":"#missing"},"west":{"uv":[0,0,3.75,0],"texture":"#missing"},"up":{"uv":[5.375,0,9.125,3.75],"rotation":180,"texture":"#0"},"down":{"uv":[5.375,0,9.125,3.75],"rotation":180,"texture":"#0"}}},{"from":[4.7462,11.9306,0.9501],"to":[11.2538,15.1844,7.4577],"rotation":{"angle":0,"axis":"y","origin":[3.6616,-2.1692,3.6616]},"faces":{"north":{"uv":[9.25,1.5,10.75,2.25],"texture":"#0"},"east":{"uv":[9.25,2.25,10.75,3],"texture":"#0"},"south":{"uv":[9.25,1.5,10.75,2.25],"texture":"#0"},"west":{"uv":[9.25,2.25,10.75,3],"texture":"#0"},"up":{"uv":[9.25,0,10.75,1.5],"texture":"#0"}}},{"from":[4.61063,11.9306,0.81453],"to":[11.38938,15.45555,7.59327],"rotation":{"angle":0,"axis":"y","origin":[3.6616,-2.1692,3.6616]},"faces":{"north":{"uv":[9.25,3,10.75,3.75],"texture":"#0","tintindex":0},"east":{"uv":[9.25,3,10.75,3.75],"texture":"#0","tintindex":0},"south":{"uv":[9.25,3,10.75,3.75],"texture":"#0","tintindex":0},"west":{"uv":[9.25,3,10.75,3.75],"texture":"#0","tintindex":0}}},{"name":"cube inverted","from":[11.38938,15.45555,7.59327],"to":[4.61063,11.9306,0.81453],"rotation":{"angle":0,"axis":"y","origin":[3.6616,-2.1692,3.6616]},"faces":{"north":{"uv":[9.25,3.75,10.75,3],"texture":"#0","tintindex":0},"east":{"uv":[9.25,3.75,10.75,3],"texture":"#0","tintindex":0},"south":{"uv":[9.25,3.75,10.75,3],"texture":"#0","tintindex":0},"west":{"uv":[9.25,3.75,10.75,3],"texture":"#0","tintindex":0}}},{"from":[4.7462,0.81345,1.35682],"to":[11.2538,5.69415,1.35682],"rotation":{"angle":0,"axis":"y","origin":[3.6616,0,3.6616]},"faces":{"north":{"uv":[2.875,5.375,4.375,6.5],"texture":"#0","tintindex":0},"south":{"uv":[2.875,5.375,4.375,6.5],"texture":"#0","tintindex":0}}},{"from":[3.1193,11.3883,2.577],"to":[4.7462,14.0998,3.1193],"rotation":{"angle":22.5,"axis":"z","origin":[3.39045,13.28635,3.93275]},"faces":{"north":{"uv":[1.625,4.125,2,4.75],"texture":"#0"},"east":{"uv":[1.625,4.125,1.75,4.75],"texture":"#0"},"south":{"uv":[2.5,4.125,2.125,4.75],"texture":"#0"},"west":{"uv":[1.875,4.125,2,4.75],"texture":"#0"},"up":{"uv":[2,4.125,1.625,4.21875],"texture":"#0"},"down":{"uv":[2,4.625,1.625,4.71875],"texture":"#0"}}},{"from":[11.2538,11.3883,2.577],"to":[12.8807,14.0998,3.1193],"rotation":{"angle":-22.5,"axis":"z","origin":[12.60955,13.28635,3.93275]},"faces":{"north":{"uv":[2,4.125,1.625,4.75],"texture":"#0"},"east":{"uv":[2,4.125,1.875,4.75],"texture":"#0"},"south":{"uv":[2.125,4.125,2.5,4.75],"texture":"#0"},"west":{"uv":[1.75,4.125,1.625,4.75],"texture":"#0"},"up":{"uv":[1.625,4.125,2,4.21875],"texture":"#0"},"down":{"uv":[1.625,4.625,2,4.71875],"texture":"#0"}}},{"name":"cube inverted","from":[14.10088,9.35467,12.47398],"to":[1.89912,-1.76247,1.35682],"rotation":{"angle":-22.5,"axis":"x","origin":[8,7.0499,7.59328]},"faces":{"north":{"uv":[0,10.5,2.75,8],"texture":"#0","tintindex":0},"east":{"uv":[5.75,10.5,8.25,8],"texture":"#0","tintindex":0},"south":{"uv":[2.875,10.5,5.625,8],"texture":"#0","tintindex":0},"west":{"uv":[8.25,10.5,5.75,8],"texture":"#0","tintindex":0},"down":{"uv":[2.75,5.375,0,7.875],"rotation":180,"texture":"#0","tintindex":0}}},{"from":[9.41248,-4.31648,5.128],"to":[12.78112,-0.94784,12.98816],"rotation":{"angle":45,"axis":"x","origin":[8.0968,-5.63216,10.05808]},"faces":{"north":{"uv":[13.125,6.375,13.25,6.5],"rotation":180,"texture":"#0"},"east":{"uv":[11.375,6.375,12.125,8.125],"rotation":90,"texture":"#0"},"south":{"uv":[12.25,8.25,13,9],"rotation":180,"texture":"#0"},"west":{"uv":[12.125,6.375,11.375,8.125],"rotation":270,"texture":"#0"},"up":{"uv":[13.125,6.375,13.875,8.125],"texture":"#0"},"down":{"uv":[12.25,6.375,13,8.125],"rotation":180,"texture":"#0"}}},{"from":[3.41248,-4.31648,5.128],"to":[6.78112,-0.94784,12.98816],"rotation":{"angle":45,"axis":"x","origin":[8.0968,-5.63216,10.05808]},"faces":{"north":{"uv":[13.125,6.375,13.25,6.5],"rotation":180,"texture":"#0"},"east":{"uv":[11.375,6.375,12.125,8.125],"rotation":90,"texture":"#0"},"south":{"uv":[12.25,8.25,13,9],"rotation":180,"texture":"#0"},"west":{"uv":[12.125,6.375,11.375,8.125],"rotation":270,"texture":"#0"},"up":{"uv":[13.125,6.375,13.875,8.125],"texture":"#0"},"down":{"uv":[12.25,6.375,13,8.125],"rotation":180,"texture":"#0"}}}],"display":{"gui":{"rotation":[13,149,0],"translation":[0.5,1,0],"scale":[0.38,0.38,0.38]},"head":{"translation":[0,8.5,6.25],"scale":[4,4,4]}}}