{"credit":"Made with Blockbench","texture_size":[128,128],"textures":{"0":"custom/cosmetics/badger/badger_balloon","particle":"custom/cosmetics/badger/badger_balloon"},"elements":[{"from":[0.025,-2.175,-0.7],"to":[15.975,12.325,13.8],"rotation":{"angle":-22.5,"axis":"x","origin":[8,9.425,7.45625]},"faces":{"north":{"uv":[0,0,2.75,2.5],"texture":"#0"},"east":{"uv":[5.375,0,2.875,2.5],"texture":"#0"},"south":{"uv":[5.25,3.875,8,6.375],"texture":"#0"},"west":{"uv":[2.875,0,5.375,2.5],"texture":"#0"},"up":{"uv":[0.5,0,1,0.5],"texture":"#0"},"down":{"uv":[8.125,3.875,10.875,6.375],"texture":"#0"}}},{"from":[-0.15625,-2.35625,-0.88125],"to":[16.15625,12.50625,13.98125],"rotation":{"angle":-22.5,"axis":"x","origin":[8,9.425,7.45625]},"faces":{"north":{"uv":[2.875,8,5.625,10.5],"texture":"#0","tintindex":0},"east":{"uv":[8.25,8,5.75,10.5],"texture":"#0","tintindex":0},"south":{"uv":[0,8,2.75,10.5],"texture":"#0","tintindex":0},"west":{"uv":[5.75,8,8.25,10.5],"texture":"#0","tintindex":0},"up":{"uv":[0,5.375,2.75,7.875],"rotation":180,"texture":"#0","tintindex":0}}},{"from":[3.2875,10.15,-1.425],"to":[12.7125,15.95,8],"rotation":{"angle":0,"axis":"x","origin":[8,14.02053,3.3947]},"faces":{"north":{"uv":[0,2.5,1.625,3.5],"texture":"#0"},"east":{"uv":[3.375,2.5,1.75,3.5],"texture":"#0"},"south":{"uv":[3.5,2.5,5.125,3.5],"texture":"#0"},"west":{"uv":[1.75,2.5,3.375,3.5],"texture":"#0"},"down":{"uv":[3.5,3.625,5.125,5.25],"texture":"#0"}}},{"from":[4.7375,10.15,-3.6],"to":[11.2625,12.325,-1.425],"rotation":{"angle":0,"axis":"y","origin":[2.2,-2.9,2.2]},"faces":{"north":{"uv":[0.25,3.125,1.375,3.5],"texture":"#0"},"east":{"uv":[1.5,3.625,1.125,4],"texture":"#0"},"south":{"uv":[0,0,1.125,0.375],"texture":"#missing"},"west":{"uv":[1.125,3.625,1.5,4],"texture":"#0"},"up":{"uv":[1.625,3.625,2.75,4],"rotation":180,"texture":"#0"},"down":{"uv":[0,4.125,1.125,4.5],"texture":"#0"}}},{"from":[-2.5125,15.95,-7.76875],"to":[19.2375,15.95,13.98125],"rotation":{"angle":0,"axis":"y","origin":[2.2,-2.9,2.2]},"faces":{"north":{"uv":[0,0,3.75,0],"texture":"#missing"},"east":{"uv":[0,0,3.75,0],"texture":"#missing"},"south":{"uv":[0,0,3.75,0],"texture":"#missing"},"west":{"uv":[0,0,3.75,0],"texture":"#missing"},"up":{"uv":[5.375,0,9.125,3.75],"rotation":180,"texture":"#0"},"down":{"uv":[5.375,0,9.125,3.75],"rotation":180,"texture":"#0"}}},{"from":[3.65,15.95,-1.425],"to":[12.35,20.3,7.275],"rotation":{"angle":0,"axis":"y","origin":[2.2,-2.9,2.2]},"faces":{"north":{"uv":[9.25,1.5,10.75,2.25],"texture":"#0"},"east":{"uv":[9.25,2.25,10.75,3],"texture":"#0"},"south":{"uv":[9.25,1.5,10.75,2.25],"texture":"#0"},"west":{"uv":[9.25,2.25,10.75,3],"texture":"#0"},"up":{"uv":[9.25,0,10.75,1.5],"texture":"#0"},"down":{"uv":[0,0,1.5,1.5],"texture":"#missing"}}},{"from":[3.46875,15.95,-1.60625],"to":[12.53125,20.6625,7.45625],"rotation":{"angle":0,"axis":"y","origin":[2.2,-2.9,2.2]},"faces":{"north":{"uv":[9.25,3,10.75,3.75],"texture":"#0","tintindex":0},"east":{"uv":[9.25,3,10.75,3.75],"texture":"#0","tintindex":0},"south":{"uv":[9.25,3,10.75,3.75],"texture":"#0","tintindex":0},"west":{"uv":[9.25,3,10.75,3.75],"texture":"#0","tintindex":0}}},{"name":"cube inverted","from":[12.53125,20.6625,7.45625],"to":[3.46875,15.95,-1.60625],"rotation":{"angle":0,"axis":"y","origin":[2.2,-2.9,2.2]},"faces":{"north":{"uv":[9.25,3.75,10.75,3],"texture":"#0","tintindex":0},"east":{"uv":[9.25,3.75,10.75,3],"texture":"#0","tintindex":0},"south":{"uv":[9.25,3.75,10.75,3],"texture":"#0","tintindex":0},"west":{"uv":[9.25,3.75,10.75,3],"texture":"#0","tintindex":0}}},{"from":[3.65,1.0875,-0.88125],"to":[12.35,7.6125,-0.88125],"rotation":{"angle":0,"axis":"y","origin":[2.2,0,2.2]},"faces":{"north":{"uv":[2.875,5.375,4.375,6.5],"texture":"#0","tintindex":0},"south":{"uv":[2.875,5.375,4.375,6.5],"texture":"#0","tintindex":0}}},{"from":[13.4375,1.0875,4.7375],"to":[22.1375,4.7125,8.3625],"rotation":{"angle":-45,"axis":"z","origin":[21.4125,3.625,11.9875]},"faces":{"north":{"uv":[9.75,8.75,9.125,7.25],"rotation":270,"texture":"#0"},"east":{"uv":[9.125,6.5,9.75,7.125],"rotation":90,"texture":"#0"},"south":{"uv":[11.25,8.75,10.625,7.25],"rotation":90,"texture":"#0"},"west":{"uv":[8.375,6.5,9,7.125],"texture":"#0"},"up":{"uv":[8.375,7.25,9,8.75],"rotation":270,"texture":"#0"},"down":{"uv":[9,7.25,8.375,8.75],"rotation":270,"texture":"#0"}}},{"from":[-6.1375,1.0875,4.7375],"to":[2.5625,4.7125,8.3625],"rotation":{"angle":45,"axis":"z","origin":[-5.4125,3.625,11.9875]},"faces":{"north":{"uv":[9.75,7.25,9.125,8.75],"rotation":270,"texture":"#0"},"east":{"uv":[9,6.5,8.375,7.125],"texture":"#0"},"south":{"uv":[11.25,7.25,10.625,8.75],"rotation":90,"texture":"#0"},"west":{"uv":[9.125,7.125,9.75,6.5],"rotation":90,"texture":"#0"},"up":{"uv":[8.375,8.75,9,7.25],"rotation":270,"texture":"#0"},"down":{"uv":[9,8.75,8.375,7.25],"rotation":270,"texture":"#0"}}},{"from":[-6.3875,0.8375,4.4875],"to":[2.8125,4.9625,8.6125],"rotation":{"angle":45,"axis":"z","origin":[-5.4125,3.625,11.9875]},"faces":{"north":{"uv":[10.5,7.25,9.875,8.75],"rotation":270,"texture":"#0","tintindex":0},"south":{"uv":[10.5,7.25,9.875,8.75],"rotation":90,"texture":"#0","tintindex":0},"up":{"uv":[9.875,8.75,10.5,7.25],"rotation":270,"texture":"#0","tintindex":0},"down":{"uv":[10.5,8.75,9.875,7.25],"rotation":270,"texture":"#0","tintindex":0}}},{"from":[13.1875,0.8375,4.4875],"to":[22.3875,4.9625,8.6125],"rotation":{"angle":-45,"axis":"z","origin":[21.4125,3.625,11.9875]},"faces":{"north":{"uv":[10.5,8.75,9.875,7.25],"rotation":270,"texture":"#0","tintindex":0},"south":{"uv":[10.5,8.75,9.875,7.25],"rotation":90,"texture":"#0","tintindex":0},"up":{"uv":[9.875,7.25,10.5,8.75],"rotation":270,"texture":"#0","tintindex":0},"down":{"uv":[10.5,7.25,9.875,8.75],"rotation":270,"texture":"#0","tintindex":0}}},{"from":[13.4375,1.0875,4.7375],"to":[22.1375,4.7125,8.3625],"rotation":{"angle":-45,"axis":"z","origin":[21.4125,3.625,11.9875]},"faces":{"north":{"uv":[9.75,8.75,9.125,7.25],"rotation":270,"texture":"#0"},"east":{"uv":[9.125,6.5,9.75,7.125],"rotation":90,"texture":"#0"},"south":{"uv":[11.25,8.75,10.625,7.25],"rotation":90,"texture":"#0"},"west":{"uv":[8.375,6.5,9,7.125],"texture":"#0"},"up":{"uv":[8.375,7.25,9,8.75],"rotation":270,"texture":"#0"},"down":{"uv":[9,7.25,8.375,8.75],"rotation":270,"texture":"#0"}}},{"from":[23.95,6.8875,6.55],"to":[31.2,11.9625,6.55],"rotation":{"angle":-22.5,"axis":"z","origin":[23.40625,9.60625,6.55]},"faces":{"north":{"uv":[12.375,4,11.125,4.875],"texture":"#0","tintindex":0},"south":{"uv":[11.125,4,12.375,4.875],"texture":"#0","tintindex":0}}},{"from":[23.225,2.5375,6.1875],"to":[23.95,12.6875,6.9125],"rotation":{"angle":-22.5,"axis":"z","origin":[23.40625,9.60625,6.55]},"faces":{"north":{"uv":[11,3.875,11.125,5.625],"texture":"#0"},"east":{"uv":[11,3.875,11.125,5.625],"texture":"#0"},"south":{"uv":[11,3.875,11.125,5.625],"texture":"#0"},"west":{"uv":[11,3.875,11.125,5.625],"texture":"#0"},"up":{"uv":[11,3.875,11.125,4],"texture":"#0"},"down":{"uv":[11,3.875,11.125,4],"texture":"#0"}}},{"from":[-15.2,6.8875,6.55],"to":[-7.95,11.9625,6.55],"rotation":{"angle":22.5,"axis":"z","origin":[-7.40625,9.60625,6.55]},"faces":{"north":{"uv":[11.125,4,12.375,4.875],"texture":"#0","tintindex":0},"south":{"uv":[12.375,4,11.125,4.875],"texture":"#0","tintindex":0}}},{"from":[-7.95,2.5375,6.1875],"to":[-7.225,12.6875,6.9125],"rotation":{"angle":22.5,"axis":"z","origin":[-7.40625,9.60625,6.55]},"faces":{"north":{"uv":[11.125,3.875,11,5.625],"texture":"#0"},"east":{"uv":[11.125,3.875,11,5.625],"texture":"#0"},"south":{"uv":[11.125,3.875,11,5.625],"texture":"#0"},"west":{"uv":[11.125,3.875,11,5.625],"texture":"#0"},"up":{"uv":[11.125,3.875,11,4],"texture":"#0"},"down":{"uv":[11.125,3.875,11,4],"texture":"#0"}}},{"from":[9.45,-11.6,10.9],"to":[13.8,-1.45,15.25],"rotation":{"angle":-45,"axis":"x","origin":[11.625,-6.525,10.175]},"faces":{"north":{"uv":[12.25,6.375,13,8.125],"texture":"#0"},"east":{"uv":[11.375,6.375,12.125,8.125],"texture":"#0"},"south":{"uv":[13.125,6.375,13.875,8.125],"texture":"#0"},"west":{"uv":[12.125,6.375,11.375,8.125],"texture":"#0"},"up":{"uv":[13.125,6.375,13.25,6.5],"texture":"#0"},"down":{"uv":[12.25,8.25,13,9],"rotation":180,"texture":"#0"}}},{"from":[2.2,-11.6,10.9],"to":[6.55,-1.45,15.25],"rotation":{"angle":-45,"axis":"x","origin":[4.375,-6.525,10.175]},"faces":{"north":{"uv":[13,6.375,12.25,8.125],"texture":"#0"},"east":{"uv":[11.375,6.375,12.125,8.125],"texture":"#0"},"south":{"uv":[13.875,6.375,13.125,8.125],"texture":"#0"},"west":{"uv":[12.125,6.375,11.375,8.125],"texture":"#0"},"up":{"uv":[13.25,6.375,13.125,6.5],"texture":"#0"},"down":{"uv":[13,8.25,12.25,9],"rotation":180,"texture":"#0"}}},{"from":[1.475,15.225,0.75],"to":[3.65,18.85,1.475],"rotation":{"angle":22.5,"axis":"z","origin":[1.8375,17.7625,2.5625]},"faces":{"north":{"uv":[1.625,4.125,2,4.75],"texture":"#0"},"east":{"uv":[1.625,4.125,1.75,4.75],"texture":"#0"},"south":{"uv":[2.5,4.125,2.125,4.75],"texture":"#0"},"west":{"uv":[1.875,4.125,2,4.75],"texture":"#0"},"up":{"uv":[2,4.125,1.625,4.21875],"texture":"#0"},"down":{"uv":[2,4.625,1.625,4.71875],"texture":"#0"}}},{"from":[12.35,15.225,0.75],"to":[14.525,18.85,1.475],"rotation":{"angle":-22.5,"axis":"z","origin":[14.1625,17.7625,2.5625]},"faces":{"north":{"uv":[2,4.125,1.625,4.75],"texture":"#0"},"east":{"uv":[2,4.125,1.875,4.75],"texture":"#0"},"south":{"uv":[2.125,4.125,2.5,4.75],"texture":"#0"},"west":{"uv":[1.75,4.125,1.625,4.75],"texture":"#0"},"up":{"uv":[1.625,4.125,2,4.21875],"texture":"#0"},"down":{"uv":[1.625,4.625,2,4.71875],"texture":"#0"}}},{"name":"cube inverted","from":[16.15625,12.50625,13.98125],"to":[-0.15625,-2.35625,-0.88125],"rotation":{"angle":-22.5,"axis":"x","origin":[8,9.425,7.45625]},"faces":{"north":{"uv":[0,10.5,2.75,8],"texture":"#0","tintindex":0},"east":{"uv":[5.75,10.5,8.25,8],"texture":"#0","tintindex":0},"south":{"uv":[2.875,10.5,5.625,8],"texture":"#0","tintindex":0},"west":{"uv":[8.25,10.5,5.75,8],"texture":"#0","tintindex":0},"down":{"uv":[2.75,5.375,0,7.875],"rotation":180,"texture":"#0","tintindex":0}}},{"name":"cube inverted","from":[22.3875,4.9625,8.6125],"to":[13.1875,0.8375,4.4875],"rotation":{"angle":-45,"axis":"z","origin":[21.4125,3.625,11.9875]},"faces":{"north":{"uv":[9.875,8.75,10.5,7.25],"rotation":90,"texture":"#0","tintindex":0},"south":{"uv":[9.875,8.75,10.5,7.25],"rotation":270,"texture":"#0","tintindex":0},"up":{"uv":[10.5,8.75,9.875,7.25],"rotation":270,"texture":"#0","tintindex":0},"down":{"uv":[9.875,8.75,10.5,7.25],"rotation":270,"texture":"#0","tintindex":0}}},{"name":"cube inverted","from":[2.8125,4.9625,8.6125],"to":[-6.3875,0.8375,4.4875],"rotation":{"angle":45,"axis":"z","origin":[-5.4125,3.625,11.9875]},"faces":{"north":{"uv":[9.875,7.25,10.5,8.75],"rotation":90,"texture":"#0","tintindex":0},"south":{"uv":[9.875,7.25,10.5,8.75],"rotation":270,"texture":"#0","tintindex":0},"up":{"uv":[10.5,7.25,9.875,8.75],"rotation":270,"texture":"#0","tintindex":0},"down":{"uv":[9.875,7.25,10.5,8.75],"rotation":270,"texture":"#0","tintindex":0}}}],"display":{"gui":{"rotation":[13,149,0],"translation":[0.5,1,0],"scale":[0.38,0.38,0.38]},"head":{"translation":[0,40,-1.25],"scale":[4,4,4]}}}