{"credit":"Made with Blockbench","texture_size":[128,128],"textures":{"0":"custom/cosmetics/badger/badger_balloon","particle":"custom/cosmetics/badger/badger_balloon"},"elements":[{"from":[5.0694,-1.10195,6.64425],"to":[5.6117,6.49025,7.18655],"rotation":{"angle":22.5,"axis":"z","origin":[5.47613,4.18547,6.9154]},"faces":{"north":{"uv":[11.125,3.875,11,5.625],"texture":"#0"},"east":{"uv":[11.125,3.875,11,5.625],"texture":"#0"},"south":{"uv":[11.125,3.875,11,5.625],"texture":"#0"},"west":{"uv":[11.125,3.875,11,5.625],"texture":"#0"},"up":{"uv":[11.125,3.875,11,4],"texture":"#0"},"down":{"uv":[11.125,3.875,11,4],"texture":"#0"}}},{"from":[-0.3536,2.15185,6.9154],"to":[5.0694,5.94795,6.9154],"rotation":{"angle":22.5,"axis":"z","origin":[5.47613,4.18547,6.9154]},"faces":{"north":{"uv":[11.125,4,12.375,4.875],"texture":"#0","tintindex":0},"south":{"uv":[12.375,4,11.125,4.875],"texture":"#0","tintindex":0}}},{"from":[6.42515,-2.18655,5.55965],"to":[12.93275,0.52495,8.27115],"rotation":{"angle":45,"axis":"z","origin":[6.96745,-0.2885,10.98265]},"faces":{"north":{"uv":[9.75,7.25,9.125,8.75],"rotation":270,"texture":"#0"},"east":{"uv":[9,6.5,8.375,7.125],"texture":"#0"},"south":{"uv":[11.25,7.25,10.625,8.75],"rotation":90,"texture":"#0"},"west":{"uv":[9.125,7.125,9.75,6.5],"rotation":90,"texture":"#0"},"up":{"uv":[8.375,8.75,9,7.25],"rotation":270,"texture":"#0"},"down":{"uv":[9,8.75,8.375,7.25],"rotation":270,"texture":"#0"}}},{"from":[6.17515,-2.43655,5.30965],"to":[13.18275,0.77495,8.52115],"rotation":{"angle":45,"axis":"z","origin":[6.96745,-0.2885,10.98265]},"faces":{"north":{"uv":[10.5,7.25,9.875,8.75],"rotation":270,"texture":"#0","tintindex":0},"south":{"uv":[10.5,7.25,9.875,8.75],"rotation":90,"texture":"#0","tintindex":0},"up":{"uv":[9.875,8.75,10.5,7.25],"rotation":270,"texture":"#0","tintindex":0},"down":{"uv":[10.5,8.75,9.875,7.25],"rotation":270,"texture":"#0","tintindex":0}}},{"from":[6.42515,-2.18655,5.55965],"to":[12.93275,0.52495,8.27115],"rotation":{"angle":45,"axis":"z","origin":[6.96745,-0.2885,10.98265]},"faces":{"north":{"uv":[9.75,7.25,9.125,8.75],"rotation":270,"texture":"#0"},"east":{"uv":[9,6.5,8.375,7.125],"texture":"#0"},"south":{"uv":[11.25,7.25,10.625,8.75],"rotation":90,"texture":"#0"},"west":{"uv":[9.125,7.125,9.75,6.5],"rotation":90,"texture":"#0"},"up":{"uv":[8.375,8.75,9,7.25],"rotation":270,"texture":"#0"},"down":{"uv":[9,8.75,8.375,7.25],"rotation":270,"texture":"#0"}}},{"name":"cube inverted","from":[13.18275,0.77495,8.52115],"to":[6.17515,-2.43655,5.30965],"rotation":{"angle":45,"axis":"z","origin":[6.96745,-0.2885,10.98265]},"faces":{"north":{"uv":[9.875,7.25,10.5,8.75],"rotation":90,"texture":"#0","tintindex":0},"south":{"uv":[9.875,7.25,10.5,8.75],"rotation":270,"texture":"#0","tintindex":0},"up":{"uv":[10.5,7.25,9.875,8.75],"rotation":270,"texture":"#0","tintindex":0},"down":{"uv":[9.875,7.25,10.5,8.75],"rotation":270,"texture":"#0","tintindex":0}}}],"display":{"gui":{"rotation":[13,149,0],"translation":[0.5,1,0],"scale":[0.38,0.38,0.38]},"head":{"rotation":[40,0,0],"translation":[-14,5,16.25],"scale":[4,4,4]}}}