{"credit":"Made with Blockbench","texture_size":[128,128],"textures":{"0":"custom/cosmetics/badger/badger_balloon","particle":"custom/cosmetics/badger/badger_balloon"},"elements":[{"from":[6.41248,-3.56224,6.37376],"to":[9.78112,4.29792,9.7424],"rotation":{"angle":0,"axis":"x","origin":[10.8072,-5.05296,9.68432]},"faces":{"north":{"uv":[12.25,6.375,13,8.125],"texture":"#0"},"east":{"uv":[11.375,6.375,12.125,8.125],"texture":"#0"},"south":{"uv":[13.125,6.375,13.875,8.125],"texture":"#0"},"west":{"uv":[12.125,6.375,11.375,8.125],"texture":"#0"},"up":{"uv":[13.125,6.375,13.25,6.5],"texture":"#0"},"down":{"uv":[12.25,8.25,13,9],"rotation":180,"texture":"#0"}}}],"display":{"gui":{"rotation":[13,149,0],"translation":[0.5,1,0],"scale":[0.38,0.38,0.38]},"head":{"translation":[0,11.25,-0.75],"scale":[4,4,4]}}}