{"credit":"Made with Blockbench","texture_size":[64,64],"textures":{"0":"custom/cosmetics/badger/bee_wings","1":"custom/cosmetics/badger/bee_wings_ani","particle":"custom/cosmetics/badger/bee_wings"},"elements":[{"from":[3,0,5],"to":[13,10,17],"rotation":{"angle":22.5,"axis":"x","origin":[0,0,0]},"faces":{"north":{"uv":[2.75,3.25,5.25,5.75],"texture":"#0"},"east":{"uv":[2.75,0,5.25,3],"rotation":90,"texture":"#0"},"south":{"uv":[0,3.25,2.5,5.75],"texture":"#0"},"west":{"uv":[2.75,3,5.25,0],"rotation":90,"texture":"#0"},"up":{"uv":[0,0,2.5,3],"texture":"#0"},"down":{"uv":[5.5,2.75,8,5.75],"rotation":180,"texture":"#0"}}},{"from":[4.5,6,-4],"to":[11.5,11,5],"rotation":{"angle":45,"axis":"x","origin":[0,0,0]},"faces":{"north":{"uv":[5.5,1.5,6.5,2.25],"texture":"#0"},"east":{"uv":[7.5,0,8.75,2.25],"rotation":90,"texture":"#0"},"west":{"uv":[7.5,2.25,8.75,0],"rotation":90,"texture":"#0"},"up":{"uv":[5.5,0,7.25,2.25],"texture":"#0"},"down":{"uv":[8.25,2.75,10,5],"rotation":180,"texture":"#0"}}},{"from":[3,0,5],"to":[13,10,17],"rotation":{"angle":22.5,"axis":"x","origin":[0,0,0]},"faces":{"north":{"uv":[2.75,9.25,5.25,11.75],"texture":"#0","tintindex":0},"east":{"uv":[2.75,6,5.25,9],"rotation":90,"texture":"#0","tintindex":0},"south":{"uv":[0,9.25,2.5,11.75],"texture":"#0","tintindex":0},"west":{"uv":[2.75,9,5.25,6],"rotation":90,"texture":"#0","tintindex":0},"up":{"uv":[0,6,2.5,9],"texture":"#0","tintindex":0},"down":{"uv":[5.5,8.75,8,11.75],"rotation":180,"texture":"#0","tintindex":0}}},{"from":[4.5,6,-4],"to":[11.5,11,5],"rotation":{"angle":45,"axis":"x","origin":[0,0,0]},"faces":{"north":{"uv":[5.5,7.5,6.5,8.25],"texture":"#0","tintindex":0},"east":{"uv":[7.5,6,8.75,8.25],"rotation":90,"texture":"#0","tintindex":0},"west":{"uv":[7.5,8.25,8.75,6],"rotation":90,"texture":"#0","tintindex":0},"up":{"uv":[5.5,6,7.25,8.25],"texture":"#0","tintindex":0},"down":{"uv":[8.25,8.75,10,11],"rotation":180,"texture":"#0","tintindex":0}}},{"from":[-7.5,4,7],"to":[4.5,10,7],"rotation":{"angle":22.5,"axis":"y","origin":[0,6,6]},"faces":{"north":{"uv":[4,4.25,7,5.75],"texture":"#1","tintindex":0},"south":{"uv":[7,4.25,4,5.75],"texture":"#1","tintindex":0}}},{"from":[-7.5,4,7],"to":[4.5,10,7],"rotation":{"angle":22.5,"axis":"y","origin":[0,6,6]},"faces":{"north":{"uv":[0,4.25,3,5.75],"texture":"#1"},"south":{"uv":[3,4.25,0,5.75],"texture":"#1"}}},{"from":[11.5,4,7],"to":[23.5,10,7],"rotation":{"angle":-22.5,"axis":"y","origin":[16,6,6]},"faces":{"north":{"uv":[7,4.25,4,5.75],"texture":"#1","tintindex":0},"south":{"uv":[4,4.25,7,5.75],"texture":"#1","tintindex":0}}},{"from":[11.5,4,7],"to":[23.5,10,7],"rotation":{"angle":-22.5,"axis":"y","origin":[16,6,6]},"faces":{"north":{"uv":[3,4.25,0,5.75],"texture":"#1"},"south":{"uv":[0,4.25,3,5.75],"texture":"#1"}}},{"from":[-11.25,9,9],"to":[4.75,25,9],"rotation":{"angle":22.5,"axis":"y","origin":[-3,18,6]},"faces":{"north":{"uv":[0,0,4,4],"texture":"#1"},"south":{"uv":[4,0,0,4],"texture":"#1"}}},{"from":[-11.25,9,9],"to":[4.75,25,9],"rotation":{"angle":22.5,"axis":"y","origin":[-3,18,6]},"faces":{"north":{"uv":[4,0,8,4],"texture":"#1","tintindex":0},"south":{"uv":[8,0,4,4],"texture":"#1","tintindex":0}}},{"from":[11.25,9,9],"to":[27.25,25,9],"rotation":{"angle":-22.5,"axis":"y","origin":[19,18,6]},"faces":{"north":{"uv":[4,0,0,4],"texture":"#1"},"south":{"uv":[0,0,4,4],"texture":"#1"}}},{"from":[11.25,9,9],"to":[27.25,25,9],"rotation":{"angle":-22.5,"axis":"y","origin":[19,18,6]},"faces":{"north":{"uv":[8,0,4,4],"texture":"#1","tintindex":0},"south":{"uv":[4,0,8,4],"texture":"#1","tintindex":0}}},{"from":[8,4.25,17],"to":[8,7.25,24],"rotation":{"angle":22.5,"axis":"x","origin":[0,0,0]},"faces":{"east":{"uv":[9,7.5,10.75,8.25],"texture":"#0"},"west":{"uv":[10.75,7.5,9,8.25],"texture":"#0"}}},{"from":[-13.25,9,12],"to":[2.75,25,12],"rotation":{"angle":45,"axis":"y","origin":[-3,18,6]},"faces":{"north":{"uv":[8,0,12,4],"texture":"#1"},"south":{"uv":[12,0,8,4],"texture":"#1"}}},{"from":[-13.25,9,12],"to":[2.75,25,12],"rotation":{"angle":45,"axis":"y","origin":[-3,18,6]},"faces":{"north":{"uv":[12,0,16,4],"texture":"#1","tintindex":0},"south":{"uv":[16,0,12,4],"texture":"#1","tintindex":0}}},{"from":[13.25,9,12],"to":[29.25,25,12],"rotation":{"angle":-45,"axis":"y","origin":[19,18,6]},"faces":{"north":{"uv":[12,0,8,4],"texture":"#1"},"south":{"uv":[8,0,12,4],"texture":"#1"}}},{"from":[13.25,9,12],"to":[29.25,25,12],"rotation":{"angle":-45,"axis":"y","origin":[19,18,6]},"faces":{"north":{"uv":[16,0,12,4],"texture":"#1","tintindex":0},"south":{"uv":[12,0,16,4],"texture":"#1","tintindex":0}}},{"from":[-8.5,4,9.5],"to":[3.5,10,9.5],"rotation":{"angle":45,"axis":"y","origin":[0,6,6]},"faces":{"north":{"uv":[12,4.25,15,5.75],"texture":"#1","tintindex":0},"south":{"uv":[15,4.25,12,5.75],"texture":"#1","tintindex":0}}},{"from":[-8.5,4,9.5],"to":[3.5,10,9.5],"rotation":{"angle":45,"axis":"y","origin":[0,6,6]},"faces":{"north":{"uv":[8,4.25,11,5.75],"texture":"#1"},"south":{"uv":[11,4.25,8,5.75],"texture":"#1"}}},{"from":[12.5,4,9.5],"to":[24.5,10,9.5],"rotation":{"angle":-45,"axis":"y","origin":[16,6,6]},"faces":{"north":{"uv":[15,4.25,12,5.75],"texture":"#1","tintindex":0},"south":{"uv":[12,4.25,15,5.75],"texture":"#1","tintindex":0}}},{"from":[12.5,4,9.5],"to":[24.5,10,9.5],"rotation":{"angle":-45,"axis":"y","origin":[16,6,6]},"faces":{"north":{"uv":[11,4.25,8,5.75],"texture":"#1"},"south":{"uv":[8,4.25,11,5.75],"texture":"#1"}}}],"gui_light":"front","display":{"gui":{"rotation":[17,-25,0],"translation":[0.75,0.75,0],"scale":[0.48,0.48,0.48]},"head":{"rotation":[9,0,0],"translation":[0,-49.5,8],"scale":[1.6,1.6,1.6]},"thirdperson_righthand":{"rotation":[99.0,0,0],"translation":[-1.0,-7.0,16.662498],"scale":[1.0,1.0,1.0]}},"groups":[0,1,2,3,{"name":"group","origin":[0,0,0],"color":0,"children":[4,5,6,7]},{"name":"group","origin":[0,0,0],"color":0,"children":[]},{"name":"group","origin":[-3,18,5],"color":0,"children":[8,9,10,11]},12,{"name":"group","origin":[-3,18,5],"color":0,"children":[]},{"name":"group","origin":[-3,18,5],"color":0,"children":[13,14,15,16]},{"name":"group","origin":[0,0,0],"color":0,"children":[17,18,19,20]}]}