{"credit":"Made with Blockbench","texture_size":[64,64],"textures":{"1":"custom/cosmetics/badger/beelloon_wing","particle":"custom/cosmetics/badger/beelloon"},"elements":[{"from":[3,0,8],"to":[13,10,8],"rotation":{"angle":22.5,"axis":"y","origin":[3,5,8]},"faces":{"north":{"uv":[5,8,0,3],"texture":"#1"},"south":{"uv":[0,8,5,3],"texture":"#1"}}},{"from":[3,0,8],"to":[13,10,8],"rotation":{"angle":-45,"axis":"y","origin":[3,5,8]},"faces":{"north":{"uv":[13,8,8,3],"texture":"#1"},"south":{"uv":[8,8,13,3],"texture":"#1"}}}],"display":{"gui":{"rotation":[6,144,0],"translation":[-0.75,0.5,0],"scale":[0.57,0.57,0.57]},"head":{"rotation":[-22.5,0,0],"translation":[12,7.75,-5.5],"scale":[2.2857,2.2857,2.2857]}}}