{"credit":"Made with Blockbench","texture_size":[64,64],"textures":{"0":"custom/cosmetics/badger/beelloon","particle":"custom/cosmetics/badger/beelloon"},"elements":[{"from":[2.5,0,0],"to":[13.5,11,16],"rotation":{"angle":22.5,"axis":"x","origin":[8,6.95117,8.31049]},"faces":{"north":{"uv":[0,11.25,2.75,14],"texture":"#0","tintindex":0},"east":{"uv":[7,11.25,3,14],"texture":"#0","tintindex":0},"west":{"uv":[3,11.25,7,14],"texture":"#0","tintindex":0},"up":{"uv":[0,7,2.75,11],"rotation":180,"texture":"#0","tintindex":0},"down":{"uv":[3,11,5.75,7],"rotation":180,"texture":"#0","tintindex":0}}},{"from":[2.5,0,0],"to":[13.5,11,16],"rotation":{"angle":22.5,"axis":"x","origin":[8,6.95117,8.31049]},"faces":{"north":{"uv":[0,4.25,2.75,7],"texture":"#0"},"east":{"uv":[7,4.25,3,7],"texture":"#0"},"south":{"uv":[7.25,4.25,10,7],"texture":"#0"},"west":{"uv":[3,4.25,7,7],"texture":"#0"},"up":{"uv":[0,0,2.75,4],"rotation":180,"texture":"#0"},"down":{"uv":[3,4,5.75,0],"rotation":180,"texture":"#0"}}},{"from":[8,4,16],"to":[8,7,23],"rotation":{"angle":22.5,"axis":"x","origin":[8,6.95117,8.31049]},"faces":{"east":{"uv":[6,3.25,7.75,4],"texture":"#0"},"west":{"uv":[7.75,3.25,6,4],"texture":"#0"}}},{"from":[4,-0.62318,1.0544],"to":[6,6.37682,1.0544],"rotation":{"angle":-22.5,"axis":"x","origin":[8,6.95117,8.31049]},"faces":{"north":{"uv":[8,0,8.5,1.75],"texture":"#0"},"south":{"uv":[8,0,8.5,1.75],"texture":"#0"}}},{"from":[10,-0.62318,1.0544],"to":[12,6.37682,1.0544],"rotation":{"angle":-22.5,"axis":"x","origin":[8,6.95117,8.31049]},"faces":{"north":{"uv":[8,0,8.5,1.75],"texture":"#0"},"south":{"uv":[8,0,8.5,1.75],"texture":"#0"}}},{"from":[4,-3.45161,3.88282],"to":[6,3.54839,3.88282],"rotation":{"angle":-22.5,"axis":"x","origin":[8,6.95117,8.31049]},"faces":{"north":{"uv":[8,0,8.5,1.75],"texture":"#0"},"south":{"uv":[8,0,8.5,1.75],"texture":"#0"}}},{"from":[10,-3.45161,3.88282],"to":[12,3.54839,3.88282],"rotation":{"angle":-22.5,"axis":"x","origin":[8,6.95117,8.31049]},"faces":{"north":{"uv":[8,0,8.5,1.75],"texture":"#0"},"south":{"uv":[8,0,8.5,1.75],"texture":"#0"}}},{"from":[4,-6.28003,6.71125],"to":[6,0.71997,6.71125],"rotation":{"angle":-22.5,"axis":"x","origin":[8,6.95117,8.31049]},"faces":{"north":{"uv":[8,0,8.5,1.75],"texture":"#0"},"south":{"uv":[8,0,8.5,1.75],"texture":"#0"}}},{"from":[10,-6.28003,6.71125],"to":[12,0.71997,6.71125],"rotation":{"angle":-22.5,"axis":"x","origin":[8,6.95117,8.31049]},"faces":{"north":{"uv":[8,0,8.5,1.75],"texture":"#0"},"south":{"uv":[8,0,8.5,1.75],"texture":"#0"}}},{"from":[4.475,17.63519,0.03872],"to":[6.475,19.63519,2.03872],"rotation":{"angle":22.5,"axis":"z","origin":[5.4875,11.01019,1.03872]},"faces":{"north":{"uv":[6.5,7.5,6,8],"texture":"#0","tintindex":0},"east":{"uv":[6,7.5,6.5,8],"texture":"#0","tintindex":0},"south":{"uv":[6.5,7.5,6,8],"texture":"#0","tintindex":0},"west":{"uv":[6,7.5,6.5,8],"texture":"#0","tintindex":0},"up":{"uv":[6.25,7.75,6.5,7.5],"rotation":90,"texture":"#0","tintindex":0},"down":{"uv":[6,7.75,6.25,8],"rotation":90,"texture":"#0","tintindex":0}}},{"from":[5,10.88519,1.03872],"to":[6,17.88519,1.03872],"rotation":{"angle":22.5,"axis":"z","origin":[5.4875,11.01019,1.03872]},"faces":{"north":{"uv":[6.25,1.25,6,3],"texture":"#0"},"south":{"uv":[6.25,1.25,6,3],"texture":"#0"}}},{"from":[9.525,17.63519,0.03872],"to":[11.525,19.63519,2.03872],"rotation":{"angle":-22.5,"axis":"z","origin":[10.5125,11.01019,1.03872]},"faces":{"north":{"uv":[6,7.5,6.5,8],"texture":"#0","tintindex":0},"east":{"uv":[6.5,7.5,6,8],"texture":"#0","tintindex":0},"south":{"uv":[6,7.5,6.5,8],"texture":"#0","tintindex":0},"west":{"uv":[6.5,7.5,6,8],"texture":"#0","tintindex":0},"up":{"uv":[6.25,7.5,6.5,7.75],"rotation":90,"texture":"#0","tintindex":0},"down":{"uv":[6,8,6.25,7.75],"rotation":90,"texture":"#0","tintindex":0}}},{"from":[10,10.88519,1.03872],"to":[11,17.88519,1.03872],"rotation":{"angle":-22.5,"axis":"z","origin":[10.5125,11.01019,1.03872]},"faces":{"north":{"uv":[6,1.25,6.25,3],"texture":"#0"},"south":{"uv":[6,1.25,6.25,3],"texture":"#0"}}},{"from":[-7,9,7],"to":[3,19,7],"rotation":{"angle":22.5,"axis":"y","origin":[3,11,7]},"faces":{"north":{"uv":[7.25,7.25,9.75,9.75],"texture":"#0"},"south":{"uv":[9.75,7.25,7.25,9.75],"texture":"#0"}}},{"from":[13,9,7],"to":[23,19,7],"rotation":{"angle":-22.5,"axis":"y","origin":[13,11,7]},"faces":{"north":{"uv":[9.75,7.25,7.25,9.75],"texture":"#0"},"south":{"uv":[7.25,7.25,9.75,9.75],"texture":"#0"}}}],"display":{"gui":{"rotation":[6,144,0],"translation":[-0.75,0.5,0],"scale":[0.57,0.57,0.57]},"head":{"rotation":[-22.5,0,0],"translation":[0,3.75,-0.75],"scale":[2.2857,2.2857,2.2857]}}}