{"credit":"Made with Blockbench","texture_size":[64,64],"textures":{"0":"custom/cosmetics/badger/bee_hat","particle":"custom/cosmetics/badger/bee_hat"},"elements":[{"from":[3.5,-2,3.5],"to":[12.5,4,12.5],"faces":{"north":{"uv":[2.5,0,4.75,1.5],"texture":"#0"},"east":{"uv":[0,0,2.25,1.5],"texture":"#0"},"south":{"uv":[5,0,7.25,1.5],"texture":"#0"},"west":{"uv":[2.25,0,0,1.5],"texture":"#0"},"up":{"uv":[2.5,1.75,4.75,4],"rotation":180,"texture":"#0"}}},{"from":[3.5,-2,3.5],"to":[12.5,4,12.5],"faces":{"north":{"uv":[2.5,4,4.75,5.5],"texture":"#0","tintindex":0},"east":{"uv":[0,4,2.25,5.5],"texture":"#0","tintindex":0},"south":{"uv":[5,4,7.25,5.5],"texture":"#0","tintindex":0},"west":{"uv":[2.25,4,0,5.5],"texture":"#0","tintindex":0},"up":{"uv":[2.5,5.75,4.75,8],"rotation":180,"texture":"#0","tintindex":0}}},{"from":[3,-2.5,3],"to":[13,0,13],"faces":{"north":{"uv":[2.5,1,4.75,1.5],"texture":"#0"},"east":{"uv":[2.5,1,4.75,1.5],"texture":"#0"},"south":{"uv":[2.5,1,4.75,1.5],"texture":"#0"},"west":{"uv":[2.5,1,4.75,1.5],"texture":"#0"},"down":{"uv":[0,1.75,2.25,4],"texture":"#0"}}},{"from":[3,-2.5,3],"to":[13,0,13],"faces":{"north":{"uv":[2.5,5,4.75,5.5],"texture":"#0","tintindex":0},"east":{"uv":[2.5,5,4.75,5.5],"texture":"#0","tintindex":0},"south":{"uv":[2.5,5,4.75,5.5],"texture":"#0","tintindex":0},"west":{"uv":[2.5,5,4.75,5.5],"texture":"#0","tintindex":0},"down":{"uv":[0,5.75,2.25,8],"texture":"#0","tintindex":0}}},{"from":[5,3.75,4],"to":[6,10.75,4],"rotation":{"angle":22.5,"axis":"z","origin":[6,5,4]},"faces":{"north":{"uv":[5,1.75,5.25,3.5],"texture":"#0"},"south":{"uv":[5,1.75,5.25,3.5],"texture":"#0"}}},{"from":[10,3.75,4],"to":[11,10.75,4],"rotation":{"angle":-22.5,"axis":"z","origin":[10,5,4]},"faces":{"north":{"uv":[5.25,1.75,5,3.5],"texture":"#0"},"south":{"uv":[5.25,1.75,5,3.5],"texture":"#0"}}},{"from":[2,9.75,3],"to":[4,11.75,5],"rotation":{"angle":-22.5,"axis":"z","origin":[2.5,10.5,4.5]},"faces":{"north":{"uv":[6.25,6,5.75,6.5],"texture":"#0","tintindex":0},"east":{"uv":[5.5,6.75,6.25,7.25],"texture":"#0","tintindex":0},"south":{"uv":[5.75,6,6.25,6.5],"texture":"#0","tintindex":0},"west":{"uv":[6.25,6,7,6.5],"texture":"#0","tintindex":0},"up":{"uv":[6.25,6,7,6.5],"rotation":270,"texture":"#0","tintindex":0},"down":{"uv":[5.5,6.75,6.25,7.25],"rotation":270,"texture":"#0","tintindex":0}}},{"from":[12,9.75,3],"to":[14,11.75,5],"rotation":{"angle":22.5,"axis":"z","origin":[13.5,10.5,4.5]},"faces":{"north":{"uv":[5.75,6,6.25,6.5],"texture":"#0","tintindex":0},"east":{"uv":[7,6,6.25,6.5],"texture":"#0","tintindex":0},"south":{"uv":[6.25,6,5.75,6.5],"texture":"#0","tintindex":0},"west":{"uv":[6.25,6.75,5.5,7.25],"texture":"#0","tintindex":0},"up":{"uv":[6.25,6.5,7,6],"rotation":270,"texture":"#0","tintindex":0},"down":{"uv":[5.5,7.25,6.25,6.75],"rotation":270,"texture":"#0","tintindex":0}}},{"from":[12.5,4,10.5],"to":[12.5,7,13.5],"rotation":{"angle":-45,"axis":"z","origin":[12.5,4,10.5]},"faces":{"east":{"uv":[5.5,1.5,6.25,2.25],"texture":"#0"},"west":{"uv":[6.25,1.5,5.5,2.25],"texture":"#0"}}},{"from":[3.5,4,10.5],"to":[3.5,7,13.5],"rotation":{"angle":45,"axis":"z","origin":[3.5,4,10.5]},"faces":{"east":{"uv":[5.5,1.5,6.25,2.25],"texture":"#0"},"west":{"uv":[6.25,1.5,5.5,2.25],"texture":"#0"}}},{"name":"cube inverted","from":[13,0,13],"to":[3,-2.5,3],"faces":{"north":{"uv":[2.5,1.5,4.75,1],"texture":"#0"},"east":{"uv":[2.5,1.5,4.75,1],"texture":"#0"},"south":{"uv":[2.5,1.5,4.75,1],"texture":"#0"},"west":{"uv":[2.5,1.5,4.75,1],"texture":"#0"},"up":{"uv":[2.25,1.75,0,4],"texture":"#0"}}},{"name":"cube inverted","from":[13,0,13],"to":[3,-2.5,3],"faces":{"north":{"uv":[2.5,5.5,4.75,5],"texture":"#0","tintindex":0},"east":{"uv":[2.5,5.5,4.75,5],"texture":"#0","tintindex":0},"south":{"uv":[2.5,5.5,4.75,5],"texture":"#0","tintindex":0},"west":{"uv":[2.5,5.5,4.75,5],"texture":"#0","tintindex":0},"up":{"uv":[2.25,5.75,0,8],"texture":"#0","tintindex":0}}}],"display":{"gui":{"rotation":[26,145,0],"translation":[0,3.5,0],"scale":[0.84,0.84,0.84]},"head":{"rotation":[9,0,0],"translation":[0,18.5,2.25],"scale":[1.74,1.74,1.74]},"thirdperson_righthand":{"rotation":[99.0,0,0],"translation":[-1.0,-3.40625,24.589844],"scale":[1.0195312,1.0195312,1.0195312]}}}