{"credit":"Made with Blockbench","texture_size":[32,32],"textures":{"0":"custom/cosmetics/badger/firefly_lantern","2":"custom/cosmetics/badger/firefly_dye_0","3":"custom/cosmetics/badger/firefly_0","4":"custom/cosmetics/badger/firefly_dye_1","5":"custom/cosmetics/badger/firefly_1","particle":"custom/cosmetics/badger/firefly_lantern"},"elements":[{"from":[10.5,10,10.5],"to":[5.5,3,5.5],"faces":{"north":{"uv":[0,0,3,4.5],"rotation":180,"texture":"#0"},"east":{"uv":[0,0,3,4.5],"rotation":180,"texture":"#0"},"south":{"uv":[0,0,3,4.5],"rotation":180,"texture":"#0"},"west":{"uv":[0,0,3,4.5],"rotation":180,"texture":"#0"},"up":{"uv":[11,0,14,3],"rotation":180,"texture":"#0"}}},{"from":[10.8,10.3,10.8],"to":[5.2,2.7,5.2],"faces":{"north":{"uv":[3.5,0,6.5,4.5],"rotation":180,"texture":"#0","tintindex":0},"east":{"uv":[3.5,0,6.5,4.5],"rotation":180,"texture":"#0","tintindex":0},"south":{"uv":[3.5,0,6.5,4.5],"rotation":180,"texture":"#0","tintindex":0},"west":{"uv":[3.5,0,6.5,4.5],"rotation":180,"texture":"#0","tintindex":0},"up":{"uv":[3.5,0,4.5,1],"rotation":180,"texture":"#0","tintindex":0}}},{"from":[5,10,5],"to":[11,12,11],"faces":{"north":{"uv":[0,5.5,3,6.5],"texture":"#0"},"east":{"uv":[0,5.5,3,6.5],"texture":"#0"},"south":{"uv":[0,5.5,3,6.5],"texture":"#0"},"west":{"uv":[0,5.5,3,6.5],"texture":"#0"},"up":{"uv":[0,7,3,10],"texture":"#0"},"down":{"uv":[3.5,7,6.5,10],"texture":"#0"}}},{"from":[7,-0.25,19.5],"to":[9,21.75,21.5],"rotation":{"angle":-45,"axis":"x","origin":[8,5.25,15.5]},"faces":{"north":{"uv":[9,0,8,11],"texture":"#0"},"east":{"uv":[8,0,9,11],"texture":"#0"},"south":{"uv":[9,0,8,11],"texture":"#0"},"west":{"uv":[8,0,9,11],"texture":"#0"},"up":{"uv":[9,0,10,1],"texture":"#0"},"down":{"uv":[2,7,3,8],"texture":"#0"}}},{"from":[8,11.75,7.5],"to":[8,18.75,8.25],"rotation":{"angle":0,"axis":"y","origin":[0,0.75,-0.5]},"faces":{"north":{"uv":[7,0.5,7.5,4],"texture":"#0"},"east":{"uv":[7,0.5,7.5,4],"texture":"#0"},"south":{"uv":[7,0.5,7.5,4],"texture":"#0"},"west":{"uv":[7,0.5,7.5,4],"texture":"#0"},"up":{"uv":[7,0.5,7.5,1],"texture":"#0"},"down":{"uv":[7,0.5,7.5,1],"texture":"#0"}}},{"from":[-1.5,6,10],"to":[2.5,10,10],"rotation":{"angle":45,"axis":"y","origin":[2.5,2,2]},"faces":{"north":{"uv":[0,0,8,8],"texture":"#3"},"south":{"uv":[0,0,8,8],"texture":"#3"}}},{"from":[4.74264,6,9.07107],"to":[8.74264,10,9.07107],"rotation":{"angle":-45,"axis":"y","origin":[6.74264,8,9.07107]},"faces":{"north":{"uv":[0,0,8,8],"texture":"#3"},"south":{"uv":[0,0,8,8],"texture":"#3"}}},{"from":[11.25736,2,4.07107],"to":[15.25736,6,4.07107],"rotation":{"angle":45,"axis":"y","origin":[13.25736,4,4.07107]},"faces":{"north":{"uv":[8,0,0,8],"texture":"#3"},"south":{"uv":[8,0,0,8],"texture":"#3"}}},{"from":[17.5,2,5],"to":[21.5,6,5],"rotation":{"angle":-45,"axis":"y","origin":[17.5,-2,-3]},"faces":{"north":{"uv":[8,0,0,8],"texture":"#3"},"south":{"uv":[8,0,0,8],"texture":"#3"}}},{"from":[7,3,6],"to":[11,7,6],"rotation":{"angle":-45,"axis":"y","origin":[7,-1,-2]},"faces":{"north":{"uv":[8,0,0,8],"texture":"#5"},"south":{"uv":[8,0,0,8],"texture":"#5"}}},{"from":[0.75736,3,5.07107],"to":[4.75736,7,5.07107],"rotation":{"angle":45,"axis":"y","origin":[2.75736,5,5.07107]},"faces":{"north":{"uv":[8,0,0,8],"texture":"#5"},"south":{"uv":[8,0,0,8],"texture":"#5"}}},{"from":[10.75736,7,12.07107],"to":[14.75736,11,12.07107],"rotation":{"angle":45,"axis":"y","origin":[12.75736,9,12.07107]},"faces":{"north":{"uv":[8,0,0,8],"texture":"#4","tintindex":0},"south":{"uv":[8,0,0,8],"texture":"#4","tintindex":0}}},{"from":[17,7,13],"to":[21,11,13],"rotation":{"angle":-45,"axis":"y","origin":[17,3,5]},"faces":{"north":{"uv":[8,0,0,8],"texture":"#4","tintindex":0},"south":{"uv":[8,0,0,8],"texture":"#4","tintindex":0}}},{"from":[7.24264,3,7.07107],"to":[11.24264,7,7.07107],"rotation":{"angle":-45,"axis":"y","origin":[9.24264,5,7.07107]},"faces":{"north":{"uv":[0,0,8,8],"texture":"#2","tintindex":0},"south":{"uv":[0,0,8,8],"texture":"#2","tintindex":0}}},{"from":[1,3,8],"to":[5,7,8],"rotation":{"angle":45,"axis":"y","origin":[5,-1,0]},"faces":{"north":{"uv":[0,0,8,8],"texture":"#2","tintindex":0},"south":{"uv":[0,0,8,8],"texture":"#2","tintindex":0}}},{"from":[0.75736,5,11.07107],"to":[4.75736,9,11.07107],"rotation":{"angle":45,"axis":"y","origin":[2.75736,7,11.07107]},"faces":{"north":{"uv":[8,0,0,8],"texture":"#2","tintindex":0},"south":{"uv":[8,0,0,8],"texture":"#2","tintindex":0}}},{"from":[7,5,12],"to":[11,9,12],"rotation":{"angle":-45,"axis":"y","origin":[7,1,4]},"faces":{"north":{"uv":[8,0,0,8],"texture":"#2","tintindex":0},"south":{"uv":[8,0,0,8],"texture":"#2","tintindex":0}}},{"from":[10.5,11,4.75],"to":[13.5,14,4.75],"rotation":{"angle":45,"axis":"y","origin":[11.5,12.5,5.5]},"faces":{"north":{"uv":[9,1,10.5,2.5],"texture":"#0"},"east":{"uv":[0,0,0,1.5],"texture":"#missing"},"south":{"uv":[10.5,1,9,2.5],"texture":"#0"},"west":{"uv":[0,0,0,1.5],"texture":"#missing"},"up":{"uv":[0,0,1.5,0],"texture":"#missing"},"down":{"uv":[0,0,1.5,0],"texture":"#missing"}}},{"from":[3.25,17,13],"to":[6.25,20,13],"rotation":{"angle":45,"axis":"y","origin":[4.5,12.5,10.5]},"faces":{"north":{"uv":[10.5,1,9,2.5],"texture":"#0"},"east":{"uv":[0,0,0,1.5],"texture":"#missing"},"south":{"uv":[9,1,10.5,2.5],"texture":"#0"},"west":{"uv":[0,0,0,1.5],"texture":"#missing"},"up":{"uv":[1.5,0,0,0],"texture":"#missing"},"down":{"uv":[1.5,0,0,0],"texture":"#missing"}}}],"display":{"thirdperson_righthand":{"rotation":[66.0,13.0,-1.0],"translation":[-3.8125,6.203125,-2.421875],"scale":[0.9375,0.9375,0.9375]},"thirdperson_lefthand":{"rotation":[66,-13,1],"translation":[2,6.75,-3.25]},"firstperson_righthand":{"translation":[7.5,0,0],"scale":[0,0,0]},"firstperson_lefthand":{"translation":[7.5,0,0],"scale":[0,0,0]},"gui":{"rotation":[14,133,0],"translation":[-2.5,-2,0],"scale":[0.72,0.72,0.72]}},"groups":[0,1,2,3,4,{"name":"group","origin":[7.24264,8,9.07107],"color":0,"children":[5,6,7,8]},{"name":"group","origin":[7.24264,8,9.07107],"color":0,"children":[9,10,11,12,13,14,15,16]},17,18]}