{"credit":"Made with Blockbench","texture_size":[32,32],"textures":{"0":"custom/cosmetics/badger/honey_wand","1":"custom/cosmetics/badger/honey_drip","particle":"custom/cosmetics/badger/honey_wand"},"elements":[{"from":[5,12,5],"to":[11,19,11],"faces":{"north":{"uv":[3,6,6,9.5],"texture":"#0"},"east":{"uv":[3,6,6,9.5],"texture":"#0"},"south":{"uv":[3,6,6,9.5],"texture":"#0"},"west":{"uv":[3,6,6,9.5],"texture":"#0"},"up":{"uv":[0,0,3,3],"texture":"#0"},"down":{"uv":[0,3,3,6],"texture":"#0"}}},{"from":[5,12,5],"to":[11,31,11],"faces":{"north":{"uv":[3,0,6,9.5],"texture":"#0"},"east":{"uv":[3,0,6,9.5],"texture":"#0"},"south":{"uv":[3,0,6,9.5],"texture":"#0"},"west":{"uv":[3,0,6,9.5],"texture":"#0"},"down":{"uv":[0,3,3,6],"texture":"#0"}}},{"from":[4.75,13.75,4.75],"to":[11.25,19.25,11.25],"faces":{"north":{"uv":[6,0,9,2.5],"texture":"#0","tintindex":0},"east":{"uv":[6,0,9,2.5],"texture":"#0","tintindex":0},"south":{"uv":[6,0,9,2.5],"texture":"#0","tintindex":0},"west":{"uv":[6,0,9,2.5],"texture":"#0","tintindex":0},"up":{"uv":[9,0,12,3],"texture":"#0","tintindex":0}}},{"from":[7,-7,7],"to":[9,12,9],"faces":{"north":{"uv":[0,6,1,15.5],"texture":"#0"},"east":{"uv":[1,6,0,15.5],"texture":"#0"},"south":{"uv":[0,6,1,15.5],"texture":"#0"},"west":{"uv":[1,6,0,15.5],"texture":"#0"},"up":{"uv":[0,14.5,1,15.5],"texture":"#0"},"down":{"uv":[0,14.5,1,15.5],"texture":"#0"}}},{"from":[6.75,-7.25,6.75],"to":[9.25,12.25,9.25],"faces":{"north":{"uv":[1,6,2,15.5],"texture":"#0","tintindex":0},"east":{"uv":[2,6,1,15.5],"texture":"#0","tintindex":0},"south":{"uv":[1,6,2,15.5],"texture":"#0","tintindex":0},"west":{"uv":[2,6,1,15.5],"texture":"#0","tintindex":0}}},{"name":"cube inverted","from":[9.25,12.25,9.25],"to":[6.75,-7.25,6.75],"faces":{"north":{"uv":[1,15.5,2,6],"texture":"#0","tintindex":0},"east":{"uv":[2,15.5,1,6],"texture":"#0","tintindex":0},"south":{"uv":[1,15.5,2,6],"texture":"#0","tintindex":0},"west":{"uv":[2,15.5,1,6],"texture":"#0","tintindex":0}}},{"from":[8,6.25,-9.5],"to":[8,16.25,-6.5],"rotation":{"angle":45,"axis":"x","origin":[0,0,0]},"faces":{"east":{"uv":[3,2,0,12],"texture":"#1","tintindex":0},"west":{"uv":[0,2,3,12],"texture":"#1","tintindex":0}}}],"display":{"thirdperson_righthand":{"rotation":[23.0,-0.0,7.0],"translation":[-2.40625,4.5625,5.078125],"scale":[0.9375,0.9375,0.9375]},"thirdperson_lefthand":{"rotation":[23,0,-7],"translation":[0.5,5,4.75]},"firstperson_righthand":{"translation":[12.5,0,0],"scale":[0,0,0]},"firstperson_lefthand":{"translation":[12.5,0,0],"scale":[0,0,0]},"gui":{"rotation":[-43,-52,-85],"translation":[0.25,0,0],"scale":[0.7,0.7,0.7]}}}