{"credit":"Made with Blockbench","texture_size":[64,64],"textures":{"0":"custom/cosmetics/badger/fruit_of_labor_head","particle":"custom/cosmetics/badger/fruit_of_labor_head"},"elements":[{"from":[2.5,12,-1],"to":[13.5,12,15],"rotation":{"angle":45,"axis":"x","origin":[8,12,15]},"faces":{"up":{"uv":[0,0,2.75,4],"texture":"#0"},"down":{"uv":[0,0,2.75,4],"rotation":180,"texture":"#0"}}},{"from":[7.75,-8,15.25],"to":[14.75,2,15.25],"rotation":{"angle":45,"axis":"z","origin":[8,3,15]},"faces":{"north":{"uv":[3,4,4.75,1.5],"texture":"#0"},"south":{"uv":[3,4,4.75,1.5],"texture":"#0"}}},{"from":[1.25,-8,15.25],"to":[8.25,2,15.25],"rotation":{"angle":-45,"axis":"z","origin":[8,3,15]},"faces":{"north":{"uv":[4.75,4,3,1.5],"texture":"#0"},"south":{"uv":[4.75,4,3,1.5],"texture":"#0"}}},{"from":[1.25,14,15.25],"to":[8.25,24,15.25],"rotation":{"angle":45,"axis":"z","origin":[8,13,15]},"faces":{"north":{"uv":[4.75,1.5,3,4],"texture":"#0"},"south":{"uv":[4.75,1.5,3,4],"texture":"#0"}}},{"from":[7.75,14,15.25],"to":[14.75,24,15.25],"rotation":{"angle":-45,"axis":"z","origin":[8,13,15]},"faces":{"north":{"uv":[3,1.5,4.75,4],"texture":"#0"},"south":{"uv":[3,1.5,4.75,4],"texture":"#0"}}},{"from":[2.5,3,-1],"to":[13.5,3,15],"rotation":{"angle":-45,"axis":"x","origin":[8,3,15]},"faces":{"up":{"uv":[0,4,2.75,0],"rotation":180,"texture":"#0"},"down":{"uv":[0,4,2.75,0],"texture":"#0"}}},{"from":[0.81802,2,-5.83883],"to":[0.81802,13,10.16117],"rotation":{"angle":45,"axis":"y","origin":[8,7.5,9.34315]},"faces":{"east":{"uv":[0,0,2.75,4],"rotation":90,"texture":"#0"},"west":{"uv":[0,0,2.75,4],"rotation":270,"texture":"#0"}}},{"from":[15.18198,2,-5.83883],"to":[15.18198,13,10.16117],"rotation":{"angle":-45,"axis":"y","origin":[8,7.5,9.34315]},"faces":{"east":{"uv":[0,4,2.75,0],"rotation":270,"texture":"#0"},"west":{"uv":[0,4,2.75,0],"rotation":90,"texture":"#0"}}},{"from":[3.5,3,15],"to":[12.5,12,17],"faces":{"north":{"uv":[0,4,2.25,6.25],"texture":"#0","tintindex":0},"east":{"uv":[0,6.25,0.5,8.5],"texture":"#0"},"south":{"uv":[0,6.25,2.25,8.5],"texture":"#0"},"west":{"uv":[0.5,6.25,0,8.5],"texture":"#0"},"up":{"uv":[0,6.25,2.25,6.5],"texture":"#0"},"down":{"uv":[0,8.25,2.25,8.5],"texture":"#0"}}},{"from":[4.5,4,14.5],"to":[11.5,11,14.5],"faces":{"north":{"uv":[4.75,6,6.5,7.75],"texture":"#0"},"south":{"uv":[4.75,6,6.5,7.75],"texture":"#0"}}},{"from":[3,12.37132,2.9467],"to":[13,12.37132,11.9467],"rotation":{"angle":45,"axis":"x","origin":[8,8,11.81802]},"faces":{"up":{"uv":[7,4,9.5,6.25],"texture":"#0","tintindex":0},"down":{"uv":[7,4,9.5,6.25],"rotation":180,"texture":"#0","tintindex":0}}},{"from":[3,3.62868,2.9467],"to":[13,3.62868,11.9467],"rotation":{"angle":-45,"axis":"x","origin":[8,8,11.81802]},"faces":{"up":{"uv":[7,6.25,9.5,4],"rotation":180,"texture":"#0","tintindex":0},"down":{"uv":[7,6.25,9.5,4],"texture":"#0","tintindex":0}}},{"from":[12.37132,3,2.9467],"to":[12.37132,13,11.9467],"rotation":{"angle":-45,"axis":"y","origin":[8,8,11.81802]},"faces":{"east":{"uv":[7,6.25,9.5,4],"rotation":270,"texture":"#0","tintindex":0},"west":{"uv":[7,6.25,9.5,4],"rotation":90,"texture":"#0","tintindex":0}}},{"from":[3.62868,3,2.9467],"to":[3.62868,13,11.9467],"rotation":{"angle":45,"axis":"y","origin":[8,8,11.81802]},"faces":{"east":{"uv":[7,4,9.5,6.25],"rotation":90,"texture":"#0","tintindex":0},"west":{"uv":[7,4,9.5,6.25],"rotation":270,"texture":"#0","tintindex":0}}}],"gui_light":"front","display":{"gui":{"rotation":[30,142,0],"translation":[-0.5,0.25,0],"scale":[0.49,0.49,0.49]},"head":{"translation":[0,-6.75,-23.5],"scale":[2.2857,2.2857,2.2857]}}}