{"credit":"Made with Blockbench","texture_size":[64,64],"textures":{"0":"custom/cosmetics/badger/fruit_of_labor_head","particle":"custom/cosmetics/badger/fruit_of_labor_head"},"elements":[{"from":[2.5,12,16.25],"to":[13.5,28,16.25],"rotation":{"angle":22.5,"axis":"x","origin":[8,12,16.25]},"faces":{"north":{"uv":[0,0,2.75,4],"texture":"#0"},"south":{"uv":[0,0,2.75,4],"texture":"#0"}}},{"from":[2.5,-12.25,15.75],"to":[13.5,3.75,15.75],"rotation":{"angle":-22.5,"axis":"x","origin":[8,4,16.25]},"faces":{"north":{"uv":[0,4,2.75,0],"texture":"#0"},"south":{"uv":[0,4,2.75,0],"texture":"#0"}}},{"from":[10.64895,2.28884,14.51917],"to":[26.64895,13.28884,14.51917],"rotation":{"angle":-22.5,"axis":"y","origin":[8,7.78884,19.12833]},"faces":{"north":{"uv":[0,4,2.75,0],"rotation":90,"texture":"#0"},"south":{"uv":[0,4,2.75,0],"rotation":270,"texture":"#0"}}},{"from":[-10.78911,2.28884,14.85756],"to":[5.21089,13.28884,14.85756],"rotation":{"angle":22.5,"axis":"y","origin":[8,7.78884,19.12833]},"faces":{"north":{"uv":[0,0,2.75,4],"rotation":90,"texture":"#0"},"south":{"uv":[0,0,2.75,4],"rotation":270,"texture":"#0"}}},{"from":[3.5,3,15],"to":[12.5,12,17],"faces":{"north":{"uv":[0,6.25,2.25,8.5],"texture":"#0"},"east":{"uv":[0,6.25,0.5,8.5],"texture":"#0"},"south":{"uv":[0,6.25,2.25,8.5],"texture":"#0"},"west":{"uv":[0.5,6.25,0,8.5],"texture":"#0"},"up":{"uv":[0,6.25,2.25,6.5],"texture":"#0"},"down":{"uv":[0,8.25,2.25,8.5],"texture":"#0"}}},{"from":[3,12,10.5],"to":[13,21,10.5],"rotation":{"angle":-45,"axis":"x","origin":[8,11.5,11]},"faces":{"north":{"uv":[7,4,9.5,6.25],"texture":"#0","tintindex":0},"south":{"uv":[7,4,9.5,6.25],"texture":"#0","tintindex":0}}},{"from":[3,-5.75,11.175],"to":[13,3.25,11.175],"rotation":{"angle":45,"axis":"x","origin":[8,4.5,11]},"faces":{"north":{"uv":[7,6.25,9.5,4],"texture":"#0","tintindex":0},"south":{"uv":[7,6.25,9.5,4],"texture":"#0","tintindex":0}}},{"from":[9.22487,2.64645,12.29289],"to":[18.22487,12.64645,12.29289],"rotation":{"angle":45,"axis":"y","origin":[8,7.64645,7.81802]},"faces":{"north":{"uv":[7,6.25,9.5,4],"rotation":90,"texture":"#0","tintindex":0},"south":{"uv":[7,6.25,9.5,4],"rotation":270,"texture":"#0","tintindex":0}}},{"from":[-2.22487,2.64645,12.29289],"to":[6.77513,12.64645,12.29289],"rotation":{"angle":-45,"axis":"y","origin":[8,7.64645,7.81802]},"faces":{"north":{"uv":[7,4,9.5,6.25],"rotation":90,"texture":"#0","tintindex":0},"south":{"uv":[7,4,9.5,6.25],"rotation":270,"texture":"#0","tintindex":0}}},{"from":[1,11,14.75],"to":[15,25,14.75],"rotation":{"angle":45,"axis":"z","origin":[8,8,15]},"faces":{"north":{"uv":[7,6.5,10.5,10],"texture":"#0","tintindex":0},"south":{"uv":[7,6.5,10.5,10],"texture":"#0","tintindex":0}}},{"from":[1,11,14.75],"to":[15,25,14.75],"rotation":{"angle":-45,"axis":"z","origin":[8,8,15]},"faces":{"north":{"uv":[10.5,6.5,7,10],"texture":"#0","tintindex":0},"south":{"uv":[10.5,6.5,7,10],"texture":"#0","tintindex":0}}},{"from":[1,-9,14.75],"to":[15,5,14.75],"rotation":{"angle":-45,"axis":"z","origin":[8,8,15]},"faces":{"north":{"uv":[7,10,10.5,6.5],"texture":"#0","tintindex":0},"south":{"uv":[7,10,10.5,6.5],"texture":"#0","tintindex":0}}},{"from":[1,-9,14.75],"to":[15,5,14.75],"rotation":{"angle":45,"axis":"z","origin":[8,8,15]},"faces":{"north":{"uv":[10.5,10,7,6.5],"texture":"#0","tintindex":0},"south":{"uv":[10.5,10,7,6.5],"texture":"#0","tintindex":0}}},{"from":[12,11.5,14.7],"to":[4,3.5,6.7],"rotation":{"angle":0,"axis":"y","origin":[0,0,-2]},"faces":{"north":{"uv":[9,2.5,9.25,2.75],"texture":"#0","tintindex":0},"east":{"uv":[9.5,3,9,2.5],"rotation":270,"texture":"#0","tintindex":0},"south":{"uv":[9,2.75,9.25,3],"texture":"#0","tintindex":0},"west":{"uv":[9.5,2.5,9,3],"rotation":270,"texture":"#0","tintindex":0},"up":{"uv":[9,3,9.5,2.5],"rotation":180,"texture":"#0","tintindex":0},"down":{"uv":[9,3,9.5,2.5],"texture":"#0","tintindex":0}}},{"from":[4.5,4,7],"to":[11.5,11,15],"faces":{"north":{"uv":[0,11,1.5,12.5],"texture":"#0"},"east":{"uv":[0,12.75,1.5,14.25],"rotation":90,"texture":"#0"},"south":{"uv":[0,0,1.5,1.5],"texture":"#missing"},"west":{"uv":[0,12.75,1.5,14.25],"rotation":270,"texture":"#0"},"up":{"uv":[0,12.75,1.5,14.25],"texture":"#0"},"down":{"uv":[0,12.75,1.5,14.25],"rotation":180,"texture":"#0"}}},{"from":[2,11.5,12.5],"to":[4,13.5,14.5],"rotation":{"angle":0,"axis":"x","origin":[16,0,0]},"faces":{"north":{"uv":[9.5,3,9.25,2.75],"rotation":180,"texture":"#0","tintindex":0},"east":{"uv":[9,2.5,9.5,3],"rotation":270,"texture":"#0","tintindex":0},"south":{"uv":[9.5,2.75,9.25,2.5],"texture":"#0","tintindex":0},"west":{"uv":[9,2.5,9.5,3],"rotation":90,"texture":"#0","tintindex":0},"up":{"uv":[9.5,3,9,2.5],"texture":"#0","tintindex":0},"down":{"uv":[9.5,3,9,2.5],"rotation":180,"texture":"#0","tintindex":0}}},{"from":[12,11.5,12.5],"to":[14,13.5,14.5],"faces":{"north":{"uv":[9.25,3,9.5,2.75],"rotation":180,"texture":"#0","tintindex":0},"east":{"uv":[9,3,9.5,2.5],"rotation":90,"texture":"#0","tintindex":0},"south":{"uv":[9.25,2.75,9.5,2.5],"texture":"#0","tintindex":0},"west":{"uv":[9,3,9.5,2.5],"rotation":270,"texture":"#0","tintindex":0},"up":{"uv":[9,3,9.5,2.5],"texture":"#0","tintindex":0},"down":{"uv":[9,3,9.5,2.5],"rotation":180,"texture":"#0","tintindex":0}}},{"from":[2,1.5,12.5],"to":[4,3.5,14.5],"rotation":{"angle":0,"axis":"x","origin":[16,16,0]},"faces":{"north":{"uv":[9.5,2.75,9.25,3],"rotation":180,"texture":"#0","tintindex":0},"east":{"uv":[9.5,2.5,9,3],"rotation":270,"texture":"#0","tintindex":0},"south":{"uv":[9.5,2.5,9.25,2.75],"texture":"#0","tintindex":0},"west":{"uv":[9.5,2.5,9,3],"rotation":90,"texture":"#0","tintindex":0},"up":{"uv":[9.5,2.5,9,3],"rotation":180,"texture":"#0","tintindex":0},"down":{"uv":[9.5,2.5,9,3],"texture":"#0","tintindex":0}}},{"from":[12,1.5,12.5],"to":[14,3.5,14.5],"rotation":{"angle":0,"axis":"x","origin":[0,16,0]},"faces":{"north":{"uv":[9.25,2.75,9.5,3],"rotation":180,"texture":"#0","tintindex":0},"east":{"uv":[9.5,3,9,2.5],"rotation":90,"texture":"#0","tintindex":0},"south":{"uv":[9.25,2.5,9.5,2.75],"texture":"#0","tintindex":0},"west":{"uv":[9.5,3,9,2.5],"rotation":270,"texture":"#0","tintindex":0},"up":{"uv":[9,2.5,9.5,3],"rotation":180,"texture":"#0","tintindex":0},"down":{"uv":[9,2.5,9.5,3],"texture":"#0","tintindex":0}}},{"from":[10.5,9.75,7.5],"to":[5.5,4.75,2.5],"rotation":{"angle":0,"axis":"y","origin":[0,0,-2]},"faces":{"north":{"uv":[9,2.5,9.25,2.75],"texture":"#0","tintindex":0},"east":{"uv":[9.5,3,9,2.5],"rotation":270,"texture":"#0","tintindex":0},"south":{"uv":[9,2.75,9.25,3],"texture":"#0","tintindex":0},"west":{"uv":[9.5,2.5,9,3],"rotation":270,"texture":"#0","tintindex":0},"up":{"uv":[9,3,9.5,2.5],"rotation":180,"texture":"#0","tintindex":0},"down":{"uv":[9,3,9.5,2.5],"texture":"#0","tintindex":0}}},{"from":[6,5.25,3],"to":[10,9.25,7],"rotation":{"angle":0,"axis":"y","origin":[0,0,-2]},"faces":{"north":{"uv":[9.25,1.25,10.25,2.25],"texture":"#0"},"east":{"uv":[10.5,1.25,11.5,2.25],"rotation":270,"texture":"#0"},"south":{"uv":[11.25,1.25,11.5,1.5],"texture":"#0"},"west":{"uv":[10.5,2.25,11.5,1.25],"rotation":270,"texture":"#0"},"up":{"uv":[10.5,1.25,11.5,2.25],"rotation":180,"texture":"#0"},"down":{"uv":[10.5,1.25,11.5,2.25],"texture":"#0"}}}],"display":{"head":{"translation":[0,-6.75,-23.5],"scale":[2.2857,2.2857,2.2857]}}}