{"credit":"Made with Blockbench","texture_size":[64,64],"textures":{"0":"custom/cosmetics/badger/fruit_of_labor","particle":"custom/cosmetics/badger/fruit_of_labor"},"elements":[{"from":[8,-2,-5],"to":[8,16,21],"rotation":{"angle":45,"axis":"z","origin":[8,7,8]},"faces":{"east":{"uv":[6.5,0,0,4.5],"texture":"#0"},"west":{"uv":[0,0,6.5,4.5],"texture":"#0"}}},{"from":[8,-2,-5],"to":[8,16,21],"rotation":{"angle":-45,"axis":"z","origin":[8,7,8]},"faces":{"east":{"uv":[6.5,0,0,4.5],"texture":"#0"},"west":{"uv":[0,0,6.5,4.5],"texture":"#0"}}},{"from":[4,4,12],"to":[4,9,17],"faces":{"east":{"uv":[14.75,2.5,16,3.75],"texture":"#0","tintindex":0},"west":{"uv":[14.75,2.5,16,3.75],"texture":"#0","tintindex":0}}},{"from":[4,4,12],"to":[4,9,17],"faces":{"east":{"uv":[14.75,6.5,16,7.75],"texture":"#0"},"west":{"uv":[14.75,6.5,16,7.75],"texture":"#0"}}},{"from":[5,4,3],"to":[10,4,8],"rotation":{"angle":22.5,"axis":"x","origin":[7.5,4,5.5]},"faces":{"up":{"uv":[14.75,2.5,16,3.75],"rotation":270,"texture":"#0","tintindex":0},"down":{"uv":[14.75,2.5,16,3.75],"rotation":270,"texture":"#0","tintindex":0}}},{"from":[5,4,3],"to":[10,4,8],"rotation":{"angle":22.5,"axis":"x","origin":[7.5,4,5.5]},"faces":{"up":{"uv":[14.75,6.5,16,7.75],"rotation":270,"texture":"#0"},"down":{"uv":[14.75,6.5,16,7.75],"rotation":270,"texture":"#0"}}},{"from":[5,10,5],"to":[10,10,10],"rotation":{"angle":22.5,"axis":"x","origin":[7.5,11,7.5]},"faces":{"up":{"uv":[14.75,2.5,16,3.75],"rotation":270,"texture":"#0","tintindex":0},"down":{"uv":[14.75,2.5,16,3.75],"rotation":270,"texture":"#0","tintindex":0}}},{"from":[5,10,5],"to":[10,10,10],"rotation":{"angle":22.5,"axis":"x","origin":[7.5,11,7.5]},"faces":{"up":{"uv":[14.75,6.5,16,7.75],"rotation":270,"texture":"#0"},"down":{"uv":[14.75,6.5,16,7.75],"rotation":270,"texture":"#0"}}},{"from":[12,4,-1],"to":[12,9,4],"rotation":{"angle":0,"axis":"y","origin":[16,0,16]},"faces":{"east":{"uv":[14.75,2.5,16,3.75],"texture":"#0","tintindex":0},"west":{"uv":[14.75,2.5,16,3.75],"texture":"#0","tintindex":0}}},{"from":[12,4,-1],"to":[12,9,4],"rotation":{"angle":0,"axis":"y","origin":[16,0,16]},"faces":{"east":{"uv":[14.75,6.5,16,7.75],"texture":"#0"},"west":{"uv":[14.75,6.5,16,7.75],"texture":"#0"}}}],"display":{"head":{"translation":[0,-2.75,2.25],"scale":[2.2857,2.2857,2.2857]}},"groups":[0,1,{"name":"group","origin":[0,0,0],"color":0,"children":[2,3]},{"name":"group","origin":[0,0,0],"color":0,"children":[4,5]},{"name":"group","origin":[0,0,0],"color":0,"children":[6,7]},{"name":"group","origin":[0,0,0],"color":0,"children":[8,9]}]}