{"credit":"Made with Blockbench","texture_size":[64,64],"textures":{"0":"custom/cosmetics/badger/fruit_of_labor_head","particle":"custom/cosmetics/badger/fruit_of_labor_head"},"elements":[{"from":[3.215,10.44,-0.4825],"to":[12.785,24.36,-0.4825],"rotation":{"angle":22.5,"axis":"x","origin":[8,10.44,-0.4825]},"faces":{"north":{"uv":[0,0,2.75,4],"texture":"#0"},"south":{"uv":[0,0,2.75,4],"texture":"#0"}}},{"from":[3.215,-10.6575,-0.9175],"to":[12.785,3.2625,-0.9175],"rotation":{"angle":-22.5,"axis":"x","origin":[8,3.48,-0.4825]},"faces":{"north":{"uv":[0,4,2.75,0],"texture":"#0"},"south":{"uv":[0,4,2.75,0],"texture":"#0"}}},{"from":[10.30458,1.99129,-1.98832],"to":[24.22458,11.56129,-1.98832],"rotation":{"angle":-22.5,"axis":"y","origin":[8,6.77629,2.02165]},"faces":{"north":{"uv":[0,4,2.75,0],"rotation":90,"texture":"#0"},"south":{"uv":[0,4,2.75,0],"rotation":270,"texture":"#0"}}},{"from":[-8.34653,1.99129,-1.69392],"to":[5.57347,11.56129,-1.69392],"rotation":{"angle":22.5,"axis":"y","origin":[8,6.77629,2.02165]},"faces":{"north":{"uv":[0,0,2.75,4],"rotation":90,"texture":"#0"},"south":{"uv":[0,0,2.75,4],"rotation":270,"texture":"#0"}}},{"from":[4.085,2.61,-1.57],"to":[11.915,10.44,0.17],"rotation":{"angle":0,"axis":"y","origin":[1.04,0,-14.62]},"faces":{"north":{"uv":[0,6.25,2.25,8.5],"texture":"#0"},"east":{"uv":[0,6.25,0.5,8.5],"texture":"#0"},"south":{"uv":[0,6.25,2.25,8.5],"texture":"#0"},"west":{"uv":[0.5,6.25,0,8.5],"texture":"#0"},"up":{"uv":[0,6.25,2.25,6.5],"texture":"#0"},"down":{"uv":[0,8.25,2.25,8.5],"texture":"#0"}}},{"from":[3.65,10.44,-5.485],"to":[12.35,18.27,-5.485],"rotation":{"angle":-45,"axis":"x","origin":[8,10.005,-5.05]},"faces":{"north":{"uv":[7,4,9.5,6.25],"texture":"#0","tintindex":0},"south":{"uv":[7,4,9.5,6.25],"texture":"#0","tintindex":0}}},{"from":[3.65,-5.0025,-4.89775],"to":[12.35,2.8275,-4.89775],"rotation":{"angle":45,"axis":"x","origin":[8,3.915,-5.05]},"faces":{"north":{"uv":[7,6.25,9.5,4],"texture":"#0","tintindex":0},"south":{"uv":[7,6.25,9.5,4],"texture":"#0","tintindex":0}}},{"from":[9.06564,2.30241,-3.92518],"to":[16.89564,11.00241,-3.92518],"rotation":{"angle":45,"axis":"y","origin":[8,6.65241,-7.81832]},"faces":{"north":{"uv":[7,6.25,9.5,4],"rotation":90,"texture":"#0","tintindex":0},"south":{"uv":[7,6.25,9.5,4],"rotation":270,"texture":"#0","tintindex":0}}},{"from":[-0.89564,2.30241,-3.92518],"to":[6.93436,11.00241,-3.92518],"rotation":{"angle":-45,"axis":"y","origin":[8,6.65241,-7.81832]},"faces":{"north":{"uv":[7,4,9.5,6.25],"rotation":90,"texture":"#0","tintindex":0},"south":{"uv":[7,4,9.5,6.25],"rotation":270,"texture":"#0","tintindex":0}}},{"from":[1.91,9.57,-1.7875],"to":[14.09,21.75,-1.7875],"rotation":{"angle":45,"axis":"z","origin":[8,6.96,-1.57]},"faces":{"north":{"uv":[7,6.5,10.5,10],"texture":"#0","tintindex":0},"south":{"uv":[7,6.5,10.5,10],"texture":"#0","tintindex":0}}},{"from":[1.91,9.57,-1.7875],"to":[14.09,21.75,-1.7875],"rotation":{"angle":-45,"axis":"z","origin":[8,6.96,-1.57]},"faces":{"north":{"uv":[10.5,6.5,7,10],"texture":"#0","tintindex":0},"south":{"uv":[10.5,6.5,7,10],"texture":"#0","tintindex":0}}},{"from":[1.91,-7.83,-1.7875],"to":[14.09,4.35,-1.7875],"rotation":{"angle":-45,"axis":"z","origin":[8,6.96,-1.57]},"faces":{"north":{"uv":[7,10,10.5,6.5],"texture":"#0","tintindex":0},"south":{"uv":[7,10,10.5,6.5],"texture":"#0","tintindex":0}}},{"from":[1.91,-7.83,-1.7875],"to":[14.09,4.35,-1.7875],"rotation":{"angle":45,"axis":"z","origin":[8,6.96,-1.57]},"faces":{"north":{"uv":[10.5,10,7,6.5],"texture":"#0","tintindex":0},"south":{"uv":[10.5,10,7,6.5],"texture":"#0","tintindex":0}}},{"from":[11.48,10.005,-1.831],"to":[4.52,3.045,-8.791],"rotation":{"angle":0,"axis":"y","origin":[1.04,0,-16.36]},"faces":{"north":{"uv":[9,2.5,9.25,2.75],"texture":"#0","tintindex":0},"east":{"uv":[9.5,3,9,2.5],"rotation":270,"texture":"#0","tintindex":0},"south":{"uv":[9,2.75,9.25,3],"texture":"#0","tintindex":0},"west":{"uv":[9.5,2.5,9,3],"rotation":270,"texture":"#0","tintindex":0},"up":{"uv":[9,3,9.5,2.5],"rotation":180,"texture":"#0","tintindex":0},"down":{"uv":[9,3,9.5,2.5],"texture":"#0","tintindex":0}}},{"from":[4.955,3.48,-8.53],"to":[11.045,9.57,-1.57],"rotation":{"angle":0,"axis":"y","origin":[1.04,0,-14.62]},"faces":{"north":{"uv":[0,11,1.5,12.5],"texture":"#0"},"east":{"uv":[0,12.75,1.5,14.25],"rotation":90,"texture":"#0"},"south":{"uv":[0,0,1.5,1.5],"texture":"#missing"},"west":{"uv":[0,12.75,1.5,14.25],"rotation":270,"texture":"#0"},"up":{"uv":[0,12.75,1.5,14.25],"texture":"#0"},"down":{"uv":[0,12.75,1.5,14.25],"rotation":180,"texture":"#0"}}},{"from":[10.175,8.4825,-8.095],"to":[5.825,4.1325,-12.445],"rotation":{"angle":0,"axis":"y","origin":[1.04,0,-16.36]},"faces":{"north":{"uv":[9,2.5,9.25,2.75],"texture":"#0","tintindex":0},"east":{"uv":[9.5,3,9,2.5],"rotation":270,"texture":"#0","tintindex":0},"south":{"uv":[9,2.75,9.25,3],"texture":"#0","tintindex":0},"west":{"uv":[9.5,2.5,9,3],"rotation":270,"texture":"#0","tintindex":0},"up":{"uv":[9,3,9.5,2.5],"rotation":180,"texture":"#0","tintindex":0},"down":{"uv":[9,3,9.5,2.5],"texture":"#0","tintindex":0}}},{"from":[6.26,4.5675,-12.01],"to":[9.74,8.0475,-8.53],"rotation":{"angle":0,"axis":"y","origin":[1.04,0,-16.36]},"faces":{"north":{"uv":[9.25,1.25,10.25,2.25],"texture":"#0"},"east":{"uv":[10.5,1.25,11.5,2.25],"rotation":270,"texture":"#0"},"south":{"uv":[11.25,1.25,11.5,1.5],"texture":"#0"},"west":{"uv":[10.5,2.25,11.5,1.25],"rotation":270,"texture":"#0"},"up":{"uv":[10.5,1.25,11.5,2.25],"rotation":180,"texture":"#0"},"down":{"uv":[10.5,1.25,11.5,2.25],"texture":"#0"}}},{"from":[4.955,13.92,-2.005],"to":[0.605,9.57,-6.355],"rotation":{"angle":0,"axis":"y","origin":[1.04,0,-16.36]},"faces":{"north":{"uv":[9,2.5,9.25,2.75],"texture":"#0","tintindex":0},"east":{"uv":[9.5,3,9,2.5],"rotation":270,"texture":"#0","tintindex":0},"south":{"uv":[9,2.75,9.25,3],"texture":"#0","tintindex":0},"west":{"uv":[9.5,2.5,9,3],"rotation":270,"texture":"#0","tintindex":0},"up":{"uv":[9,3,9.5,2.5],"rotation":180,"texture":"#0","tintindex":0},"down":{"uv":[9,3,9.5,2.5],"texture":"#0","tintindex":0}}},{"from":[1.04,10.005,-5.92],"to":[4.52,13.485,-2.44],"rotation":{"angle":0,"axis":"y","origin":[1.04,0,-16.36]},"faces":{"north":{"uv":[9.25,1.25,10.25,2.25],"texture":"#0"},"east":{"uv":[10.5,1.25,11.5,2.25],"rotation":270,"texture":"#0"},"south":{"uv":[11.25,1.25,11.5,1.5],"texture":"#0"},"west":{"uv":[10.5,2.25,11.5,1.25],"rotation":270,"texture":"#0"},"up":{"uv":[10.5,1.25,11.5,2.25],"rotation":180,"texture":"#0"},"down":{"uv":[10.5,1.25,11.5,2.25],"texture":"#0"}}},{"from":[15.395,13.92,-2.005],"to":[11.045,9.57,-6.355],"rotation":{"angle":0,"axis":"y","origin":[14.96,0,-16.36]},"faces":{"north":{"uv":[9.25,2.5,9,2.75],"texture":"#0","tintindex":0},"east":{"uv":[9.5,3,9,2.5],"rotation":270,"texture":"#0","tintindex":0},"south":{"uv":[9.25,2.75,9,3],"texture":"#0","tintindex":0},"west":{"uv":[9.5,2.5,9,3],"rotation":270,"texture":"#0","tintindex":0},"up":{"uv":[9.5,3,9,2.5],"rotation":180,"texture":"#0","tintindex":0},"down":{"uv":[9.5,3,9,2.5],"texture":"#0","tintindex":0}}},{"from":[11.48,10.005,-5.92],"to":[14.96,13.485,-2.44],"rotation":{"angle":0,"axis":"y","origin":[14.96,0,-16.36]},"faces":{"north":{"uv":[10.25,1.25,9.25,2.25],"texture":"#0"},"east":{"uv":[10.5,1.25,11.5,2.25],"rotation":270,"texture":"#0"},"south":{"uv":[11.5,1.25,11.25,1.5],"texture":"#0"},"west":{"uv":[10.5,2.25,11.5,1.25],"rotation":270,"texture":"#0"},"up":{"uv":[11.5,1.25,10.5,2.25],"rotation":180,"texture":"#0"},"down":{"uv":[11.5,1.25,10.5,2.25],"texture":"#0"}}},{"from":[15.395,3.48,-2.005],"to":[11.045,-0.87,-6.355],"rotation":{"angle":0,"axis":"y","origin":[14.96,13.92,-16.36]},"faces":{"north":{"uv":[9.25,2.75,9,2.5],"texture":"#0","tintindex":0},"east":{"uv":[9,3,9.5,2.5],"rotation":270,"texture":"#0","tintindex":0},"south":{"uv":[9.25,3,9,2.75],"texture":"#0","tintindex":0},"west":{"uv":[9,2.5,9.5,3],"rotation":270,"texture":"#0","tintindex":0},"up":{"uv":[9.5,2.5,9,3],"texture":"#0","tintindex":0},"down":{"uv":[9.5,2.5,9,3],"rotation":180,"texture":"#0","tintindex":0}}},{"from":[11.48,-0.435,-5.92],"to":[14.96,3.045,-2.44],"rotation":{"angle":0,"axis":"y","origin":[14.96,13.92,-16.36]},"faces":{"north":{"uv":[10.25,2.25,9.25,1.25],"texture":"#0"},"east":{"uv":[11.5,1.25,10.5,2.25],"rotation":270,"texture":"#0"},"south":{"uv":[11.5,1.5,11.25,1.25],"texture":"#0"},"west":{"uv":[11.5,2.25,10.5,1.25],"rotation":270,"texture":"#0"},"up":{"uv":[11.5,2.25,10.5,1.25],"texture":"#0"},"down":{"uv":[11.5,2.25,10.5,1.25],"rotation":180,"texture":"#0"}}},{"from":[4.955,3.48,-2.005],"to":[0.605,-0.87,-6.355],"rotation":{"angle":0,"axis":"y","origin":[1.04,13.92,-16.36]},"faces":{"north":{"uv":[9,2.75,9.25,2.5],"texture":"#0","tintindex":0},"east":{"uv":[9,3,9.5,2.5],"rotation":270,"texture":"#0","tintindex":0},"south":{"uv":[9,3,9.25,2.75],"texture":"#0","tintindex":0},"west":{"uv":[9,2.5,9.5,3],"rotation":270,"texture":"#0","tintindex":0},"up":{"uv":[9,2.5,9.5,3],"texture":"#0","tintindex":0},"down":{"uv":[9,2.5,9.5,3],"rotation":180,"texture":"#0","tintindex":0}}},{"from":[1.04,-0.435,-5.92],"to":[4.52,3.045,-2.44],"rotation":{"angle":0,"axis":"y","origin":[1.04,13.92,-16.36]},"faces":{"north":{"uv":[9.25,2.25,10.25,1.25],"texture":"#0"},"east":{"uv":[11.5,1.25,10.5,2.25],"rotation":270,"texture":"#0"},"south":{"uv":[11.25,1.5,11.5,1.25],"texture":"#0"},"west":{"uv":[11.5,2.25,10.5,1.25],"rotation":270,"texture":"#0"},"up":{"uv":[10.5,2.25,11.5,1.25],"texture":"#0"},"down":{"uv":[10.5,2.25,11.5,1.25],"rotation":180,"texture":"#0"}}},{"from":[5.825,14.1375,-4.615],"to":[10.175,25.4475,-4.615],"rotation":{"angle":22.5,"axis":"x","origin":[8,6.525,-2.875]},"faces":{"north":{"uv":[0,14.5,3.25,15.75],"rotation":90,"texture":"#0"},"south":{"uv":[3.25,14.5,0,15.75],"rotation":270,"texture":"#0"}}},{"from":[5.825,14.1375,-4.615],"to":[10.175,25.4475,-4.615],"rotation":{"angle":22.5,"axis":"x","origin":[8,6.525,-2.875]},"faces":{"north":{"uv":[3.25,14.5,6.5,15.75],"rotation":90,"texture":"#0","tintindex":0},"south":{"uv":[6.5,14.5,3.25,15.75],"rotation":270,"texture":"#0","tintindex":0}}},{"from":[8,14.1375,-6.79],"to":[8,25.4475,-2.44],"rotation":{"angle":22.5,"axis":"x","origin":[8,6.525,-2.875]},"faces":{"east":{"uv":[3.25,14.5,0,15.75],"rotation":270,"texture":"#0"},"west":{"uv":[0,14.5,3.25,15.75],"rotation":90,"texture":"#0"}}},{"from":[8,3.6975,-6.79],"to":[8,15.0075,-2.44],"rotation":{"angle":22.5,"axis":"x","origin":[8,6.525,-2.875]},"faces":{"east":{"uv":[0,14.5,3.25,15.75],"rotation":270,"texture":"#0"},"west":{"uv":[3.25,14.5,0,15.75],"rotation":90,"texture":"#0"}}},{"from":[5.825,3.6975,-4.615],"to":[10.175,15.0075,-4.615],"rotation":{"angle":22.5,"axis":"x","origin":[8,6.525,-2.875]},"faces":{"north":{"uv":[3.25,14.5,0,15.75],"rotation":90,"texture":"#0"},"south":{"uv":[0,14.5,3.25,15.75],"rotation":270,"texture":"#0"}}},{"from":[8,14.1375,-6.79],"to":[8,25.4475,-2.44],"rotation":{"angle":22.5,"axis":"x","origin":[8,6.525,-2.875]},"faces":{"east":{"uv":[6.5,14.5,3.25,15.75],"rotation":270,"texture":"#0","tintindex":0},"west":{"uv":[3.25,14.5,6.5,15.75],"rotation":90,"texture":"#0","tintindex":0}}},{"from":[-9.95727,4.785,-4.33648],"to":[1.35273,9.135,-4.33648],"rotation":{"angle":22.5,"axis":"y","origin":[8,6.96,-1.40291]},"faces":{"north":{"uv":[0,14.5,3.25,15.75],"rotation":180,"texture":"#0"},"south":{"uv":[3.25,14.5,0,15.75],"rotation":180,"texture":"#0"}}},{"from":[-9.95727,4.785,-4.33648],"to":[1.35273,9.135,-4.33648],"rotation":{"angle":22.5,"axis":"y","origin":[8,6.96,-1.40291]},"faces":{"north":{"uv":[3.25,14.5,6.5,15.75],"rotation":180,"texture":"#0","tintindex":0},"south":{"uv":[6.5,14.5,3.25,15.75],"rotation":180,"texture":"#0","tintindex":0}}},{"from":[-9.95727,6.96,-6.51148],"to":[1.35273,6.96,-2.16148],"rotation":{"angle":22.5,"axis":"y","origin":[8,6.96,-1.40291]},"faces":{"up":{"uv":[3.25,14.5,0,15.75],"rotation":180,"texture":"#0"},"down":{"uv":[0,14.5,3.25,15.75],"texture":"#0"}}},{"from":[0.48273,6.96,-6.51148],"to":[11.79273,6.96,-2.16148],"rotation":{"angle":22.5,"axis":"y","origin":[8,6.96,-1.40291]},"faces":{"up":{"uv":[0,14.5,3.25,15.75],"rotation":180,"texture":"#0"},"down":{"uv":[3.25,14.5,0,15.75],"texture":"#0"}}},{"from":[0.48273,4.785,-4.33648],"to":[11.79273,9.135,-4.33648],"rotation":{"angle":22.5,"axis":"y","origin":[8,6.96,-1.40291]},"faces":{"north":{"uv":[3.25,14.5,0,15.75],"rotation":180,"texture":"#0"},"south":{"uv":[0,14.5,3.25,15.75],"rotation":180,"texture":"#0"}}},{"from":[-9.95727,6.96,-6.51148],"to":[1.35273,6.96,-2.16148],"rotation":{"angle":22.5,"axis":"y","origin":[8,6.96,-1.40291]},"faces":{"up":{"uv":[6.5,14.5,3.25,15.75],"rotation":180,"texture":"#0","tintindex":0},"down":{"uv":[3.25,14.5,6.5,15.75],"texture":"#0","tintindex":0}}},{"from":[5.825,-11.5275,-5.2675],"to":[10.175,-0.2175,-5.2675],"rotation":{"angle":-22.5,"axis":"x","origin":[8,7.395,-3.5275]},"faces":{"north":{"uv":[3.25,14.5,0,15.75],"rotation":90,"texture":"#0"},"south":{"uv":[0,14.5,3.25,15.75],"rotation":270,"texture":"#0"}}},{"from":[5.825,-11.5275,-5.2675],"to":[10.175,-0.2175,-5.2675],"rotation":{"angle":-22.5,"axis":"x","origin":[8,7.395,-3.5275]},"faces":{"north":{"uv":[6.5,14.5,3.25,15.75],"rotation":90,"texture":"#0","tintindex":0},"south":{"uv":[3.25,14.5,6.5,15.75],"rotation":270,"texture":"#0","tintindex":0}}},{"from":[8,-11.5275,-7.4425],"to":[8,-0.2175,-3.0925],"rotation":{"angle":-22.5,"axis":"x","origin":[8,7.395,-3.5275]},"faces":{"east":{"uv":[0,14.5,3.25,15.75],"rotation":270,"texture":"#0"},"west":{"uv":[3.25,14.5,0,15.75],"rotation":90,"texture":"#0"}}},{"from":[8,-1.0875,-7.4425],"to":[8,10.2225,-3.0925],"rotation":{"angle":-22.5,"axis":"x","origin":[8,7.395,-3.5275]},"faces":{"east":{"uv":[3.25,14.5,0,15.75],"rotation":270,"texture":"#0"},"west":{"uv":[0,14.5,3.25,15.75],"rotation":90,"texture":"#0"}}},{"from":[5.825,-1.0875,-5.2675],"to":[10.175,10.2225,-5.2675],"rotation":{"angle":-22.5,"axis":"x","origin":[8,7.395,-3.5275]},"faces":{"north":{"uv":[0,14.5,3.25,15.75],"rotation":90,"texture":"#0"},"south":{"uv":[3.25,14.5,0,15.75],"rotation":270,"texture":"#0"}}},{"from":[8,-11.5275,-7.4425],"to":[8,-0.2175,-3.0925],"rotation":{"angle":-22.5,"axis":"x","origin":[8,7.395,-3.5275]},"faces":{"east":{"uv":[3.25,14.5,6.5,15.75],"rotation":270,"texture":"#0","tintindex":0},"west":{"uv":[6.5,14.5,3.25,15.75],"rotation":90,"texture":"#0","tintindex":0}}},{"from":[14.64727,4.785,-4.98898],"to":[25.95727,9.135,-4.98898],"rotation":{"angle":-22.5,"axis":"y","origin":[8,6.96,-2.05541]},"faces":{"north":{"uv":[3.25,14.5,0,15.75],"rotation":180,"texture":"#0"},"south":{"uv":[0,14.5,3.25,15.75],"rotation":180,"texture":"#0"}}},{"from":[14.64727,4.785,-4.98898],"to":[25.95727,9.135,-4.98898],"rotation":{"angle":-22.5,"axis":"y","origin":[8,6.96,-2.05541]},"faces":{"north":{"uv":[6.5,14.5,3.25,15.75],"rotation":180,"texture":"#0","tintindex":0},"south":{"uv":[3.25,14.5,6.5,15.75],"rotation":180,"texture":"#0","tintindex":0}}},{"from":[14.64727,6.96,-7.16398],"to":[25.95727,6.96,-2.81398],"rotation":{"angle":-22.5,"axis":"y","origin":[8,6.96,-2.05541]},"faces":{"up":{"uv":[0,14.5,3.25,15.75],"rotation":180,"texture":"#0"},"down":{"uv":[3.25,14.5,0,15.75],"texture":"#0"}}},{"from":[4.20727,6.96,-7.16398],"to":[15.51727,6.96,-2.81398],"rotation":{"angle":-22.5,"axis":"y","origin":[8,6.96,-2.05541]},"faces":{"up":{"uv":[3.25,14.5,0,15.75],"rotation":180,"texture":"#0"},"down":{"uv":[0,14.5,3.25,15.75],"texture":"#0"}}},{"from":[4.20727,4.785,-4.98898],"to":[15.51727,9.135,-4.98898],"rotation":{"angle":-22.5,"axis":"y","origin":[8,6.96,-2.05541]},"faces":{"north":{"uv":[0,14.5,3.25,15.75],"rotation":180,"texture":"#0"},"south":{"uv":[3.25,14.5,0,15.75],"rotation":180,"texture":"#0"}}},{"from":[14.64727,6.96,-7.16398],"to":[25.95727,6.96,-2.81398],"rotation":{"angle":-22.5,"axis":"y","origin":[8,6.96,-2.05541]},"faces":{"up":{"uv":[3.25,14.5,6.5,15.75],"rotation":180,"texture":"#0","tintindex":0},"down":{"uv":[6.5,14.5,3.25,15.75],"texture":"#0","tintindex":0}}},{"from":[-12.01,-10.44,0.17],"to":[7.13,0,0.17],"rotation":{"angle":22.5,"axis":"z","origin":[-4.615,-3.48,0.17]},"faces":{"north":{"uv":[1.75,14.25,7.5,11.25],"texture":"#0"},"south":{"uv":[7.5,14.25,1.75,11.25],"texture":"#0"}}},{"from":[8.87,-10.44,0.17],"to":[28.01,0,0.17],"rotation":{"angle":-22.5,"axis":"z","origin":[20.615,-3.48,0.17]},"faces":{"north":{"uv":[7.5,14.25,1.75,11.25],"texture":"#0"},"south":{"uv":[1.75,14.25,7.5,11.25],"texture":"#0"}}},{"from":[2.54,8.96,-1.18],"to":[2.54,24.62,31.88],"rotation":{"angle":-22.5,"axis":"y","origin":[1.04,0,1.04]},"faces":{"east":{"uv":[10.75,14,15.25,4.5],"rotation":90,"texture":"#0"},"west":{"uv":[10.75,4.5,15.25,14],"rotation":90,"texture":"#0"}}},{"from":[13.46,8.96,-1.18],"to":[13.46,24.62,31.88],"rotation":{"angle":22.5,"axis":"y","origin":[14.96,0,1.04]},"faces":{"east":{"uv":[10.75,14,15.25,4.5],"rotation":90,"texture":"#0"},"west":{"uv":[10.75,4.5,15.25,14],"rotation":90,"texture":"#0"}}},{"from":[-4.5,9.5,15.5],"to":[-2.5,11.5,17.5],"rotation":{"angle":0,"axis":"y","origin":[-4,3.5,13.5]},"faces":{"north":{"uv":[9,3,9.5,2.5],"rotation":180,"texture":"#0","tintindex":0},"east":{"uv":[9.5,2.5,9,3],"texture":"#0","tintindex":0},"south":{"uv":[9,3,9.5,2.5],"rotation":180,"texture":"#0","tintindex":0},"west":{"uv":[9.5,2.5,9,3],"texture":"#0","tintindex":0},"up":{"uv":[9.25,2.75,9.5,2.5],"rotation":270,"texture":"#0","tintindex":0},"down":{"uv":[9.25,3,9.5,2.75],"rotation":90,"texture":"#0","tintindex":0}}},{"from":[-7.5,19.5,21.5],"to":[-5.5,21.5,23.5],"rotation":{"angle":0,"axis":"y","origin":[-4,3.5,13.5]},"faces":{"north":{"uv":[9,3,9.5,2.5],"rotation":180,"texture":"#0","tintindex":0},"east":{"uv":[9.5,2.5,9,3],"texture":"#0","tintindex":0},"south":{"uv":[9,3,9.5,2.5],"rotation":180,"texture":"#0","tintindex":0},"west":{"uv":[9.5,2.5,9,3],"texture":"#0","tintindex":0},"up":{"uv":[9.25,2.75,9.5,2.5],"rotation":270,"texture":"#0","tintindex":0},"down":{"uv":[9.25,3,9.5,2.75],"rotation":90,"texture":"#0","tintindex":0}}},{"from":[18.5,9.5,15.5],"to":[20.5,11.5,17.5],"rotation":{"angle":0,"axis":"y","origin":[20,3.5,13.5]},"faces":{"north":{"uv":[9.5,3,9,2.5],"rotation":180,"texture":"#0","tintindex":0},"east":{"uv":[9,2.5,9.5,3],"texture":"#0","tintindex":0},"south":{"uv":[9.5,3,9,2.5],"rotation":180,"texture":"#0","tintindex":0},"west":{"uv":[9,2.5,9.5,3],"texture":"#0","tintindex":0},"up":{"uv":[9.25,2.5,9.5,2.75],"rotation":270,"texture":"#0","tintindex":0},"down":{"uv":[9.25,2.75,9.5,3],"rotation":90,"texture":"#0","tintindex":0}}},{"from":[21.5,19.5,21.5],"to":[23.5,21.5,23.5],"rotation":{"angle":0,"axis":"y","origin":[20,3.5,13.5]},"faces":{"north":{"uv":[9.5,3,9,2.5],"rotation":180,"texture":"#0","tintindex":0},"east":{"uv":[9,2.5,9.5,3],"texture":"#0","tintindex":0},"south":{"uv":[9.5,3,9,2.5],"rotation":180,"texture":"#0","tintindex":0},"west":{"uv":[9,2.5,9.5,3],"texture":"#0","tintindex":0},"up":{"uv":[9.25,2.5,9.5,2.75],"rotation":270,"texture":"#0","tintindex":0},"down":{"uv":[9.25,2.75,9.5,3],"rotation":90,"texture":"#0","tintindex":0}}}],"display":{"head":{"translation":[0,-5.25,14.75],"scale":[2.86,2.86,2.86]}},"groups":[0,1,2,3,4,5,6,7,8,9,10,11,12,13,14,15,16,17,18,19,20,21,22,23,24,{"name":"group","origin":[0,0,0],"color":0,"children":[25,26,27,28,29,30,31,32,33,34,35,36]},{"name":"group","origin":[0,0,0],"color":0,"children":[37,38,39,40,41,42,43,44,45,46,47,48]},49,50,51,52,53,54,55,56]}