{"credit":"Made with Blockbench","texture_size":[64,64],"textures":{"0":"custom/cosmetics/badger/fruit_of_labor","particle":"custom/cosmetics/badger/fruit_of_labor"},"elements":[{"from":[8,-2,-5],"to":[8,16,21],"rotation":{"angle":45,"axis":"z","origin":[8,7,8]},"faces":{"east":{"uv":[6.5,0,0,4.5],"texture":"#0"},"west":{"uv":[0,0,6.5,4.5],"texture":"#0"}}},{"from":[8,-2,-5],"to":[8,16,21],"rotation":{"angle":-45,"axis":"z","origin":[8,7,8]},"faces":{"east":{"uv":[6.5,0,0,4.5],"texture":"#0"},"west":{"uv":[0,0,6.5,4.5],"texture":"#0"}}},{"from":[4,5,-1],"to":[4,10,4],"faces":{"east":{"uv":[14.75,2.5,16,3.75],"texture":"#0","tintindex":0},"west":{"uv":[14.75,2.5,16,3.75],"texture":"#0","tintindex":0}}},{"from":[4,5,-1],"to":[4,10,4],"faces":{"east":{"uv":[14.75,6.5,16,7.75],"texture":"#0"},"west":{"uv":[14.75,6.5,16,7.75],"texture":"#0"}}},{"from":[5,6,10],"to":[10,6,15],"rotation":{"angle":22.5,"axis":"x","origin":[7.5,4,5.5]},"faces":{"up":{"uv":[14.75,2.5,16,3.75],"rotation":270,"texture":"#0","tintindex":0},"down":{"uv":[14.75,2.5,16,3.75],"rotation":270,"texture":"#0","tintindex":0}}},{"from":[5,6,10],"to":[10,6,15],"rotation":{"angle":22.5,"axis":"x","origin":[7.5,4,5.5]},"faces":{"up":{"uv":[14.75,6.5,16,7.75],"rotation":270,"texture":"#0"},"down":{"uv":[14.75,6.5,16,7.75],"rotation":270,"texture":"#0"}}},{"from":[5,9,0],"to":[10,9,5],"rotation":{"angle":22.5,"axis":"x","origin":[7.5,11,7.5]},"faces":{"up":{"uv":[14.75,2.5,16,3.75],"rotation":270,"texture":"#0","tintindex":0},"down":{"uv":[14.75,2.5,16,3.75],"rotation":270,"texture":"#0","tintindex":0}}},{"from":[5,9,0],"to":[10,9,5],"rotation":{"angle":22.5,"axis":"x","origin":[7.5,11,7.5]},"faces":{"up":{"uv":[14.75,6.5,16,7.75],"rotation":270,"texture":"#0"},"down":{"uv":[14.75,6.5,16,7.75],"rotation":270,"texture":"#0"}}},{"from":[12,4,11],"to":[12,9,16],"rotation":{"angle":0,"axis":"y","origin":[16,0,16]},"faces":{"east":{"uv":[14.75,2.5,16,3.75],"texture":"#0","tintindex":0},"west":{"uv":[14.75,2.5,16,3.75],"texture":"#0","tintindex":0}}},{"from":[12,4,11],"to":[12,9,16],"rotation":{"angle":0,"axis":"y","origin":[16,0,16]},"faces":{"east":{"uv":[14.75,6.5,16,7.75],"texture":"#0"},"west":{"uv":[14.75,6.5,16,7.75],"texture":"#0"}}},{"from":[3,2,9],"to":[3,12,19],"rotation":{"angle":22.5,"axis":"z","origin":[2,6,14]},"faces":{"east":{"uv":[13.5,4,16,6.5],"texture":"#0"},"west":{"uv":[13.5,4,16,6.5],"texture":"#0"}}},{"from":[3,2,9],"to":[3,12,19],"rotation":{"angle":22.5,"axis":"z","origin":[2,6,14]},"faces":{"east":{"uv":[13.5,0,16,2.5],"texture":"#0","tintindex":0},"west":{"uv":[13.5,0,16,2.5],"texture":"#0","tintindex":0}}},{"from":[13,2,-3],"to":[13,12,7],"rotation":{"angle":-22.5,"axis":"z","origin":[14,6,2]},"faces":{"east":{"uv":[13.5,4,16,6.5],"texture":"#0"},"west":{"uv":[13.5,4,16,6.5],"texture":"#0"}}},{"from":[13,2,-3],"to":[13,12,7],"rotation":{"angle":-22.5,"axis":"z","origin":[14,6,2]},"faces":{"east":{"uv":[13.5,0,16,2.5],"texture":"#0","tintindex":0},"west":{"uv":[13.5,0,16,2.5],"texture":"#0","tintindex":0}}},{"from":[3,3,-2],"to":[13,3,8],"rotation":{"angle":0,"axis":"z","origin":[2,6,14]},"faces":{"up":{"uv":[13.5,4,16,6.5],"rotation":270,"texture":"#0"},"down":{"uv":[13.5,4,16,6.5],"rotation":270,"texture":"#0"}}},{"from":[3,3,-2],"to":[13,3,8],"rotation":{"angle":0,"axis":"z","origin":[2,6,14]},"faces":{"up":{"uv":[13.5,0,16,2.5],"rotation":270,"texture":"#0","tintindex":0},"down":{"uv":[13.5,0,16,2.5],"rotation":270,"texture":"#0","tintindex":0}}},{"from":[3,12,5],"to":[13,12,15],"rotation":{"angle":0,"axis":"z","origin":[2,6,14]},"faces":{"up":{"uv":[13.5,4,16,6.5],"rotation":270,"texture":"#0"},"down":{"uv":[13.5,4,16,6.5],"rotation":270,"texture":"#0"}}},{"from":[3,12,5],"to":[13,12,15],"rotation":{"angle":0,"axis":"z","origin":[2,6,14]},"faces":{"up":{"uv":[13.5,0,16,2.5],"rotation":270,"texture":"#0","tintindex":0},"down":{"uv":[13.5,0,16,2.5],"rotation":270,"texture":"#0","tintindex":0}}},{"from":[0.75,3.75,14],"to":[5.75,6.75,14],"rotation":{"angle":45,"axis":"z","origin":[1.5,2.5,0]},"faces":{"north":{"uv":[12.5,5.25,13.25,6.5],"rotation":90,"texture":"#0","tintindex":0},"south":{"uv":[12.5,5.25,13.25,6.5],"rotation":270,"texture":"#0","tintindex":0}}},{"from":[0.75,3.75,14],"to":[5.75,6.75,14],"rotation":{"angle":45,"axis":"z","origin":[1.5,2.5,0]},"faces":{"north":{"uv":[12.5,4,13.25,5.25],"rotation":90,"texture":"#0"},"south":{"uv":[12.5,4,13.25,5.25],"rotation":270,"texture":"#0"}}},{"from":[0.75,5.25,12.5],"to":[5.75,5.25,15.5],"rotation":{"angle":45,"axis":"z","origin":[1.5,2.5,0]},"faces":{"up":{"uv":[12.5,5.25,13.25,6.5],"rotation":270,"texture":"#0","tintindex":0},"down":{"uv":[12.5,5.25,13.25,6.5],"rotation":270,"texture":"#0","tintindex":0}}},{"from":[0.75,5.25,12.5],"to":[5.75,5.25,15.5],"rotation":{"angle":45,"axis":"z","origin":[1.5,2.5,0]},"faces":{"up":{"uv":[12.5,4,13.25,5.25],"rotation":270,"texture":"#0"},"down":{"uv":[12.5,4,13.25,5.25],"rotation":270,"texture":"#0"}}},{"from":[10.25,3.75,2],"to":[15.25,6.75,2],"rotation":{"angle":-45,"axis":"z","origin":[14.5,2.5,16]},"faces":{"north":{"uv":[12.5,5.25,13.25,6.5],"rotation":270,"texture":"#0","tintindex":0},"south":{"uv":[12.5,5.25,13.25,6.5],"rotation":90,"texture":"#0","tintindex":0}}},{"from":[10.25,3.75,2],"to":[15.25,6.75,2],"rotation":{"angle":-45,"axis":"z","origin":[14.5,2.5,16]},"faces":{"north":{"uv":[12.5,4,13.25,5.25],"rotation":270,"texture":"#0"},"south":{"uv":[12.5,4,13.25,5.25],"rotation":90,"texture":"#0"}}},{"from":[10.25,5.25,0.5],"to":[15.25,5.25,3.5],"rotation":{"angle":-45,"axis":"z","origin":[14.5,2.5,16]},"faces":{"up":{"uv":[13.25,6.5,12.5,5.25],"rotation":270,"texture":"#0","tintindex":0},"down":{"uv":[13.25,6.5,12.5,5.25],"rotation":270,"texture":"#0","tintindex":0}}},{"from":[10.25,5.25,0.5],"to":[15.25,5.25,3.5],"rotation":{"angle":-45,"axis":"z","origin":[14.5,2.5,16]},"faces":{"up":{"uv":[13.25,5.25,12.5,4],"rotation":270,"texture":"#0"},"down":{"uv":[13.25,5.25,12.5,4],"rotation":270,"texture":"#0"}}},{"from":[6.5,-2,4],"to":[9.5,3,4],"rotation":{"angle":-22.5,"axis":"x","origin":[8,0.5,3]},"faces":{"north":{"uv":[12.5,5.25,13.25,6.5],"rotation":180,"texture":"#0","tintindex":0},"south":{"uv":[12.5,5.25,13.25,6.5],"rotation":180,"texture":"#0","tintindex":0}}},{"from":[6.5,-2,4],"to":[9.5,3,4],"rotation":{"angle":-22.5,"axis":"x","origin":[8,0.5,3]},"faces":{"north":{"uv":[12.5,4,13.25,5.25],"rotation":180,"texture":"#0"},"south":{"uv":[12.5,4,13.25,5.25],"rotation":180,"texture":"#0"}}},{"from":[8,-2,2.5],"to":[8,3,5.5],"rotation":{"angle":-22.5,"axis":"x","origin":[8,0.5,3]},"faces":{"east":{"uv":[13.25,6.5,12.5,5.25],"texture":"#0","tintindex":0},"west":{"uv":[13.25,6.5,12.5,5.25],"texture":"#0","tintindex":0}}},{"from":[8,-2,2.5],"to":[8,3,5.5],"rotation":{"angle":-22.5,"axis":"x","origin":[8,0.5,3]},"faces":{"east":{"uv":[13.25,5.25,12.5,4],"texture":"#0"},"west":{"uv":[13.25,5.25,12.5,4],"texture":"#0"}}},{"from":[6.5,12,11],"to":[9.5,17,11],"rotation":{"angle":22.5,"axis":"x","origin":[8,14.5,10]},"faces":{"north":{"uv":[12.5,6.5,13.25,5.25],"rotation":180,"texture":"#0","tintindex":0},"south":{"uv":[12.5,6.5,13.25,5.25],"rotation":180,"texture":"#0","tintindex":0}}},{"from":[6.5,12,11],"to":[9.5,17,11],"rotation":{"angle":22.5,"axis":"x","origin":[8,14.5,10]},"faces":{"north":{"uv":[12.5,5.25,13.25,4],"rotation":180,"texture":"#0"},"south":{"uv":[12.5,5.25,13.25,4],"rotation":180,"texture":"#0"}}},{"from":[8,12,9.5],"to":[8,17,12.5],"rotation":{"angle":22.5,"axis":"x","origin":[8,14.5,10]},"faces":{"east":{"uv":[13.25,5.25,12.5,6.5],"texture":"#0","tintindex":0},"west":{"uv":[13.25,5.25,12.5,6.5],"texture":"#0","tintindex":0}}},{"from":[8,12,9.5],"to":[8,17,12.5],"rotation":{"angle":22.5,"axis":"x","origin":[8,14.5,10]},"faces":{"east":{"uv":[13.25,4,12.5,5.25],"texture":"#0"},"west":{"uv":[13.25,4,12.5,5.25],"texture":"#0"}}},{"from":[11,-3,0],"to":[11,7,7],"faces":{"east":{"uv":[6.75,0,8.5,2.5],"texture":"#0"},"west":{"uv":[6.75,0,8.5,2.5],"texture":"#0"}}},{"from":[5,-1,9],"to":[5,9,16],"faces":{"east":{"uv":[8.5,0,6.75,2.5],"texture":"#0"},"west":{"uv":[8.5,0,6.75,2.5],"texture":"#0"}}},{"from":[10,-4,2.5],"to":[12,-2,4.5],"faces":{"north":{"uv":[9,2.5,9.5,3],"texture":"#0","tintindex":0},"east":{"uv":[9,2.5,9.5,3],"texture":"#0","tintindex":0},"south":{"uv":[9,2.5,9.5,3],"texture":"#0","tintindex":0},"west":{"uv":[9,2.5,9.5,3],"texture":"#0","tintindex":0},"up":{"uv":[9,2.5,9.25,2.75],"texture":"#0","tintindex":0},"down":{"uv":[9,2.75,9.25,3],"texture":"#0","tintindex":0}}},{"from":[4,-2,11.5],"to":[6,0,13.5],"faces":{"north":{"uv":[9,2.5,9.5,3],"texture":"#0","tintindex":0},"east":{"uv":[9,2.5,9.5,3],"texture":"#0","tintindex":0},"south":{"uv":[9,2.5,9.5,3],"texture":"#0","tintindex":0},"west":{"uv":[9,2.5,9.5,3],"texture":"#0","tintindex":0},"up":{"uv":[9,2.5,9.25,2.75],"texture":"#0","tintindex":0},"down":{"uv":[9,2.75,9.25,3],"texture":"#0","tintindex":0}}}],"display":{"head":{"translation":[0,-2.75,2.25],"scale":[2.2857,2.2857,2.2857]}},"groups":[0,1,{"name":"group","origin":[0,0,0],"color":0,"children":[2,3]},{"name":"group","origin":[0,0,0],"color":0,"children":[4,5]},{"name":"group","origin":[0,0,0],"color":0,"children":[6,7]},{"name":"group","origin":[0,0,0],"color":0,"children":[8,9]},{"name":"group","origin":[0,0,0],"color":0,"children":[10,11]},{"name":"group","origin":[0,0,0],"color":0,"children":[12,13]},{"name":"group","origin":[0,0,0],"color":0,"children":[14,15]},{"name":"group","origin":[0,0,0],"color":0,"children":[16,17]},{"name":"group","origin":[0,0,0],"color":0,"children":[18,19,20,21]},{"name":"group","origin":[0,0,0],"color":0,"children":[22,23,24,25]},{"name":"group","origin":[0,0,0],"color":0,"children":[26,27,28,29]},{"name":"group","origin":[0,0,0],"color":0,"children":[30,31,32,33]},34,35,36,37]}