{"credit":"Made with Blockbench","texture_size":[64,64],"textures":{"0":"custom/cosmetics/badger/fruit_of_labor","1":"custom/cosmetics/badger/fruit_of_labor_head","particle":"custom/cosmetics/badger/fruit_of_labor"},"elements":[{"from":[8,-2,-16],"to":[8,16,10],"rotation":{"angle":45,"axis":"z","origin":[8,7,-3]},"faces":{"east":{"uv":[6.5,0,0,4.5],"texture":"#0"},"west":{"uv":[0,0,6.5,4.5],"texture":"#0"}}},{"from":[8,-2,-16],"to":[8,16,10],"rotation":{"angle":-45,"axis":"z","origin":[8,7,-3]},"faces":{"east":{"uv":[6.5,0,0,4.5],"texture":"#0"},"west":{"uv":[0,0,6.5,4.5],"texture":"#0"}}},{"from":[4,4,-2],"to":[4,9,3],"rotation":{"angle":0,"axis":"y","origin":[0,0,-11]},"faces":{"east":{"uv":[14.75,2.5,16,3.75],"texture":"#0","tintindex":0},"west":{"uv":[14.75,2.5,16,3.75],"texture":"#0","tintindex":0}}},{"from":[4,4,-2],"to":[4,9,3],"rotation":{"angle":0,"axis":"y","origin":[0,0,-11]},"faces":{"east":{"uv":[14.75,6.5,16,7.75],"texture":"#0"},"west":{"uv":[14.75,6.5,16,7.75],"texture":"#0"}}},{"from":[5,4,-8],"to":[10,4,-3],"rotation":{"angle":22.5,"axis":"x","origin":[7.5,4,-5.5]},"faces":{"up":{"uv":[14.75,2.5,16,3.75],"rotation":270,"texture":"#0","tintindex":0},"down":{"uv":[14.75,2.5,16,3.75],"rotation":270,"texture":"#0","tintindex":0}}},{"from":[5,4,-8],"to":[10,4,-3],"rotation":{"angle":22.5,"axis":"x","origin":[7.5,4,-5.5]},"faces":{"up":{"uv":[14.75,6.5,16,7.75],"rotation":270,"texture":"#0"},"down":{"uv":[14.75,6.5,16,7.75],"rotation":270,"texture":"#0"}}},{"from":[5,10,-6],"to":[10,10,-1],"rotation":{"angle":22.5,"axis":"x","origin":[7.5,11,-3.5]},"faces":{"up":{"uv":[14.75,2.5,16,3.75],"rotation":270,"texture":"#0","tintindex":0},"down":{"uv":[14.75,2.5,16,3.75],"rotation":270,"texture":"#0","tintindex":0}}},{"from":[5,10,-6],"to":[10,10,-1],"rotation":{"angle":22.5,"axis":"x","origin":[7.5,11,-3.5]},"faces":{"up":{"uv":[14.75,6.5,16,7.75],"rotation":270,"texture":"#0"},"down":{"uv":[14.75,6.5,16,7.75],"rotation":270,"texture":"#0"}}},{"from":[12,4,-12],"to":[12,9,-7],"rotation":{"angle":0,"axis":"y","origin":[16,0,5]},"faces":{"east":{"uv":[14.75,2.5,16,3.75],"texture":"#0","tintindex":0},"west":{"uv":[14.75,2.5,16,3.75],"texture":"#0","tintindex":0}}},{"from":[12,4,-12],"to":[12,9,-7],"rotation":{"angle":0,"axis":"y","origin":[16,0,5]},"faces":{"east":{"uv":[14.75,6.5,16,7.75],"texture":"#0"},"west":{"uv":[14.75,6.5,16,7.75],"texture":"#0"}}},{"from":[5.54,-5.62,-1.18],"to":[5.54,10.04,31.88],"rotation":{"angle":-22.5,"axis":"y","origin":[4.04,19,1.04]},"faces":{"east":{"uv":[15.25,14,10.75,4.5],"rotation":90,"texture":"#1"},"west":{"uv":[15.25,4.5,10.75,14],"rotation":90,"texture":"#1"}}},{"from":[10.46,-5.62,-1.18],"to":[10.46,10.04,31.88],"rotation":{"angle":22.5,"axis":"y","origin":[11.96,19,1.04]},"faces":{"east":{"uv":[15.25,14,10.75,4.5],"rotation":90,"texture":"#1"},"west":{"uv":[15.25,4.5,10.75,14],"rotation":90,"texture":"#1"}}}],"display":{"head":{"translation":[0,-2.75,55],"scale":[2.2857,2.2857,2.2857]}},"groups":[0,1,{"name":"group","origin":[0,0,0],"color":0,"children":[2,3]},{"name":"group","origin":[0,0,0],"color":0,"children":[4,5]},{"name":"group","origin":[0,0,0],"color":0,"children":[6,7]},{"name":"group","origin":[0,0,0],"color":0,"children":[8,9]},10,11]}