{"credit":"Made with Blockbench","texture_size":[64,64],"textures":{"0":"custom/cosmetics/badger/fruit_of_labor_head","particle":"custom/cosmetics/badger/fruit_of_labor_head"},"elements":[{"from":[4.5,12,15],"to":[11.5,22,15],"rotation":{"angle":-22.5,"axis":"x","origin":[8,12,15]},"faces":{"north":{"uv":[3,1.5,4.75,4],"texture":"#0"},"south":{"uv":[3,1.5,4.75,4],"texture":"#0"}}},{"from":[2.5,12,-1],"to":[13.5,12,15],"rotation":{"angle":22.5,"axis":"x","origin":[8,12,15]},"faces":{"up":{"uv":[0,0,2.75,4],"texture":"#0"},"down":{"uv":[0,0,2.75,4],"rotation":180,"texture":"#0"}}},{"from":[4.5,-7,15],"to":[11.5,3,15],"rotation":{"angle":22.5,"axis":"x","origin":[8,3,15]},"faces":{"north":{"uv":[3,4,4.75,1.5],"texture":"#0"},"south":{"uv":[3,4,4.75,1.5],"texture":"#0"}}},{"from":[2.5,3,-1],"to":[13.5,3,15],"rotation":{"angle":-22.5,"axis":"x","origin":[8,3,15]},"faces":{"up":{"uv":[0,4,2.75,0],"rotation":180,"texture":"#0"},"down":{"uv":[0,4,2.75,0],"texture":"#0"}}},{"from":[13.93779,2,-3.07621],"to":[13.93779,13,12.92379],"rotation":{"angle":-22.5,"axis":"y","origin":[8,7.5,10.34777]},"faces":{"east":{"uv":[0,4,2.75,0],"rotation":270,"texture":"#0"},"west":{"uv":[0,4,2.75,0],"rotation":90,"texture":"#0"}}},{"from":[10.37713,4,16.36795],"to":[20.37713,11,16.36795],"rotation":{"angle":22.5,"axis":"y","origin":[8,7.5,10.34777]},"faces":{"north":{"uv":[3,4,4.75,1.5],"rotation":90,"texture":"#0"},"south":{"uv":[3,4,4.75,1.5],"rotation":270,"texture":"#0"}}},{"from":[2.06221,2,-3.07621],"to":[2.06221,13,12.92379],"rotation":{"angle":22.5,"axis":"y","origin":[8,7.5,10.34777]},"faces":{"east":{"uv":[0,0,2.75,4],"rotation":90,"texture":"#0"},"west":{"uv":[0,0,2.75,4],"rotation":270,"texture":"#0"}}},{"from":[-4.37713,4,16.36795],"to":[5.62287,11,16.36795],"rotation":{"angle":-22.5,"axis":"y","origin":[8,7.5,10.34777]},"faces":{"north":{"uv":[3,1.5,4.75,4],"rotation":90,"texture":"#0"},"south":{"uv":[3,1.5,4.75,4],"rotation":270,"texture":"#0"}}},{"from":[3.5,3,8],"to":[12.5,12,15],"faces":{"north":{"uv":[0,4,2.25,6.25],"texture":"#0","tintindex":0},"east":{"uv":[4.25,4,2.5,6.25],"texture":"#0","tintindex":0},"south":{"uv":[0,6.25,2.25,8.5],"texture":"#0"},"west":{"uv":[2.5,4,4.25,6.25],"texture":"#0","tintindex":0},"up":{"uv":[4.5,4,6.75,5.75],"rotation":180,"texture":"#0","tintindex":0},"down":{"uv":[4.5,4,6.75,5.75],"texture":"#0","tintindex":0}}}],"display":{"head":{"translation":[0,-6.75,-16],"scale":[2.2857,2.2857,2.2857]}}}