{"credit":"Made with Blockbench","texture_size":[64,64],"textures":{"0":"custom/cosmetics/badger/fruit_of_labor_head","particle":"custom/cosmetics/badger/fruit_of_labor_head"},"elements":[{"from":[2.5,11,-1],"to":[13.5,11,15],"rotation":{"angle":0,"axis":"x","origin":[8,11,15]},"faces":{"up":{"uv":[0,0,2.75,4],"texture":"#0"},"down":{"uv":[0,0,2.75,4],"rotation":180,"texture":"#0"}}},{"from":[2.5,4,-1],"to":[13.5,4,15],"rotation":{"angle":0,"axis":"x","origin":[8,11,8]},"faces":{"up":{"uv":[0,0,2.75,4],"texture":"#0"},"down":{"uv":[0,0,2.75,4],"rotation":180,"texture":"#0"}}},{"from":[11.5,2,-1],"to":[11.5,13,15],"rotation":{"angle":0,"axis":"x","origin":[8,7.5,0]},"faces":{"east":{"uv":[0,0,2.75,4],"rotation":90,"texture":"#0"},"west":{"uv":[0,0,2.75,4],"rotation":270,"texture":"#0"}}},{"from":[4.5,2,-1],"to":[4.5,13,15],"rotation":{"angle":0,"axis":"x","origin":[8,7.5,0]},"faces":{"east":{"uv":[0,0,2.75,4],"rotation":90,"texture":"#0"},"west":{"uv":[0,0,2.75,4],"rotation":270,"texture":"#0"}}},{"from":[4.5,4,12],"to":[11.5,11,15],"faces":{"north":{"uv":[5,2.25,6.75,4],"texture":"#0"},"south":{"uv":[5,2.25,6.75,4],"texture":"#0"}}},{"from":[4.5,7.62132,16.08579],"to":[11.5,17.62132,16.08579],"rotation":{"angle":-45,"axis":"x","origin":[8,8,11.46447]},"faces":{"north":{"uv":[3,1.5,4.75,4],"texture":"#0"},"south":{"uv":[3,1.5,4.75,4],"texture":"#0"}}},{"from":[4.5,-1.62132,16.08579],"to":[11.5,8.37868,16.08579],"rotation":{"angle":45,"axis":"x","origin":[8,8,11.46447]},"faces":{"north":{"uv":[3,4,4.75,1.5],"texture":"#0"},"south":{"uv":[3,4,4.75,1.5],"texture":"#0"}}},{"from":[7.62132,4.5,16.08579],"to":[17.62132,11.5,16.08579],"rotation":{"angle":45,"axis":"y","origin":[8,8,11.46447]},"faces":{"north":{"uv":[3,4,4.75,1.5],"rotation":90,"texture":"#0"},"south":{"uv":[3,4,4.75,1.5],"rotation":270,"texture":"#0"}}},{"from":[-1.62132,4.5,16.08579],"to":[8.37868,11.5,16.08579],"rotation":{"angle":-45,"axis":"y","origin":[8,8,11.46447]},"faces":{"north":{"uv":[3,1.5,4.75,4],"rotation":90,"texture":"#0"},"south":{"uv":[3,1.5,4.75,4],"rotation":270,"texture":"#0"}}}],"display":{"head":{"rotation":[0,0,45],"translation":[0,-6.75,-16],"scale":[2.2857,2.2857,2.2857]}}}