{"credit":"Made with Blockbench","texture_size":[64,64],"textures":{"0":"custom/cosmetics/badger/fruit_of_labor_head","particle":"custom/cosmetics/badger/fruit_of_labor_head"},"elements":[{"from":[-0.5,13,15.25],"to":[10.5,29,15.25],"rotation":{"angle":45,"axis":"z","origin":[8,12,15]},"faces":{"north":{"uv":[0,0,2.75,4],"texture":"#0"},"south":{"uv":[0,0,2.75,4],"texture":"#0"}}},{"from":[5.5,13,15.25],"to":[16.5,29,15.25],"rotation":{"angle":-45,"axis":"z","origin":[8,12,15]},"faces":{"north":{"uv":[2.75,0,0,4],"texture":"#0"},"south":{"uv":[2.75,0,0,4],"texture":"#0"}}},{"from":[5.5,-13,15.25],"to":[16.5,3,15.25],"rotation":{"angle":45,"axis":"z","origin":[8,4,15]},"faces":{"north":{"uv":[2.75,4,0,0],"texture":"#0"},"south":{"uv":[2.75,4,0,0],"texture":"#0"}}},{"from":[-0.5,-13,15.25],"to":[10.5,3,15.25],"rotation":{"angle":-45,"axis":"z","origin":[8,4,15]},"faces":{"north":{"uv":[0,4,2.75,0],"texture":"#0"},"south":{"uv":[0,4,2.75,0],"texture":"#0"}}},{"from":[4.46447,11.78553,15.75],"to":[11.46447,21.78553,15.75],"rotation":{"angle":22.5,"axis":"x","origin":[7.96447,11.78553,15.75]},"faces":{"north":{"uv":[3,1.5,4.75,4],"texture":"#0"},"south":{"uv":[3,1.5,4.75,4],"texture":"#0"}}},{"from":[4.46447,-6.28553,15.75],"to":[11.46447,3.71447,15.75],"rotation":{"angle":-22.5,"axis":"x","origin":[7.96447,3.71447,15.75]},"faces":{"north":{"uv":[3,4,4.75,1.5],"texture":"#0"},"south":{"uv":[3,4,4.75,1.5],"texture":"#0"}}},{"from":[-6.03553,4.03553,15.75],"to":[3.96447,11.03553,15.75],"rotation":{"angle":22.5,"axis":"y","origin":[3.96447,7.53553,15.75]},"faces":{"north":{"uv":[3,1.5,4.75,4],"rotation":90,"texture":"#0"},"south":{"uv":[3,1.5,4.75,4],"rotation":270,"texture":"#0"}}},{"from":[12.03553,4.03553,15.75],"to":[22.03553,11.03553,15.75],"rotation":{"angle":-22.5,"axis":"y","origin":[12.03553,7.53553,15.75]},"faces":{"north":{"uv":[3,4,4.75,1.5],"rotation":90,"texture":"#0"},"south":{"uv":[3,4,4.75,1.5],"rotation":270,"texture":"#0"}}},{"from":[3.5,3,15],"to":[12.5,12,17],"faces":{"north":{"uv":[0,6.25,2.25,8.5],"texture":"#0"},"east":{"uv":[0,6.25,0.5,8.5],"texture":"#0"},"south":{"uv":[0,6.25,2.25,8.5],"texture":"#0"},"west":{"uv":[0.5,6.25,0,8.5],"texture":"#0"},"up":{"uv":[0,6.25,2.25,6.5],"texture":"#0"},"down":{"uv":[0,8.25,2.25,8.5],"texture":"#0"}}},{"from":[4.5,4,14.5],"to":[11.5,11,14.5],"faces":{"north":{"uv":[4.75,6,6.5,7.75],"texture":"#0"},"south":{"uv":[4.75,6,6.5,7.75],"texture":"#0"}}},{"from":[1,7.87132,16.18934],"to":[15,21.87132,16.18934],"rotation":{"angle":-45,"axis":"x","origin":[8,8,11.81802]},"faces":{"north":{"uv":[7,6.5,10.5,10],"texture":"#0","tintindex":0},"south":{"uv":[7,6.5,10.5,10],"texture":"#0","tintindex":0}}},{"from":[1,3.12868,-2.0533],"to":[15,3.12868,11.9467],"rotation":{"angle":-45,"axis":"x","origin":[8,8,11.81802]},"faces":{"up":{"uv":[7,10,10.5,6.5],"rotation":180,"texture":"#0","tintindex":0},"down":{"uv":[7,10,10.5,6.5],"texture":"#0","tintindex":0}}},{"from":[13.62132,1,-2.57107],"to":[13.62132,15,11.42893],"rotation":{"angle":-45,"axis":"y","origin":[8,8,10.05025]},"faces":{"east":{"uv":[7,10,10.5,6.5],"rotation":270,"texture":"#0","tintindex":0},"west":{"uv":[7,10,10.5,6.5],"rotation":90,"texture":"#0","tintindex":0}}},{"from":[2.37868,1,-2.57107],"to":[2.37868,15,11.42893],"rotation":{"angle":45,"axis":"y","origin":[8,8,10.05025]},"faces":{"east":{"uv":[7,6.5,10.5,10],"rotation":90,"texture":"#0","tintindex":0},"west":{"uv":[7,6.5,10.5,10],"rotation":270,"texture":"#0","tintindex":0}}},{"from":[8,5.5,3.75],"to":[8,10.5,16.75],"rotation":{"angle":-22.5,"axis":"x","origin":[8,7.5,14.5]},"faces":{"east":{"uv":[3.25,8.5,0,9.75],"texture":"#0"},"west":{"uv":[0,8.5,3.25,9.75],"texture":"#0"}}},{"from":[8,5.5,3.75],"to":[8,10.5,16.75],"rotation":{"angle":-22.5,"axis":"x","origin":[8,7.5,14.5]},"faces":{"east":{"uv":[3.25,9.75,0,11],"texture":"#0","tintindex":0},"west":{"uv":[0,9.75,3.25,11],"texture":"#0","tintindex":0}}},{"from":[5.5,8,3.75],"to":[10.5,8,16.75],"rotation":{"angle":-22.5,"axis":"x","origin":[8,7.5,14.5]},"faces":{"up":{"uv":[0,8.5,3.25,9.75],"rotation":90,"texture":"#0"},"down":{"uv":[3.25,8.5,0,9.75],"rotation":90,"texture":"#0"}}},{"from":[5.5,8,3.75],"to":[10.5,8,16.75],"rotation":{"angle":-22.5,"axis":"x","origin":[8,7.5,14.5]},"faces":{"up":{"uv":[0,9.75,3.25,11],"rotation":90,"texture":"#0","tintindex":0},"down":{"uv":[3.25,9.75,0,11],"rotation":90,"texture":"#0","tintindex":0}}}],"display":{"head":{"translation":[0,-6.75,-23.5],"scale":[2.2857,2.2857,2.2857]}},"groups":[0,1,2,3,4,5,6,7,8,9,10,11,12,13,{"name":"group","origin":[0,0,0],"color":0,"children":[14,15,16,17]}]}