{"credit":"Made with Blockbench","texture_size":[64,64],"textures":{"0":"custom/cosmetics/badger/fruit_of_labor_head","particle":"custom/cosmetics/badger/fruit_of_labor_head"},"elements":[{"from":[2.5,12,16.25],"to":[13.5,28,16.25],"rotation":{"angle":22.5,"axis":"x","origin":[8,12,16.25]},"faces":{"north":{"uv":[0,0,2.75,4],"texture":"#0"},"south":{"uv":[0,0,2.75,4],"texture":"#0"}}},{"from":[2.5,-12.25,15.75],"to":[13.5,3.75,15.75],"rotation":{"angle":-22.5,"axis":"x","origin":[8,4,16.25]},"faces":{"north":{"uv":[0,4,2.75,0],"texture":"#0"},"south":{"uv":[0,4,2.75,0],"texture":"#0"}}},{"from":[10.64895,2.28884,14.51917],"to":[26.64895,13.28884,14.51917],"rotation":{"angle":-22.5,"axis":"y","origin":[8,7.78884,19.12833]},"faces":{"north":{"uv":[0,4,2.75,0],"rotation":90,"texture":"#0"},"south":{"uv":[0,4,2.75,0],"rotation":270,"texture":"#0"}}},{"from":[-10.78911,2.28884,14.85756],"to":[5.21089,13.28884,14.85756],"rotation":{"angle":22.5,"axis":"y","origin":[8,7.78884,19.12833]},"faces":{"north":{"uv":[0,0,2.75,4],"rotation":90,"texture":"#0"},"south":{"uv":[0,0,2.75,4],"rotation":270,"texture":"#0"}}},{"from":[3.5,3,15],"to":[12.5,12,17],"faces":{"north":{"uv":[0,6.25,2.25,8.5],"texture":"#0"},"east":{"uv":[0,6.25,0.5,8.5],"texture":"#0"},"south":{"uv":[0,6.25,2.25,8.5],"texture":"#0"},"west":{"uv":[0.5,6.25,0,8.5],"texture":"#0"},"up":{"uv":[0,6.25,2.25,6.5],"texture":"#0"},"down":{"uv":[0,8.25,2.25,8.5],"texture":"#0"}}},{"from":[4.5,4,14.5],"to":[11.5,11,14.5],"faces":{"north":{"uv":[4.75,6,6.5,7.75],"texture":"#0"},"south":{"uv":[4.75,6,6.5,7.75],"texture":"#0"}}},{"from":[3,11,14.5],"to":[13,20,14.5],"rotation":{"angle":-45,"axis":"x","origin":[8,11.5,15]},"faces":{"north":{"uv":[7,4,9.5,6.25],"texture":"#0","tintindex":0},"south":{"uv":[7,4,9.5,6.25],"texture":"#0","tintindex":0}}},{"from":[3,-4.5,15],"to":[13,4.5,15],"rotation":{"angle":45,"axis":"x","origin":[8,4.5,15]},"faces":{"north":{"uv":[7,6.25,9.5,4],"texture":"#0","tintindex":0},"south":{"uv":[7,6.25,9.5,4],"texture":"#0","tintindex":0}}},{"from":[7.97487,2.64645,16.29289],"to":[16.97487,12.64645,16.29289],"rotation":{"angle":45,"axis":"y","origin":[8,7.64645,11.81802]},"faces":{"north":{"uv":[7,6.25,9.5,4],"rotation":90,"texture":"#0","tintindex":0},"south":{"uv":[7,6.25,9.5,4],"rotation":270,"texture":"#0","tintindex":0}}},{"from":[-0.97487,2.64645,16.29289],"to":[8.02513,12.64645,16.29289],"rotation":{"angle":-45,"axis":"y","origin":[8,7.64645,11.81802]},"faces":{"north":{"uv":[7,4,9.5,6.25],"rotation":90,"texture":"#0","tintindex":0},"south":{"uv":[7,4,9.5,6.25],"rotation":270,"texture":"#0","tintindex":0}}},{"from":[1,11,14.75],"to":[15,25,14.75],"rotation":{"angle":45,"axis":"z","origin":[8,8,15]},"faces":{"north":{"uv":[7,6.5,10.5,10],"texture":"#0","tintindex":0},"south":{"uv":[7,6.5,10.5,10],"texture":"#0","tintindex":0}}},{"from":[1,11,14.75],"to":[15,25,14.75],"rotation":{"angle":-45,"axis":"z","origin":[8,8,15]},"faces":{"north":{"uv":[10.5,6.5,7,10],"texture":"#0","tintindex":0},"south":{"uv":[10.5,6.5,7,10],"texture":"#0","tintindex":0}}},{"from":[1,-9,14.75],"to":[15,5,14.75],"rotation":{"angle":-45,"axis":"z","origin":[8,8,15]},"faces":{"north":{"uv":[7,10,10.5,6.5],"texture":"#0","tintindex":0},"south":{"uv":[7,10,10.5,6.5],"texture":"#0","tintindex":0}}},{"from":[1,-9,14.75],"to":[15,5,14.75],"rotation":{"angle":45,"axis":"z","origin":[8,8,15]},"faces":{"north":{"uv":[10.5,10,7,6.5],"texture":"#0","tintindex":0},"south":{"uv":[10.5,10,7,6.5],"texture":"#0","tintindex":0}}},{"from":[9,5.5,1.75],"to":[9,10.5,14.75],"rotation":{"angle":-22.5,"axis":"x","origin":[8,7.5,14.5]},"faces":{"east":{"uv":[3.25,8.5,0,9.75],"texture":"#0"},"west":{"uv":[0,8.5,3.25,9.75],"texture":"#0"}}},{"from":[9,5.5,1.75],"to":[9,10.5,14.75],"rotation":{"angle":-22.5,"axis":"x","origin":[8,7.5,14.5]},"faces":{"east":{"uv":[3.25,9.75,0,11],"texture":"#0","tintindex":0},"west":{"uv":[0,9.75,3.25,11],"texture":"#0","tintindex":0}}},{"from":[6.5,8,1.75],"to":[11.5,8,14.75],"rotation":{"angle":-22.5,"axis":"x","origin":[8,7.5,14.5]},"faces":{"up":{"uv":[0,8.5,3.25,9.75],"rotation":90,"texture":"#0"},"down":{"uv":[3.25,8.5,0,9.75],"rotation":90,"texture":"#0"}}},{"from":[6.5,8,1.75],"to":[11.5,8,14.75],"rotation":{"angle":-22.5,"axis":"x","origin":[8,7.5,14.5]},"faces":{"up":{"uv":[0,9.75,3.25,11],"rotation":90,"texture":"#0","tintindex":0},"down":{"uv":[3.25,9.75,0,11],"rotation":90,"texture":"#0","tintindex":0}}},{"from":[7,5.5,1.75],"to":[7,10.5,14.75],"rotation":{"angle":22.5,"axis":"x","origin":[8,7.5,14.5]},"faces":{"east":{"uv":[3.25,8.5,0,9.75],"texture":"#0"},"west":{"uv":[0,8.5,3.25,9.75],"texture":"#0"}}},{"from":[7,5.5,1.75],"to":[7,10.5,14.75],"rotation":{"angle":22.5,"axis":"x","origin":[8,7.5,14.5]},"faces":{"east":{"uv":[3.25,9.75,0,11],"texture":"#0","tintindex":0},"west":{"uv":[0,9.75,3.25,11],"texture":"#0","tintindex":0}}},{"from":[4.5,8,1.75],"to":[9.5,8,14.75],"rotation":{"angle":22.5,"axis":"x","origin":[8,7.5,14.5]},"faces":{"up":{"uv":[0,8.5,3.25,9.75],"rotation":90,"texture":"#0"},"down":{"uv":[3.25,8.5,0,9.75],"rotation":90,"texture":"#0"}}},{"from":[4.5,8,1.75],"to":[9.5,8,14.75],"rotation":{"angle":22.5,"axis":"x","origin":[8,7.5,14.5]},"faces":{"up":{"uv":[0,9.75,3.25,11],"rotation":90,"texture":"#0","tintindex":0},"down":{"uv":[3.25,9.75,0,11],"rotation":90,"texture":"#0","tintindex":0}}}],"display":{"head":{"translation":[0,-6.75,-23.5],"scale":[2.2857,2.2857,2.2857]}},"groups":[0,1,2,3,4,5,6,7,8,9,10,11,12,13,{"name":"group","origin":[0,0,0],"color":0,"children":[14,15,16,17]},{"name":"group","origin":[0,0,0],"color":0,"children":[18,19,20,21]}]}