{"credit":"Made with Blockbench","texture_size":[64,64],"textures":{"0":"custom/cosmetics/badger/fruit_of_labor","1":"custom/cosmetics/badger/fruit_of_labor_head","particle":"custom/cosmetics/badger/fruit_of_labor"},"elements":[{"from":[8,-2,-5],"to":[8,16,21],"rotation":{"angle":45,"axis":"z","origin":[8,7,8]},"faces":{"east":{"uv":[6.5,0,0,4.5],"texture":"#0"},"west":{"uv":[0,0,6.5,4.5],"texture":"#0"}}},{"from":[8,-2,-5],"to":[8,16,21],"rotation":{"angle":-45,"axis":"z","origin":[8,7,8]},"faces":{"east":{"uv":[6.5,0,0,4.5],"texture":"#0"},"west":{"uv":[0,0,6.5,4.5],"texture":"#0"}}},{"from":[4,5,11],"to":[4,10,16],"faces":{"east":{"uv":[14.75,2.5,16,3.75],"texture":"#0","tintindex":0},"west":{"uv":[14.75,2.5,16,3.75],"texture":"#0","tintindex":0}}},{"from":[4,5,11],"to":[4,10,16],"faces":{"east":{"uv":[14.75,6.5,16,7.75],"texture":"#0"},"west":{"uv":[14.75,6.5,16,7.75],"texture":"#0"}}},{"from":[5,6,10],"to":[10,6,15],"rotation":{"angle":22.5,"axis":"x","origin":[7.5,4,5.5]},"faces":{"up":{"uv":[14.75,2.5,16,3.75],"rotation":270,"texture":"#0","tintindex":0},"down":{"uv":[14.75,2.5,16,3.75],"rotation":270,"texture":"#0","tintindex":0}}},{"from":[5,6,10],"to":[10,6,15],"rotation":{"angle":22.5,"axis":"x","origin":[7.5,4,5.5]},"faces":{"up":{"uv":[14.75,6.5,16,7.75],"rotation":270,"texture":"#0"},"down":{"uv":[14.75,6.5,16,7.75],"rotation":270,"texture":"#0"}}},{"from":[5,9,0],"to":[10,9,5],"rotation":{"angle":22.5,"axis":"x","origin":[7.5,11,7.5]},"faces":{"up":{"uv":[14.75,2.5,16,3.75],"rotation":270,"texture":"#0","tintindex":0},"down":{"uv":[14.75,2.5,16,3.75],"rotation":270,"texture":"#0","tintindex":0}}},{"from":[5,9,0],"to":[10,9,5],"rotation":{"angle":22.5,"axis":"x","origin":[7.5,11,7.5]},"faces":{"up":{"uv":[14.75,6.5,16,7.75],"rotation":270,"texture":"#0"},"down":{"uv":[14.75,6.5,16,7.75],"rotation":270,"texture":"#0"}}},{"from":[12,4,2],"to":[12,9,7],"rotation":{"angle":0,"axis":"y","origin":[16,0,16]},"faces":{"east":{"uv":[14.75,2.5,16,3.75],"texture":"#0","tintindex":0},"west":{"uv":[14.75,2.5,16,3.75],"texture":"#0","tintindex":0}}},{"from":[12,4,2],"to":[12,9,7],"rotation":{"angle":0,"axis":"y","origin":[16,0,16]},"faces":{"east":{"uv":[14.75,6.5,16,7.75],"texture":"#0"},"west":{"uv":[14.75,6.5,16,7.75],"texture":"#0"}}},{"from":[3,3,-2],"to":[13,3,8],"rotation":{"angle":0,"axis":"z","origin":[2,6,14]},"faces":{"up":{"uv":[13.5,4,16,6.5],"rotation":270,"texture":"#0"},"down":{"uv":[13.5,4,16,6.5],"rotation":270,"texture":"#0"}}},{"from":[3,3,-2],"to":[13,3,8],"rotation":{"angle":0,"axis":"z","origin":[2,6,14]},"faces":{"up":{"uv":[13.5,0,16,2.5],"rotation":270,"texture":"#0","tintindex":0},"down":{"uv":[13.5,0,16,2.5],"rotation":270,"texture":"#0","tintindex":0}}},{"from":[6.5,-2,4],"to":[9.5,3,4],"rotation":{"angle":-22.5,"axis":"x","origin":[8,0.5,3]},"faces":{"north":{"uv":[12.5,5.25,13.25,6.5],"rotation":180,"texture":"#0","tintindex":0},"south":{"uv":[12.5,5.25,13.25,6.5],"rotation":180,"texture":"#0","tintindex":0}}},{"from":[6.5,-2,4],"to":[9.5,3,4],"rotation":{"angle":-22.5,"axis":"x","origin":[8,0.5,3]},"faces":{"north":{"uv":[12.5,4,13.25,5.25],"rotation":180,"texture":"#0"},"south":{"uv":[12.5,4,13.25,5.25],"rotation":180,"texture":"#0"}}},{"from":[8,-2,2.5],"to":[8,3,5.5],"rotation":{"angle":-22.5,"axis":"x","origin":[8,0.5,3]},"faces":{"east":{"uv":[13.25,6.5,12.5,5.25],"texture":"#0","tintindex":0},"west":{"uv":[13.25,6.5,12.5,5.25],"texture":"#0","tintindex":0}}},{"from":[8,-2,2.5],"to":[8,3,5.5],"rotation":{"angle":-22.5,"axis":"x","origin":[8,0.5,3]},"faces":{"east":{"uv":[13.25,5.25,12.5,4],"texture":"#0"},"west":{"uv":[13.25,5.25,12.5,4],"texture":"#0"}}},{"from":[9.25,-10,1],"to":[12.25,-7,4],"faces":{"north":{"uv":[10.75,2.5,11.5,3.25],"texture":"#0"},"east":{"uv":[10.75,2.5,11.5,3.25],"texture":"#0"},"south":{"uv":[10.75,2.5,11.5,3.25],"texture":"#0"},"west":{"uv":[10.75,2.5,11.5,3.25],"texture":"#0"},"up":{"uv":[9.25,2.5,9.5,2.75],"texture":"#0","tintindex":0},"down":{"uv":[9.75,2.5,10.5,3.25],"texture":"#0"}}},{"from":[10.825,-7,-1],"to":[10.825,3,6],"rotation":{"angle":-45,"axis":"y","origin":[10.825,-2,2.5]},"faces":{"east":{"uv":[6.75,0,8.5,2.5],"texture":"#0"},"west":{"uv":[6.75,0,8.5,2.5],"texture":"#0"}}},{"from":[3,3,3],"to":[5,5,5],"faces":{"north":{"uv":[9,2.5,9.5,3],"texture":"#0","tintindex":0},"east":{"uv":[9,2.5,9.5,3],"texture":"#0","tintindex":0},"south":{"uv":[9,2.5,9.5,3],"texture":"#0","tintindex":0},"west":{"uv":[9,2.5,9.5,3],"texture":"#0","tintindex":0},"up":{"uv":[9,2.5,9.25,2.75],"texture":"#0","tintindex":0},"down":{"uv":[9,2.75,9.25,3],"texture":"#0","tintindex":0}}},{"from":[3,9,7],"to":[5,11,9],"faces":{"north":{"uv":[9,2.5,9.5,3],"texture":"#0","tintindex":0},"east":{"uv":[9,2.5,9.5,3],"texture":"#0","tintindex":0},"south":{"uv":[9,2.5,9.5,3],"texture":"#0","tintindex":0},"west":{"uv":[9,2.5,9.5,3],"texture":"#0","tintindex":0},"up":{"uv":[9,2.5,9.25,2.75],"texture":"#0","tintindex":0},"down":{"uv":[9,2.75,9.25,3],"texture":"#0","tintindex":0}}},{"from":[11,11,3],"to":[13,13,5],"faces":{"north":{"uv":[9,2.5,9.5,3],"texture":"#0","tintindex":0},"east":{"uv":[9,2.5,9.5,3],"texture":"#0","tintindex":0},"south":{"uv":[9,2.5,9.5,3],"texture":"#0","tintindex":0},"west":{"uv":[9,2.5,9.5,3],"texture":"#0","tintindex":0},"up":{"uv":[9,2.5,9.25,2.75],"texture":"#0","tintindex":0},"down":{"uv":[9,2.75,9.25,3],"texture":"#0","tintindex":0}}},{"from":[9,2,7],"to":[11,4,9],"faces":{"north":{"uv":[9,2.5,9.5,3],"texture":"#0","tintindex":0},"east":{"uv":[9,2.5,9.5,3],"texture":"#0","tintindex":0},"south":{"uv":[9,2.5,9.5,3],"texture":"#0","tintindex":0},"west":{"uv":[9,2.5,9.5,3],"texture":"#0","tintindex":0},"up":{"uv":[9,2.5,9.25,2.75],"texture":"#0","tintindex":0},"down":{"uv":[9,2.75,9.25,3],"texture":"#0","tintindex":0}}},{"from":[11,10,12.25],"to":[13,12,14.25],"faces":{"north":{"uv":[9,2.5,9.5,3],"texture":"#0","tintindex":0},"east":{"uv":[9,2.5,9.5,3],"texture":"#0","tintindex":0},"south":{"uv":[9,2.5,9.5,3],"texture":"#0","tintindex":0},"west":{"uv":[9,2.5,9.5,3],"texture":"#0","tintindex":0},"up":{"uv":[9,2.5,9.25,2.75],"texture":"#0","tintindex":0},"down":{"uv":[9,2.75,9.25,3],"texture":"#0","tintindex":0}}},{"from":[5,-10,8],"to":[5,0,15],"rotation":{"angle":45,"axis":"y","origin":[5,0,11.5]},"faces":{"east":{"uv":[8.5,0,6.75,2.5],"texture":"#0"},"west":{"uv":[8.5,0,6.75,2.5],"texture":"#0"}}},{"from":[5,0,8],"to":[5,10,15],"rotation":{"angle":45,"axis":"y","origin":[5,0,11.5]},"faces":{"east":{"uv":[6.75,2.5,8.5,0],"texture":"#0"},"west":{"uv":[6.75,2.5,8.5,0],"texture":"#0"}}},{"from":[2.5,-10,9],"to":[7.5,-10,14],"faces":{"up":{"uv":[9,0,10.25,1.25],"texture":"#0","tintindex":0}}},{"from":[2.5,-15,9],"to":[7.5,-10,14],"faces":{"north":{"uv":[11.75,0,13,1.25],"texture":"#0"},"east":{"uv":[11.75,0,13,1.25],"texture":"#0"},"south":{"uv":[11.75,0,13,1.25],"texture":"#0"},"west":{"uv":[11.75,0,13,1.25],"texture":"#0"},"up":{"uv":[10.25,0,11.5,1.25],"texture":"#0"},"down":{"uv":[11.75,1.5,13,2.75],"texture":"#0"}}},{"from":[12.5,-6.75,4.25],"to":[9,-10.25,0.75],"faces":{"north":{"uv":[9,2.5,9.5,3],"rotation":180,"texture":"#0","tintindex":0},"east":{"uv":[9,2.5,9.5,3],"rotation":180,"texture":"#0","tintindex":0},"south":{"uv":[9,2.5,9.5,3],"rotation":180,"texture":"#0","tintindex":0},"west":{"uv":[9,2.5,9.5,3],"rotation":180,"texture":"#0","tintindex":0},"up":{"uv":[9,2.75,9.25,3],"texture":"#0","tintindex":0},"down":{"uv":[9,2.5,9.25,2.75],"texture":"#0","tintindex":0}}},{"from":[8,-9.5,14.5],"to":[2,-15.5,8.5],"faces":{"north":{"uv":[9,2.5,9.5,3],"rotation":180,"texture":"#0","tintindex":0},"east":{"uv":[9,2.5,9.5,3],"rotation":180,"texture":"#0","tintindex":0},"south":{"uv":[9,2.5,9.5,3],"rotation":180,"texture":"#0","tintindex":0},"west":{"uv":[9,2.5,9.5,3],"rotation":180,"texture":"#0","tintindex":0},"up":{"uv":[9,2.75,9.25,3],"texture":"#0","tintindex":0},"down":{"uv":[9,2.5,9.25,2.75],"texture":"#0","tintindex":0}}},{"from":[7.79325,11.95,-0.05307],"to":[7.79325,23.95,21.94693],"rotation":{"angle":-22.5,"axis":"x","origin":[7.79325,16.95,9.94693]},"faces":{"east":{"uv":[7.5,11.25,1.75,14.25],"texture":"#1"},"west":{"uv":[1.75,11.25,7.5,14.25],"texture":"#1"}}}],"display":{"head":{"translation":[0,-2.75,2.25],"scale":[2.2857,2.2857,2.2857]}},"groups":[0,1,{"name":"group","origin":[0,0,0],"color":0,"children":[2,3]},{"name":"group","origin":[0,0,0],"color":0,"children":[4,5]},{"name":"group","origin":[0,0,0],"color":0,"children":[6,7]},{"name":"group","origin":[0,0,0],"color":0,"children":[8,9]},{"name":"group","origin":[0,0,0],"color":0,"children":[]},{"name":"group","origin":[0,0,0],"color":0,"children":[]},{"name":"group","origin":[0,0,0],"color":0,"children":[10,11]},{"name":"group","origin":[0,0,0],"color":0,"children":[]},{"name":"group","origin":[0,0,0],"color":0,"children":[]},{"name":"group","origin":[0,0,0],"color":0,"children":[]},{"name":"group","origin":[0,0,0],"color":0,"children":[12,13,14,15]},{"name":"group","origin":[0,0,0],"color":0,"children":[]},16,17,18,19,20,21,22,{"name":"group","origin":[0,0,0],"color":0,"children":[23,24]},{"name":"group","origin":[0,0,0],"color":0,"children":[25,26,27,28]},29]}