{"credit":"Made with Blockbench","texture_size":[64,64],"textures":{"0":"custom/cosmetics/badger/fruit_of_labor_head","particle":"custom/cosmetics/badger/fruit_of_labor_head"},"elements":[{"from":[2.5,12,-1.75],"to":[13.5,28,-1.75],"rotation":{"angle":22.5,"axis":"x","origin":[8,12,-1.75]},"faces":{"north":{"uv":[0,0,2.75,4],"texture":"#0"},"south":{"uv":[0,0,2.75,4],"texture":"#0"}}},{"from":[2.5,-12.25,-2.25],"to":[13.5,3.75,-2.25],"rotation":{"angle":-22.5,"axis":"x","origin":[8,4,-1.75]},"faces":{"north":{"uv":[0,4,2.75,0],"texture":"#0"},"south":{"uv":[0,4,2.75,0],"texture":"#0"}}},{"from":[10.64895,2.28884,-3.48083],"to":[26.64895,13.28884,-3.48083],"rotation":{"angle":-22.5,"axis":"y","origin":[8,7.78884,1.12833]},"faces":{"north":{"uv":[0,4,2.75,0],"rotation":90,"texture":"#0"},"south":{"uv":[0,4,2.75,0],"rotation":270,"texture":"#0"}}},{"from":[-10.78911,2.28884,-3.14244],"to":[5.21089,13.28884,-3.14244],"rotation":{"angle":22.5,"axis":"y","origin":[8,7.78884,1.12833]},"faces":{"north":{"uv":[0,0,2.75,4],"rotation":90,"texture":"#0"},"south":{"uv":[0,0,2.75,4],"rotation":270,"texture":"#0"}}},{"from":[3.5,3,-3],"to":[12.5,12,-1],"rotation":{"angle":0,"axis":"y","origin":[0,0,-18]},"faces":{"north":{"uv":[0,6.25,2.25,8.5],"texture":"#0"},"east":{"uv":[0,6.25,0.5,8.5],"texture":"#0"},"south":{"uv":[0,6.25,2.25,8.5],"texture":"#0"},"west":{"uv":[0.5,6.25,0,8.5],"texture":"#0"},"up":{"uv":[0,6.25,2.25,6.5],"texture":"#0"},"down":{"uv":[0,8.25,2.25,8.5],"texture":"#0"}}},{"from":[3,12,-7.5],"to":[13,21,-7.5],"rotation":{"angle":-45,"axis":"x","origin":[8,11.5,-7]},"faces":{"north":{"uv":[7,4,9.5,6.25],"texture":"#0","tintindex":0},"south":{"uv":[7,4,9.5,6.25],"texture":"#0","tintindex":0}}},{"from":[3,-5.75,-6.825],"to":[13,3.25,-6.825],"rotation":{"angle":45,"axis":"x","origin":[8,4.5,-7]},"faces":{"north":{"uv":[7,6.25,9.5,4],"texture":"#0","tintindex":0},"south":{"uv":[7,6.25,9.5,4],"texture":"#0","tintindex":0}}},{"from":[9.22487,2.64645,-5.70711],"to":[18.22487,12.64645,-5.70711],"rotation":{"angle":45,"axis":"y","origin":[8,7.64645,-10.18198]},"faces":{"north":{"uv":[7,6.25,9.5,4],"rotation":90,"texture":"#0","tintindex":0},"south":{"uv":[7,6.25,9.5,4],"rotation":270,"texture":"#0","tintindex":0}}},{"from":[-2.22487,2.64645,-5.70711],"to":[6.77513,12.64645,-5.70711],"rotation":{"angle":-45,"axis":"y","origin":[8,7.64645,-10.18198]},"faces":{"north":{"uv":[7,4,9.5,6.25],"rotation":90,"texture":"#0","tintindex":0},"south":{"uv":[7,4,9.5,6.25],"rotation":270,"texture":"#0","tintindex":0}}},{"from":[1,11,-3.25],"to":[15,25,-3.25],"rotation":{"angle":45,"axis":"z","origin":[8,8,-3]},"faces":{"north":{"uv":[7,6.5,10.5,10],"texture":"#0","tintindex":0},"south":{"uv":[7,6.5,10.5,10],"texture":"#0","tintindex":0}}},{"from":[1,11,-3.25],"to":[15,25,-3.25],"rotation":{"angle":-45,"axis":"z","origin":[8,8,-3]},"faces":{"north":{"uv":[10.5,6.5,7,10],"texture":"#0","tintindex":0},"south":{"uv":[10.5,6.5,7,10],"texture":"#0","tintindex":0}}},{"from":[1,-9,-3.25],"to":[15,5,-3.25],"rotation":{"angle":-45,"axis":"z","origin":[8,8,-3]},"faces":{"north":{"uv":[7,10,10.5,6.5],"texture":"#0","tintindex":0},"south":{"uv":[7,10,10.5,6.5],"texture":"#0","tintindex":0}}},{"from":[1,-9,-3.25],"to":[15,5,-3.25],"rotation":{"angle":45,"axis":"z","origin":[8,8,-3]},"faces":{"north":{"uv":[10.5,10,7,6.5],"texture":"#0","tintindex":0},"south":{"uv":[10.5,10,7,6.5],"texture":"#0","tintindex":0}}},{"from":[12,11.5,-3.3],"to":[4,3.5,-11.3],"rotation":{"angle":0,"axis":"y","origin":[0,0,-20]},"faces":{"north":{"uv":[9,2.5,9.25,2.75],"texture":"#0","tintindex":0},"east":{"uv":[9.5,3,9,2.5],"rotation":270,"texture":"#0","tintindex":0},"south":{"uv":[9,2.75,9.25,3],"texture":"#0","tintindex":0},"west":{"uv":[9.5,2.5,9,3],"rotation":270,"texture":"#0","tintindex":0},"up":{"uv":[9,3,9.5,2.5],"rotation":180,"texture":"#0","tintindex":0},"down":{"uv":[9,3,9.5,2.5],"texture":"#0","tintindex":0}}},{"from":[4.5,4,-11],"to":[11.5,11,-3],"rotation":{"angle":0,"axis":"y","origin":[0,0,-18]},"faces":{"north":{"uv":[0,11,1.5,12.5],"texture":"#0"},"east":{"uv":[0,12.75,1.5,14.25],"rotation":90,"texture":"#0"},"south":{"uv":[0,0,1.5,1.5],"texture":"#missing"},"west":{"uv":[0,12.75,1.5,14.25],"rotation":270,"texture":"#0"},"up":{"uv":[0,12.75,1.5,14.25],"texture":"#0"},"down":{"uv":[0,12.75,1.5,14.25],"rotation":180,"texture":"#0"}}},{"from":[10.5,9.75,-10.5],"to":[5.5,4.75,-15.5],"rotation":{"angle":0,"axis":"y","origin":[0,0,-20]},"faces":{"north":{"uv":[9,2.5,9.25,2.75],"texture":"#0","tintindex":0},"east":{"uv":[9.5,3,9,2.5],"rotation":270,"texture":"#0","tintindex":0},"south":{"uv":[9,2.75,9.25,3],"texture":"#0","tintindex":0},"west":{"uv":[9.5,2.5,9,3],"rotation":270,"texture":"#0","tintindex":0},"up":{"uv":[9,3,9.5,2.5],"rotation":180,"texture":"#0","tintindex":0},"down":{"uv":[9,3,9.5,2.5],"texture":"#0","tintindex":0}}},{"from":[6,5.25,-15],"to":[10,9.25,-11],"rotation":{"angle":0,"axis":"y","origin":[0,0,-20]},"faces":{"north":{"uv":[9.25,1.25,10.25,2.25],"texture":"#0"},"east":{"uv":[10.5,1.25,11.5,2.25],"rotation":270,"texture":"#0"},"south":{"uv":[11.25,1.25,11.5,1.5],"texture":"#0"},"west":{"uv":[10.5,2.25,11.5,1.25],"rotation":270,"texture":"#0"},"up":{"uv":[10.5,1.25,11.5,2.25],"rotation":180,"texture":"#0"},"down":{"uv":[10.5,1.25,11.5,2.25],"texture":"#0"}}},{"from":[4.5,16,-3.5],"to":[-0.5,11,-8.5],"rotation":{"angle":0,"axis":"y","origin":[0,0,-20]},"faces":{"north":{"uv":[9,2.5,9.25,2.75],"texture":"#0","tintindex":0},"east":{"uv":[9.5,3,9,2.5],"rotation":270,"texture":"#0","tintindex":0},"south":{"uv":[9,2.75,9.25,3],"texture":"#0","tintindex":0},"west":{"uv":[9.5,2.5,9,3],"rotation":270,"texture":"#0","tintindex":0},"up":{"uv":[9,3,9.5,2.5],"rotation":180,"texture":"#0","tintindex":0},"down":{"uv":[9,3,9.5,2.5],"texture":"#0","tintindex":0}}},{"from":[0,11.5,-8],"to":[4,15.5,-4],"rotation":{"angle":0,"axis":"y","origin":[0,0,-20]},"faces":{"north":{"uv":[9.25,1.25,10.25,2.25],"texture":"#0"},"east":{"uv":[10.5,1.25,11.5,2.25],"rotation":270,"texture":"#0"},"south":{"uv":[11.25,1.25,11.5,1.5],"texture":"#0"},"west":{"uv":[10.5,2.25,11.5,1.25],"rotation":270,"texture":"#0"},"up":{"uv":[10.5,1.25,11.5,2.25],"rotation":180,"texture":"#0"},"down":{"uv":[10.5,1.25,11.5,2.25],"texture":"#0"}}},{"from":[16.5,16,-3.5],"to":[11.5,11,-8.5],"rotation":{"angle":0,"axis":"y","origin":[16,0,-20]},"faces":{"north":{"uv":[9.25,2.5,9,2.75],"texture":"#0","tintindex":0},"east":{"uv":[9.5,3,9,2.5],"rotation":270,"texture":"#0","tintindex":0},"south":{"uv":[9.25,2.75,9,3],"texture":"#0","tintindex":0},"west":{"uv":[9.5,2.5,9,3],"rotation":270,"texture":"#0","tintindex":0},"up":{"uv":[9.5,3,9,2.5],"rotation":180,"texture":"#0","tintindex":0},"down":{"uv":[9.5,3,9,2.5],"texture":"#0","tintindex":0}}},{"from":[12,11.5,-8],"to":[16,15.5,-4],"rotation":{"angle":0,"axis":"y","origin":[16,0,-20]},"faces":{"north":{"uv":[10.25,1.25,9.25,2.25],"texture":"#0"},"east":{"uv":[10.5,1.25,11.5,2.25],"rotation":270,"texture":"#0"},"south":{"uv":[11.5,1.25,11.25,1.5],"texture":"#0"},"west":{"uv":[10.5,2.25,11.5,1.25],"rotation":270,"texture":"#0"},"up":{"uv":[11.5,1.25,10.5,2.25],"rotation":180,"texture":"#0"},"down":{"uv":[11.5,1.25,10.5,2.25],"texture":"#0"}}},{"from":[16.5,4,-3.5],"to":[11.5,-1,-8.5],"rotation":{"angle":0,"axis":"y","origin":[16,16,-20]},"faces":{"north":{"uv":[9.25,2.75,9,2.5],"texture":"#0","tintindex":0},"east":{"uv":[9,3,9.5,2.5],"rotation":270,"texture":"#0","tintindex":0},"south":{"uv":[9.25,3,9,2.75],"texture":"#0","tintindex":0},"west":{"uv":[9,2.5,9.5,3],"rotation":270,"texture":"#0","tintindex":0},"up":{"uv":[9.5,2.5,9,3],"texture":"#0","tintindex":0},"down":{"uv":[9.5,2.5,9,3],"rotation":180,"texture":"#0","tintindex":0}}},{"from":[12,-0.5,-8],"to":[16,3.5,-4],"rotation":{"angle":0,"axis":"y","origin":[16,16,-20]},"faces":{"north":{"uv":[10.25,2.25,9.25,1.25],"texture":"#0"},"east":{"uv":[11.5,1.25,10.5,2.25],"rotation":270,"texture":"#0"},"south":{"uv":[11.5,1.5,11.25,1.25],"texture":"#0"},"west":{"uv":[11.5,2.25,10.5,1.25],"rotation":270,"texture":"#0"},"up":{"uv":[11.5,2.25,10.5,1.25],"texture":"#0"},"down":{"uv":[11.5,2.25,10.5,1.25],"rotation":180,"texture":"#0"}}},{"from":[4.5,4,-3.5],"to":[-0.5,-1,-8.5],"rotation":{"angle":0,"axis":"y","origin":[0,16,-20]},"faces":{"north":{"uv":[9,2.75,9.25,2.5],"texture":"#0","tintindex":0},"east":{"uv":[9,3,9.5,2.5],"rotation":270,"texture":"#0","tintindex":0},"south":{"uv":[9,3,9.25,2.75],"texture":"#0","tintindex":0},"west":{"uv":[9,2.5,9.5,3],"rotation":270,"texture":"#0","tintindex":0},"up":{"uv":[9,2.5,9.5,3],"texture":"#0","tintindex":0},"down":{"uv":[9,2.5,9.5,3],"rotation":180,"texture":"#0","tintindex":0}}},{"from":[0,-0.5,-8],"to":[4,3.5,-4],"rotation":{"angle":0,"axis":"y","origin":[0,16,-20]},"faces":{"north":{"uv":[9.25,2.25,10.25,1.25],"texture":"#0"},"east":{"uv":[11.5,1.25,10.5,2.25],"rotation":270,"texture":"#0"},"south":{"uv":[11.25,1.5,11.5,1.25],"texture":"#0"},"west":{"uv":[11.5,2.25,10.5,1.25],"rotation":270,"texture":"#0"},"up":{"uv":[10.5,2.25,11.5,1.25],"texture":"#0"},"down":{"uv":[10.5,2.25,11.5,1.25],"rotation":180,"texture":"#0"}}},{"from":[5.5,16.25,-6.5],"to":[10.5,29.25,-6.5],"rotation":{"angle":22.5,"axis":"x","origin":[8,7.5,-4.5]},"faces":{"north":{"uv":[0,14.5,3.25,15.75],"rotation":90,"texture":"#0"},"south":{"uv":[3.25,14.5,0,15.75],"rotation":270,"texture":"#0"}}},{"from":[5.5,16.25,-6.5],"to":[10.5,29.25,-6.5],"rotation":{"angle":22.5,"axis":"x","origin":[8,7.5,-4.5]},"faces":{"north":{"uv":[3.25,14.5,6.5,15.75],"rotation":90,"texture":"#0","tintindex":0},"south":{"uv":[6.5,14.5,3.25,15.75],"rotation":270,"texture":"#0","tintindex":0}}},{"from":[8,16.25,-9],"to":[8,29.25,-4],"rotation":{"angle":22.5,"axis":"x","origin":[8,7.5,-4.5]},"faces":{"east":{"uv":[3.25,14.5,0,15.75],"rotation":270,"texture":"#0"},"west":{"uv":[0,14.5,3.25,15.75],"rotation":90,"texture":"#0"}}},{"from":[8,4.25,-9],"to":[8,17.25,-4],"rotation":{"angle":22.5,"axis":"x","origin":[8,7.5,-4.5]},"faces":{"east":{"uv":[0,14.5,3.25,15.75],"rotation":270,"texture":"#0"},"west":{"uv":[3.25,14.5,0,15.75],"rotation":90,"texture":"#0"}}},{"from":[5.5,4.25,-6.5],"to":[10.5,17.25,-6.5],"rotation":{"angle":22.5,"axis":"x","origin":[8,7.5,-4.5]},"faces":{"north":{"uv":[3.25,14.5,0,15.75],"rotation":90,"texture":"#0"},"south":{"uv":[0,14.5,3.25,15.75],"rotation":270,"texture":"#0"}}},{"from":[8,16.25,-9],"to":[8,29.25,-4],"rotation":{"angle":22.5,"axis":"x","origin":[8,7.5,-4.5]},"faces":{"east":{"uv":[6.5,14.5,3.25,15.75],"rotation":270,"texture":"#0","tintindex":0},"west":{"uv":[3.25,14.5,6.5,15.75],"rotation":90,"texture":"#0","tintindex":0}}},{"from":[-12.64054,5.5,-6.17986],"to":[0.35946,10.5,-6.17986],"rotation":{"angle":22.5,"axis":"y","origin":[8,8,-2.80794]},"faces":{"north":{"uv":[0,14.5,3.25,15.75],"rotation":180,"texture":"#0"},"south":{"uv":[3.25,14.5,0,15.75],"rotation":180,"texture":"#0"}}},{"from":[-12.64054,5.5,-6.17986],"to":[0.35946,10.5,-6.17986],"rotation":{"angle":22.5,"axis":"y","origin":[8,8,-2.80794]},"faces":{"north":{"uv":[3.25,14.5,6.5,15.75],"rotation":180,"texture":"#0","tintindex":0},"south":{"uv":[6.5,14.5,3.25,15.75],"rotation":180,"texture":"#0","tintindex":0}}},{"from":[-12.64054,8,-8.67986],"to":[0.35946,8,-3.67986],"rotation":{"angle":22.5,"axis":"y","origin":[8,8,-2.80794]},"faces":{"up":{"uv":[3.25,14.5,0,15.75],"rotation":180,"texture":"#0"},"down":{"uv":[0,14.5,3.25,15.75],"texture":"#0"}}},{"from":[-0.64054,8,-8.67986],"to":[12.35946,8,-3.67986],"rotation":{"angle":22.5,"axis":"y","origin":[8,8,-2.80794]},"faces":{"up":{"uv":[0,14.5,3.25,15.75],"rotation":180,"texture":"#0"},"down":{"uv":[3.25,14.5,0,15.75],"texture":"#0"}}},{"from":[-0.64054,5.5,-6.17986],"to":[12.35946,10.5,-6.17986],"rotation":{"angle":22.5,"axis":"y","origin":[8,8,-2.80794]},"faces":{"north":{"uv":[3.25,14.5,0,15.75],"rotation":180,"texture":"#0"},"south":{"uv":[0,14.5,3.25,15.75],"rotation":180,"texture":"#0"}}},{"from":[-12.64054,8,-8.67986],"to":[0.35946,8,-3.67986],"rotation":{"angle":22.5,"axis":"y","origin":[8,8,-2.80794]},"faces":{"up":{"uv":[6.5,14.5,3.25,15.75],"rotation":180,"texture":"#0","tintindex":0},"down":{"uv":[3.25,14.5,6.5,15.75],"texture":"#0","tintindex":0}}},{"from":[5.5,-13.25,-7.25],"to":[10.5,-0.25,-7.25],"rotation":{"angle":-22.5,"axis":"x","origin":[8,8.5,-5.25]},"faces":{"north":{"uv":[3.25,14.5,0,15.75],"rotation":90,"texture":"#0"},"south":{"uv":[0,14.5,3.25,15.75],"rotation":270,"texture":"#0"}}},{"from":[5.5,-13.25,-7.25],"to":[10.5,-0.25,-7.25],"rotation":{"angle":-22.5,"axis":"x","origin":[8,8.5,-5.25]},"faces":{"north":{"uv":[6.5,14.5,3.25,15.75],"rotation":90,"texture":"#0","tintindex":0},"south":{"uv":[3.25,14.5,6.5,15.75],"rotation":270,"texture":"#0","tintindex":0}}},{"from":[8,-13.25,-9.75],"to":[8,-0.25,-4.75],"rotation":{"angle":-22.5,"axis":"x","origin":[8,8.5,-5.25]},"faces":{"east":{"uv":[0,14.5,3.25,15.75],"rotation":270,"texture":"#0"},"west":{"uv":[3.25,14.5,0,15.75],"rotation":90,"texture":"#0"}}},{"from":[8,-1.25,-9.75],"to":[8,11.75,-4.75],"rotation":{"angle":-22.5,"axis":"x","origin":[8,8.5,-5.25]},"faces":{"east":{"uv":[3.25,14.5,0,15.75],"rotation":270,"texture":"#0"},"west":{"uv":[0,14.5,3.25,15.75],"rotation":90,"texture":"#0"}}},{"from":[5.5,-1.25,-7.25],"to":[10.5,11.75,-7.25],"rotation":{"angle":-22.5,"axis":"x","origin":[8,8.5,-5.25]},"faces":{"north":{"uv":[0,14.5,3.25,15.75],"rotation":90,"texture":"#0"},"south":{"uv":[3.25,14.5,0,15.75],"rotation":270,"texture":"#0"}}},{"from":[8,-13.25,-9.75],"to":[8,-0.25,-4.75],"rotation":{"angle":-22.5,"axis":"x","origin":[8,8.5,-5.25]},"faces":{"east":{"uv":[3.25,14.5,6.5,15.75],"rotation":270,"texture":"#0","tintindex":0},"west":{"uv":[6.5,14.5,3.25,15.75],"rotation":90,"texture":"#0","tintindex":0}}},{"from":[15.64054,5.5,-6.92986],"to":[28.64054,10.5,-6.92986],"rotation":{"angle":-22.5,"axis":"y","origin":[8,8,-3.55794]},"faces":{"north":{"uv":[3.25,14.5,0,15.75],"rotation":180,"texture":"#0"},"south":{"uv":[0,14.5,3.25,15.75],"rotation":180,"texture":"#0"}}},{"from":[15.64054,5.5,-6.92986],"to":[28.64054,10.5,-6.92986],"rotation":{"angle":-22.5,"axis":"y","origin":[8,8,-3.55794]},"faces":{"north":{"uv":[6.5,14.5,3.25,15.75],"rotation":180,"texture":"#0","tintindex":0},"south":{"uv":[3.25,14.5,6.5,15.75],"rotation":180,"texture":"#0","tintindex":0}}},{"from":[15.64054,8,-9.42986],"to":[28.64054,8,-4.42986],"rotation":{"angle":-22.5,"axis":"y","origin":[8,8,-3.55794]},"faces":{"up":{"uv":[0,14.5,3.25,15.75],"rotation":180,"texture":"#0"},"down":{"uv":[3.25,14.5,0,15.75],"texture":"#0"}}},{"from":[3.64054,8,-9.42986],"to":[16.64054,8,-4.42986],"rotation":{"angle":-22.5,"axis":"y","origin":[8,8,-3.55794]},"faces":{"up":{"uv":[3.25,14.5,0,15.75],"rotation":180,"texture":"#0"},"down":{"uv":[0,14.5,3.25,15.75],"texture":"#0"}}},{"from":[3.64054,5.5,-6.92986],"to":[16.64054,10.5,-6.92986],"rotation":{"angle":-22.5,"axis":"y","origin":[8,8,-3.55794]},"faces":{"north":{"uv":[0,14.5,3.25,15.75],"rotation":180,"texture":"#0"},"south":{"uv":[3.25,14.5,0,15.75],"rotation":180,"texture":"#0"}}},{"from":[15.64054,8,-9.42986],"to":[28.64054,8,-4.42986],"rotation":{"angle":-22.5,"axis":"y","origin":[8,8,-3.55794]},"faces":{"up":{"uv":[3.25,14.5,6.5,15.75],"rotation":180,"texture":"#0","tintindex":0},"down":{"uv":[6.5,14.5,3.25,15.75],"texture":"#0","tintindex":0}}},{"from":[-14.98175,10.95,2.92193],"to":[7.01825,22.95,2.92193],"rotation":{"angle":45,"axis":"y","origin":[-0.20675,19,3.17193]},"faces":{"north":{"uv":[1.75,11.25,7.5,14.25],"texture":"#0"},"south":{"uv":[7.5,11.25,1.75,14.25],"texture":"#0"}}},{"from":[8.98175,10.95,2.92193],"to":[30.98175,22.95,2.92193],"rotation":{"angle":-45,"axis":"y","origin":[16.20675,19,3.17193]},"faces":{"north":{"uv":[7.5,11.25,1.75,14.25],"texture":"#0"},"south":{"uv":[1.75,11.25,7.5,14.25],"texture":"#0"}}},{"from":[-15,-12,-1],"to":[7,0,-1],"rotation":{"angle":22.5,"axis":"z","origin":[-6.5,-4,-1]},"faces":{"north":{"uv":[1.75,14.25,7.5,11.25],"texture":"#0"},"south":{"uv":[7.5,14.25,1.75,11.25],"texture":"#0"}}},{"from":[9,-12,-1],"to":[31,0,-1],"rotation":{"angle":-22.5,"axis":"z","origin":[22.5,-4,-1]},"faces":{"north":{"uv":[7.5,14.25,1.75,11.25],"texture":"#0"},"south":{"uv":[1.75,14.25,7.5,11.25],"texture":"#0"}}}],"display":{"head":{"translation":[0,-6.75,12.5],"scale":[2.2857,2.2857,2.2857]}},"groups":[0,1,2,3,4,5,6,7,8,9,10,11,12,13,14,15,16,17,18,19,20,21,22,23,24,{"name":"group","origin":[0,0,0],"color":0,"children":[25,26,27,28,29,30,31,32,33,34,35,36]},{"name":"group","origin":[0,0,0],"color":0,"children":[37,38,39,40,41,42,43,44,45,46,47,48]},49,50,51,52]}