{"credit":"Made with Blockbench","texture_size":[64,64],"textures":{"0":"custom/cosmetics/badger/fruit_of_labor","particle":"custom/cosmetics/badger/fruit_of_labor"},"elements":[{"from":[8,-2,-5],"to":[8,16,21],"rotation":{"angle":45,"axis":"z","origin":[8,7,8]},"faces":{"east":{"uv":[6.5,0,0,4.5],"texture":"#0"},"west":{"uv":[0,0,6.5,4.5],"texture":"#0"}}},{"from":[8,-2,-5],"to":[8,16,21],"rotation":{"angle":-45,"axis":"z","origin":[8,7,8]},"faces":{"east":{"uv":[6.5,0,0,4.5],"texture":"#0"},"west":{"uv":[0,0,6.5,4.5],"texture":"#0"}}}],"display":{"head":{"translation":[0,-2.75,2.25],"scale":[2.2857,2.2857,2.2857]}}}