{"credit":"Made with Blockbench","texture_size":[64,64],"textures":{"0":"custom/cosmetics/badger/potion_balloon","1":"custom/cosmetics/badger/potion_balloon_liquid","2":"custom/cosmetics/witch/witch_cauldron_bubbles","particle":"custom/cosmetics/badger/potion_balloon"},"elements":[{"from":[0,-10,0],"to":[16,4,16],"faces":{"north":{"uv":[0,4.5,4,8],"texture":"#0"},"east":{"uv":[0,4.5,4,8],"texture":"#0"},"south":{"uv":[0,4.5,4,8],"texture":"#0"},"west":{"uv":[0,4.5,4,8],"texture":"#0"},"up":{"uv":[4,0,8,4],"texture":"#0"},"down":{"uv":[4,4,8,8],"texture":"#0"}}},{"from":[2,4,2],"to":[14,10,14],"faces":{"north":{"uv":[0.5,3,3.5,4.5],"texture":"#0"},"east":{"uv":[0.5,3,3.5,4.5],"texture":"#0"},"south":{"uv":[0.5,3,3.5,4.5],"texture":"#0"},"west":{"uv":[0.5,3,3.5,4.5],"texture":"#0"}}},{"from":[1,10,1],"to":[15,12,15],"faces":{"north":{"uv":[8.25,3.5,11.75,4],"texture":"#0","tintindex":0},"east":{"uv":[8.25,3.5,11.75,4],"texture":"#0","tintindex":0},"south":{"uv":[8.25,3.5,11.75,4],"texture":"#0","tintindex":0},"west":{"uv":[8.25,3.5,11.75,4],"texture":"#0","tintindex":0},"up":{"uv":[8.25,0,11.75,3.5],"texture":"#0","tintindex":0},"down":{"uv":[11.75,0,15.25,3.5],"texture":"#0","tintindex":0}}},{"name":"cube inverted","from":[15,12,15],"to":[1,10,1],"faces":{"north":{"uv":[8.25,4,11.75,3.5],"texture":"#0","tintindex":0},"east":{"uv":[8.25,4,11.75,3.5],"texture":"#0","tintindex":0},"south":{"uv":[8.25,4,11.75,3.5],"texture":"#0","tintindex":0},"west":{"uv":[8.25,4,11.75,3.5],"texture":"#0","tintindex":0},"up":{"uv":[15.25,0,11.75,3.5],"texture":"#0","tintindex":0},"down":{"uv":[11.75,0,8.25,3.5],"texture":"#0","tintindex":0}}},{"from":[0.1,-9.9,0.1],"to":[15.9,-0.1,15.9],"faces":{"north":{"uv":[0,3,8,8],"texture":"#1","tintindex":0},"east":{"uv":[0,3,8,8],"texture":"#1","tintindex":0},"south":{"uv":[0,3,8,8],"texture":"#1","tintindex":0},"west":{"uv":[0,3,8,8],"texture":"#1","tintindex":0},"up":{"uv":[8,0,16,8],"texture":"#1","tintindex":0},"down":{"uv":[8,8,16,16],"texture":"#1","tintindex":0}}},{"from":[0,12,8],"to":[16,28,8],"rotation":{"angle":45,"axis":"y","origin":[8,20,8]},"faces":{"north":{"uv":[0,0,16,16],"texture":"#2","tintindex":0},"south":{"uv":[0,0,16,16],"texture":"#2","tintindex":0}}},{"from":[0,12,8],"to":[16,28,8],"rotation":{"angle":-45,"axis":"y","origin":[8,20,8]},"faces":{"north":{"uv":[0,0,16,16],"texture":"#2","tintindex":0},"south":{"uv":[0,0,16,16],"texture":"#2","tintindex":0}}},{"from":[0,0,7],"to":[16,16,7],"rotation":{"angle":45,"axis":"y","origin":[8,8,7]},"faces":{"north":{"uv":[16,0,0,16],"texture":"#2","tintindex":0},"south":{"uv":[16,0,0,16],"texture":"#2","tintindex":0}}},{"from":[0,0,7],"to":[16,16,7],"rotation":{"angle":-45,"axis":"y","origin":[8,8,7]},"faces":{"north":{"uv":[16,0,0,16],"texture":"#2","tintindex":0},"south":{"uv":[16,0,0,16],"texture":"#2","tintindex":0}}},{"from":[0,12,8],"to":[16,28,8],"rotation":{"angle":-45,"axis":"y","origin":[8,20,8]},"faces":{"north":{"uv":[0,0,16,16],"texture":"#2","tintindex":0},"south":{"uv":[0,0,16,16],"texture":"#2","tintindex":0}}}],"display":{"gui":{"rotation":[30,45,0],"translation":[0,1,0],"scale":[0.42,0.42,0.42]},"head":{"translation":[0,34,0],"scale":[2.2857,2.2857,2.2857]}}}