{"credit":"Made with Blockbench","texture_size":[32,32],"textures":{"0":"custom/cosmetics/badger/rake","particle":"custom/cosmetics/badger/rake"},"elements":[{"from":[7,0,7],"to":[9,24,9],"faces":{"north":{"uv":[1,0,0,12],"texture":"#0"},"east":{"uv":[0,0,1,12],"texture":"#0"},"south":{"uv":[1,0,0,12],"texture":"#0"},"west":{"uv":[0,0,1,12],"texture":"#0"},"up":{"uv":[0,0,1,1],"texture":"#0"},"down":{"uv":[0,11,1,12],"texture":"#0"}}},{"from":[6.85,-0.15,6.85],"to":[9.15,24.15,9.15],"faces":{"north":{"uv":[2,0,1,12],"texture":"#0","tintindex":0},"east":{"uv":[1,0,2,12],"texture":"#0","tintindex":0},"south":{"uv":[2,0,1,12],"texture":"#0","tintindex":0},"west":{"uv":[1,0,2,12],"texture":"#0","tintindex":0}}},{"from":[0,-1,8],"to":[16,0,12],"faces":{"north":{"uv":[0,12,8,12.5],"texture":"#0"},"east":{"uv":[0,12,0.5,14],"rotation":90,"texture":"#0"},"west":{"uv":[8,14,7.5,12],"rotation":90,"texture":"#0"},"down":{"uv":[0,12,8,14],"rotation":180,"texture":"#0"}}},{"name":"cube inverted","from":[16,0,12],"to":[0,-1,8],"faces":{"east":{"uv":[7.5,14,8,12],"rotation":90,"texture":"#0"},"south":{"uv":[0,12.5,8,12],"texture":"#0"},"west":{"uv":[0.5,12,0,14],"rotation":90,"texture":"#0"},"up":{"uv":[8,12,0,14],"rotation":180,"texture":"#0"}}},{"name":"cube inverted","from":[9.15,24.15,9.15],"to":[6.85,-0.15,6.85],"faces":{"north":{"uv":[2,12,1,0],"texture":"#0","tintindex":0},"east":{"uv":[1,12,2,0],"texture":"#0","tintindex":0},"south":{"uv":[2,12,1,0],"texture":"#0","tintindex":0},"west":{"uv":[1,12,2,0],"texture":"#0","tintindex":0}}}],"display":{"thirdperson_righthand":{"rotation":[137.0,4.0,-11.0],"translation":[-2.40625,0.109375,-1.484375],"scale":[0.9375,0.9375,0.9375]},"thirdperson_lefthand":{"rotation":[137,-4,11],"translation":[0.5,0.25,-2.25]},"firstperson_righthand":{"translation":[32,0,0],"scale":[0,0,0]},"firstperson_lefthand":{"translation":[32,0,0],"scale":[0,0,0]},"gui":{"rotation":[-59,151,41],"translation":[0,-0.75,0],"scale":[0.69,0.69,0.69]}}}