{"credit":"Made with Blockbench","texture_size":[32,32],"textures":{"0":"custom/cosmetics/badger/shield_cross","particle":"custom/cosmetics/badger/shield_cross"},"elements":[{"from":[1,0,9],"to":[15,13,11],"faces":{"north":{"uv":[3.5,0,10.5,6.5],"texture":"#0"},"east":{"uv":[3.5,0,4,6.5],"texture":"#0"},"south":{"uv":[3.5,0,10.5,6.5],"texture":"#0"},"west":{"uv":[3.5,0,4,6.5],"texture":"#0"},"up":{"uv":[3.5,0,10.5,0.5],"texture":"#0"},"down":{"uv":[3.5,6,10.5,6.5],"texture":"#0"}}},{"from":[3,-3,9],"to":[13,0,11],"faces":{"north":{"uv":[4.5,6.5,9.5,8],"texture":"#0"},"east":{"uv":[4.5,6.5,5,8],"texture":"#0"},"south":{"uv":[4.5,6.5,9.5,8],"texture":"#0"},"west":{"uv":[4.5,6.5,5,8],"texture":"#0"},"down":{"uv":[4.5,7.5,9.5,8],"texture":"#0"}}},{"from":[-3.50736,12.23528,11.5],"to":[26.49264,15.23528,11.5],"rotation":{"angle":-45,"axis":"z","origin":[1.74264,10.73528,11.5]},"faces":{"north":{"uv":[2,0,3.5,16],"rotation":270,"texture":"#0"},"south":{"uv":[2,0,3.5,16],"rotation":90,"texture":"#0"}}},{"from":[-5.50736,10.23528,10],"to":[-3.50736,17.23528,13],"rotation":{"angle":-45,"axis":"z","origin":[1.74264,10.73528,11.5]},"faces":{"north":{"uv":[10.5,1.5,14,2.5],"rotation":270,"texture":"#0"},"east":{"uv":[10.5,0,14,1.5],"rotation":90,"texture":"#0"},"south":{"uv":[10.5,1.5,14,2.5],"rotation":90,"texture":"#0"},"west":{"uv":[10.5,2,14,2.5],"rotation":90,"texture":"#0"},"up":{"uv":[14,0,15.5,1],"rotation":90,"texture":"#0"},"down":{"uv":[14,0,15.5,1],"rotation":90,"texture":"#0"}}},{"from":[-10.50736,12.73528,10.5],"to":[-5.50736,14.73528,12.5],"rotation":{"angle":-45,"axis":"z","origin":[1.74264,10.73528,11.5]},"faces":{"north":{"uv":[10.5,4,11.5,6.5],"rotation":270,"texture":"#0","tintindex":0},"south":{"uv":[10.5,4,11.5,6.5],"rotation":90,"texture":"#0","tintindex":0},"up":{"uv":[10.5,4,11.5,6.5],"rotation":90,"texture":"#0","tintindex":0},"down":{"uv":[10.5,4,11.5,6.5],"rotation":90,"texture":"#0","tintindex":0}}},{"from":[-13.50736,12.23528,10],"to":[-10.50736,15.23528,13],"rotation":{"angle":-45,"axis":"z","origin":[1.74264,10.73528,11.5]},"faces":{"north":{"uv":[10.5,2.5,12,4],"rotation":270,"texture":"#0"},"east":{"uv":[12,4,13.5,5.5],"rotation":180,"texture":"#0"},"south":{"uv":[12,2.5,10.5,4],"rotation":90,"texture":"#0"},"west":{"uv":[12,2.5,13.5,4],"rotation":180,"texture":"#0"},"up":{"uv":[12,2.5,13.5,4],"rotation":90,"texture":"#0"},"down":{"uv":[12,4,13.5,5.5],"rotation":90,"texture":"#0"}}},{"from":[10,8,10],"to":[12,29,12],"rotation":{"angle":-45,"axis":"z","origin":[9,11.41667,1]},"faces":{"north":{"uv":[1,0,0,11],"texture":"#0"},"east":{"uv":[0,0,1,11],"texture":"#0"},"south":{"uv":[1,0,0,11],"texture":"#0"},"west":{"uv":[0,0,1,11],"texture":"#0"},"up":{"uv":[0,0,1,1],"texture":"#0"},"down":{"uv":[0,15,0.5,15.5],"texture":"#0"}}},{"from":[9.9,-8.1,9.9],"to":[12.1,24.1,12.1],"rotation":{"angle":-45,"axis":"z","origin":[9,11.41667,1]},"faces":{"north":{"uv":[2,0,1,16],"texture":"#0","tintindex":0},"east":{"uv":[1,0,2,16],"texture":"#0","tintindex":0},"south":{"uv":[2,0,1,16],"texture":"#0","tintindex":0},"west":{"uv":[1,0,2,16],"texture":"#0","tintindex":0}}},{"name":"cube inverted","from":[12.1,24.1,12.1],"to":[9.9,-8.1,9.9],"rotation":{"angle":-45,"axis":"z","origin":[9,11.41667,1]},"faces":{"north":{"uv":[2,16,1,0],"texture":"#0","tintindex":0},"east":{"uv":[1,16,2,0],"texture":"#0","tintindex":0},"south":{"uv":[2,16,1,0],"texture":"#0","tintindex":0},"west":{"uv":[1,16,2,0],"texture":"#0","tintindex":0}}},{"from":[9,21,9.5],"to":[13,25,12.5],"rotation":{"angle":-45,"axis":"z","origin":[9,11.41667,1]},"faces":{"north":{"uv":[11.5,5.5,13.5,7.5],"texture":"#0"},"east":{"uv":[13.5,5.5,15,7.5],"texture":"#0"},"south":{"uv":[11.5,5.5,13.5,7.5],"texture":"#0"},"west":{"uv":[13.5,5.5,15,7.5],"texture":"#0"},"up":{"uv":[13.5,4,15.5,5.5],"texture":"#0"},"down":{"uv":[12,2.5,13.5,4],"rotation":90,"texture":"#0"}}},{"from":[4,17,11],"to":[18,29,11],"rotation":{"angle":-45,"axis":"z","origin":[9,11.41667,1]},"faces":{"north":{"uv":[3.5,8,10.5,14],"texture":"#0"},"south":{"uv":[3.5,8,10.5,14],"texture":"#0"}}},{"from":[10,-8,10],"to":[12,8,12],"rotation":{"angle":-45,"axis":"z","origin":[9,11.41667,1]},"faces":{"north":{"uv":[0,8,1,16],"texture":"#0"},"east":{"uv":[1,8,0,16],"texture":"#0"},"south":{"uv":[0,8,1,16],"texture":"#0"},"west":{"uv":[1,8,0,16],"texture":"#0"},"down":{"uv":[0,15,0.5,15.5],"texture":"#0"}}},{"from":[5,2,8.75],"to":[11,8,8.75],"faces":{"north":{"uv":[10.5,7.5,13.5,10.5],"texture":"#0","tintindex":0}}}],"gui_light":"front","display":{"gui":{"rotation":[0,-180,0],"translation":[0.25,-1,0],"scale":[0.44,0.44,0.44]},"head":{"rotation":[7,-180,0],"translation":[0,-46,10.25],"scale":[1.6,1.6,1.6]},"thirdperson_righthand":{"rotation":[97.0,-180,0],"translation":[-1.0,-8.40625,18.849998],"scale":[1.0,1.0,1.0]}},"groups":[0,1,{"name":"group","origin":[0,0,0],"color":0,"children":[2,3,4,5]},{"name":"group","origin":[0,0,0],"color":0,"children":[6,7,8,9,10,11]},12]}