{"credit":"Made with Blockbench","texture_size":[32,32],"textures":{"0":"custom/cosmetics/badger/snail_eyes","particle":"custom/cosmetics/badger/snail_eyes"},"elements":[{"from":[4,8,12],"to":[-2,2,6],"rotation":{"angle":22.5,"axis":"z","origin":[3,5,10.5]},"faces":{"north":{"uv":[0,3,3,6],"rotation":180,"texture":"#0"},"east":{"uv":[0,0,3,3],"rotation":180,"texture":"#0"},"south":{"uv":[0,0,3,3],"rotation":180,"texture":"#0"},"west":{"uv":[3,0,0,3],"rotation":180,"texture":"#0"},"up":{"uv":[3,3,6,6],"rotation":180,"texture":"#0"},"down":{"uv":[3,0,6,3],"texture":"#0"}}},{"from":[-2,2,12],"to":[4,8,12],"rotation":{"angle":22.5,"axis":"z","origin":[3,5,10.5]},"faces":{"south":{"uv":[6,0,9,3],"texture":"#0","tintindex":0}}},{"from":[-2,8,6],"to":[4,8,12],"rotation":{"angle":22.5,"axis":"z","origin":[3,5,10.5]},"faces":{"north":{"uv":[0,0,3,0],"texture":"#missing","tintindex":0},"east":{"uv":[0,0,3,0],"texture":"#missing","tintindex":0},"south":{"uv":[0,0,3,0],"texture":"#missing","tintindex":0},"west":{"uv":[0,0,3,0],"texture":"#missing","tintindex":0},"up":{"uv":[9,0,12,3],"rotation":180,"texture":"#0","tintindex":0}}},{"from":[-2,2,6],"to":[-2,8,12],"rotation":{"angle":22.5,"axis":"z","origin":[3,5,10.5]},"faces":{"west":{"uv":[15,0,12,3],"texture":"#0","tintindex":0}}},{"from":[4,2,6],"to":[4,8,12],"rotation":{"angle":22.5,"axis":"z","origin":[3,5,10.5]},"faces":{"east":{"uv":[12,0,15,3],"texture":"#0","tintindex":0}}},{"from":[-2,2,6],"to":[4,2,12],"rotation":{"angle":22.5,"axis":"z","origin":[3,5,10.5]},"faces":{"north":{"uv":[0,0,3,0],"texture":"#missing","tintindex":0},"east":{"uv":[0,0,3,0],"texture":"#missing","tintindex":0},"south":{"uv":[0,0,3,0],"texture":"#missing","tintindex":0},"west":{"uv":[0,0,3,0],"texture":"#missing","tintindex":0},"down":{"uv":[6,6,9,3],"rotation":180,"texture":"#0","tintindex":0}}},{"from":[18,8,12],"to":[12,2,6],"rotation":{"angle":-22.5,"axis":"z","origin":[13,5,10.5]},"faces":{"north":{"uv":[3,3,0,6],"rotation":180,"texture":"#0"},"east":{"uv":[0,0,3,3],"rotation":180,"texture":"#0"},"south":{"uv":[0,0,3,3],"rotation":180,"texture":"#0"},"west":{"uv":[3,0,0,3],"rotation":180,"texture":"#0"},"up":{"uv":[3,3,6,6],"rotation":180,"texture":"#0"},"down":{"uv":[3,0,6,3],"texture":"#0"}}},{"from":[12,2,12],"to":[18,8,12],"rotation":{"angle":-22.5,"axis":"z","origin":[13,5,10.5]},"faces":{"south":{"uv":[9,0,6,3],"texture":"#0","tintindex":0}}},{"from":[12,2,10],"to":[18,8,10],"rotation":{"angle":-22.5,"axis":"z","origin":[13,5,9.5]},"faces":{"north":{"uv":[9,3,12,6],"texture":"#0","tintindex":0}}},{"from":[-2,2,10],"to":[4,8,10],"rotation":{"angle":22.5,"axis":"z","origin":[3,5,9.5]},"faces":{"north":{"uv":[9,3,12,6],"texture":"#0","tintindex":0}}},{"from":[-2,2,9.5],"to":[4,8,9.5],"rotation":{"angle":22.5,"axis":"z","origin":[3,5,9.5]},"faces":{"north":{"uv":[11.5,3,14.5,6],"texture":"#0","tintindex":0}}},{"from":[12,2,9.5],"to":[18,8,9.5],"rotation":{"angle":-22.5,"axis":"z","origin":[13,5,9.5]},"faces":{"north":{"uv":[14.5,3,11.5,6],"texture":"#0","tintindex":0}}},{"from":[12,8,6],"to":[18,8,12],"rotation":{"angle":-22.5,"axis":"z","origin":[13,5,10.5]},"faces":{"north":{"uv":[3,0,0,0],"texture":"#missing","tintindex":0},"east":{"uv":[3,0,0,0],"texture":"#missing","tintindex":0},"south":{"uv":[3,0,0,0],"texture":"#missing","tintindex":0},"west":{"uv":[3,0,0,0],"texture":"#missing","tintindex":0},"up":{"uv":[12,0,9,3],"rotation":180,"texture":"#0","tintindex":0}}},{"from":[18,2,6],"to":[18,8,12],"rotation":{"angle":-22.5,"axis":"z","origin":[13,5,10.5]},"faces":{"east":{"uv":[12,0,15,3],"texture":"#0","tintindex":0}}},{"from":[12,2,6],"to":[12,8,12],"rotation":{"angle":-22.5,"axis":"z","origin":[13,5,10.5]},"faces":{"west":{"uv":[15,0,12,3],"texture":"#0","tintindex":0}}},{"from":[12,2,6],"to":[18,2,12],"rotation":{"angle":-22.5,"axis":"z","origin":[13,5,10.5]},"faces":{"north":{"uv":[3,0,0,0],"texture":"#missing","tintindex":0},"east":{"uv":[3,0,0,0],"texture":"#missing","tintindex":0},"south":{"uv":[3,0,0,0],"texture":"#missing","tintindex":0},"west":{"uv":[3,0,0,0],"texture":"#missing","tintindex":0},"down":{"uv":[9,6,6,3],"rotation":180,"texture":"#0","tintindex":0}}},{"from":[1.65,-10.575,9],"to":[3.65,0.425,11],"rotation":{"angle":22.5,"axis":"z","origin":[0,0,0]},"faces":{"north":{"uv":[15,0,16,5.5],"texture":"#0","tintindex":0},"east":{"uv":[16,0,15,5.5],"texture":"#0","tintindex":0},"south":{"uv":[15,0,16,5.5],"texture":"#0","tintindex":0},"west":{"uv":[16,0,15,5.5],"texture":"#0","tintindex":0},"down":{"uv":[15,0,16,1],"texture":"#0","tintindex":0}}},{"from":[12.35,-10.575,9],"to":[14.35,0.425,11],"rotation":{"angle":-22.5,"axis":"z","origin":[16,0,0]},"faces":{"north":{"uv":[16,0,15,5.5],"texture":"#0","tintindex":0},"east":{"uv":[15,0,16,5.5],"texture":"#0","tintindex":0},"south":{"uv":[16,0,15,5.5],"texture":"#0","tintindex":0},"west":{"uv":[15,0,16,5.5],"texture":"#0","tintindex":0},"down":{"uv":[16,0,15,1],"texture":"#0","tintindex":0}}},{"from":[15,4,9],"to":[16,5,9],"rotation":{"angle":-22.5,"axis":"z","origin":[15.5,4.5,9]},"faces":{"north":{"uv":[3.5,3.5,4,4],"texture":"#0"}}},{"from":[1,4,9],"to":[2,5,9],"rotation":{"angle":22.5,"axis":"z","origin":[0.5,4.5,9]},"faces":{"north":{"uv":[4,3.5,3.5,4],"texture":"#0"}}}],"display":{"ground":{"translation":[0,12.75,0],"scale":[0.6,0.6,0.6]},"gui":{"rotation":[23,150,0],"translation":[-0.25,4.25,0],"scale":[0.66,0.66,0.66]},"head":{"rotation":[-22,0,0],"translation":[0,22.25,-14],"scale":[1.4,1.4,1.4]},"thirdperson_righthand":{"rotation":[68.0,0,0],"translation":[-1.0,6.75,26.78711],"scale":[0.8203125,0.8203125,0.8203125]}},"groups":[{"name":"group","origin":[0,16,0],"color":0,"children":[0,1,2,3,4,5]},{"name":"group","origin":[0,16,0],"color":0,"children":[6,7,8,9,10,11,12,13,14,15]},16,17,18,19]}