{"credit":"Made with Blockbench","texture_size":[32,32],"textures":{"0":"custom/cosmetics/badger/snail_shell","particle":"custom/cosmetics/badger/snail_shell"},"elements":[{"from":[3,0,0],"to":[13,15,14],"faces":{"north":{"uv":[0,8.5,5,16],"texture":"#0","tintindex":0},"east":{"uv":[6.5,8.5,13.5,16],"texture":"#0","tintindex":0},"south":{"uv":[0,8.5,5,16],"texture":"#0","tintindex":0},"west":{"uv":[13.5,8.5,6.5,16],"texture":"#0","tintindex":0},"up":{"uv":[0,0,5,7],"texture":"#0","tintindex":0},"down":{"uv":[5.5,2.5,12.5,7.5],"rotation":90,"texture":"#0","tintindex":0}}},{"from":[3,0,-4],"to":[13,3,0],"faces":{"north":{"uv":[10,0,15,1.5],"texture":"#0","tintindex":0},"east":{"uv":[13.5,8,15.5,9.5],"texture":"#0","tintindex":0},"west":{"uv":[13.5,8,15.5,9.5],"texture":"#0","tintindex":0},"up":{"uv":[5,0,10,2],"rotation":180,"texture":"#0","tintindex":0},"down":{"uv":[13.5,2.5,15.5,7.5],"rotation":90,"texture":"#0","tintindex":0}}}],"display":{"thirdperson_righthand":{"rotation":[188,0,0],"translation":[-1,-10.90625,11.6625]},"gui":{"rotation":[28,131,0],"translation":[1,0.25,0],"scale":[0.64,0.64,0.64]},"head":{"rotation":[98,0,0],"translation":[0,-57.5,14.25],"scale":[1.6,1.6,1.6]}}}