{
  "providers": [
    {
      "type": "reference",
      "id": "minecraft:include/space"
    },
    {
      "type": "reference",
      "id": "minecraft:include/default"
    },
    {
      "type": "bitmap",
      "file": "magmanetwork:font/wildfire.png",
      "ascent": 2,
      "height": 42,
      "chars": ["ꍩ"]
    },
    {
      "type": "bitmap",
      "file": "magmanetwork:ui/wildfire.png",
      "ascent": 19,
      "height": 256,
      "chars":["숰"]
    },
    {
      "type": "bitmap",
      "file": "magmanetwork:ui/profile.png",
      "ascent": 19,
      "height": 256,
      "chars":["쇉"]
    },
    {
      "type": "bitmap",
      "file": "magmanetwork:ui/password.png",
      "ascent": 13,
      "height": 256,
      "chars":["솙"]
    },
    {
      "type": "bitmap",
      "file": "magmanetwork:ui_dark/wildfire.png",
      "ascent": 19,
      "height": 256,
      "chars":["숱"]
    },
    {
      "type": "bitmap",
      "file": "magmanetwork:ui/profile.png",
      "ascent": 19,
      "height": 256,
      "chars":["ꎂ"]
    },
    {
      "type": "bitmap",
      "file": "magmanetwork:ui_dark/password.png",
      "ascent": 13,
      "height": 256,
      "chars":["ꎅ"]
    },
    {
      "type": "space",
      "advances":{
       "": -8
      }
    },
    {
       "type": "space",
       "advances":{
        "": -60
      }
    }
  ]
}
