{
  "providers": [
    {
      "type": "bitmap",
      "file": "magmanetwork:font/wildfire.png",
      "ascent": 2,
      "height": 42,
      "chars": ["ꍩ"]
    },
    {
      "type": "bitmap",
      "file": "magmanetwork:ui/wildfire.png",
      "ascent": 19,
      "height": 256,
      "chars":["숰"]
    },
    {
      "type": "bitmap",
      "file": "magmanetwork:ui/profile.png",
      "ascent": 19,
      "height": 256,
      "chars":["쇉"]
    },
    {
      "type": "space",
      "advances":{
       "": -8
      }
    }
  ]
}
