{"elements":[{"from":[-2,-7,8],"to":[18,16,8],"shade":false,"rotation":{"angle":45,"axis":"y","origin":[8,4.5,8]},"faces":{"north":{"uv":[0,0,8,11.5],"texture":"#0","tintindex":0},"south":{"uv":[0,0,8,11.5],"texture":"#0","tintindex":0}}},{"from":[-2,-7,8],"to":[18,16,8],"shade":false,"rotation":{"angle":-45,"axis":"y","origin":[8,4.5,8]},"faces":{"north":{"uv":[0,0,8,11.5],"texture":"#0","tintindex":0},"south":{"uv":[0,0,8,11.5],"texture":"#0","tintindex":0}}}],"texture_size":[32,32],"textures":{"0":"block/sugar_cane","particle":"block/sugar_cane"}}