{"elements":[{"from":[15.2,-8,0],"to":[15.2,16,16],"shade":false,"faces":{"east":{"uv":[0,0,8,12],"texture":"#0","tintindex":0},"west":{"uv":[0,0,8,12],"texture":"#0","tintindex":0}}},{"from":[0,-8,15.2],"to":[16,16,15.2],"shade":false,"faces":{"north":{"uv":[0,0,8,12],"texture":"#0","tintindex":0},"south":{"uv":[0,0,8,12],"texture":"#0","tintindex":0}}},{"from":[0,-8,0.8],"to":[16,16,0.8],"shade":false,"faces":{"north":{"uv":[0,0,8,12],"texture":"#0","tintindex":0},"south":{"uv":[0,0,8,12],"texture":"#0","tintindex":0}}}],"ambientocclusion":false,"textures":{"0":"block/vinecustom","particle":"block/vine"}}